invoice_id,invoice_code,invoice_date,due_date,invoice_status,po_number,customer_id,customer_code,customer_name,customer_category_code,customer_category,division_id,division_code,division_name,invoice_sub_total,invoice_discount_amount,invoice_tax_amount,invoice_pph_amount,invoice_amount,total_paid_amount_receipts_raw,total_paid_amount_allocated_raw,receipt_allocation_difference,outstanding_amount_receipt_basis,overpaid_amount_receipt_basis,collection_rate_pct_receipt_basis,first_payment_date,last_payment_date,first_deposit_date,last_deposit_date,days_to_first_payment,days_to_full_payment,days_late_at_full_payment,days_overdue_current,is_overdue,collection_status_receipt_basis,receipt_count,payment_method_count,payment_method_codes,payment_methods,receipt_statuses,settlement_statuses,payment_receipt_batch_count,payment_receipt_statuses,allocated_item_count,allocated_receipt_count,allocated_payment_method_count,allocated_payment_method_types,analysis_as_of_date,invoice_status_norm,customer_category_norm,invoice_amount_clean,paid_raw_clean,settled_amount_eda,outstanding_eda,overpaid_eda,fully_paid_flag_eda,is_overdue_eda,overdue_outstanding_eda,exception_type,aging_bucket,market_scope,paid_late_flag_eda
019bd94f-9266-73ef-bab3-64e047754d72,CJFU2601200004,2026-01-20 07:00:00.000,2026-01-21 21:49:00.000,paid,,019b8de1-c6b8-75ba-9064-6c6cdbdc107f,INS0040,Polres Cianjur,INSTANSI,INSTANSI,019490f2-0002-7000-8000-123456789002,CNJ,Cipta Cianjur,1342000.0,0.0,0.0,0.0,1342000.0,1224977.6,0.0,1224977.6,117022.4,0.0,91.28,2026-01-30 21:04:00,2026-01-30 21:04:00,,,10.0,,0,255,True,Partially Paid - Overdue,1,1,CNJ-BCA,BCA 2201,paid,ENTRY,0,,0,0,0,,2026-10-03 07:00:00,paid,INSTANSI,1342000.0,1224977.6,1224977.6,117022.3999999999,0.0,False,True,117022.3999999999,Invoice status PAID but still outstanding,,,
019bde2a-99d1-70fa-a5b5-bbc114fd51e0,OLMR2601210002,2026-01-21 07:00:00.000,2026-01-21 23:24:00.000,paid,,019bde28-dc12-76f8-b2cb-c71aa468a4d0,EDU000001,SMK Industri Mandiri,SEKOLAH,SEKOLAH,019ab8e3-cb41-7087-92ab-c7596e6780f4,OL,Cipta Online,300000.0,0.0,0.0,0.0,300000.0,240000.0,0.0,240000.0,60000.0,0.0,80.0,2026-01-21 14:21:00,2026-01-21 14:21:00,,,0.0,,0,255,True,Partially Paid - Overdue,1,1,OL-FDL,BCA Online,paid,ENTRY,0,,0,0,0,,2026-10-03 07:00:00,paid,SEKOLAH,300000.0,240000.0,240000.0,60000.0,0.0,False,True,60000.0,Invoice status PAID but still outstanding,,,
019be9ff-dac0-7516-9511-8a9fdf948597,OLLS2601230003,2026-01-23 07:00:00.000,2026-01-24 13:31:00.000,paid,,019b8dd4-9b00-7257-854c-2fce2be975d9,USR0287,Nurul (Nurul),EU,END USER,019ab8e3-cb41-7087-92ab-c7596e6780f4,OL,Cipta Online,104000.0,0.0,0.0,0.0,104000.0,94000.0,0.0,94000.0,10000.0,0.0,90.38,2026-01-23 15:58:00,2026-01-23 15:58:00,,,0.0,,0,252,True,Partially Paid - Overdue,1,1,OL-FDL,BCA Online,paid,ENTRY,0,,0,0,0,,2026-10-03 07:00:00,paid,END USER,104000.0,94000.0,94000.0,10000.0,0.0,False,True,10000.0,Invoice status PAID but still outstanding,,,
019bef39-47c0-7359-8f7a-96d8e88c6ff8,CGMP2601240015,2026-01-24 07:00:00.000,2026-01-25 13:55:00.000,paid,,019b9e33-a447-734c-a6fe-d4a22989b82a,EU4294,Anis Kusuma,EU,END USER,019490f2-0003-7000-8000-123456789003,CG,Cipta Digital,74000.0,0.0,0.0,0.0,74000.0,56000.0,0.0,56000.0,18000.0,0.0,75.68,2026-01-24 15:57:00,2026-01-24 15:57:00,,,0.0,,0,251,True,Partially Paid - Overdue,1,1,CG-CIB,Cash in Box,paid,ENTRY,0,,0,0,0,,2026-10-03 07:00:00,paid,END USER,74000.0,56000.0,56000.0,18000.0,0.0,False,True,18000.0,Invoice status PAID but still outstanding,,,
019bef49-2ec2-7339-90ec-503b12bbfdde,OLDA2601240002,2026-01-24 07:00:00.000,2026-01-26 04:14:00.000,paid,,019b8dd4-9af9-74d8-b77e-3fbb3c00c9b3,UMK0043,Dapur Sedep,UMKM,UMKM,019ab8e3-cb41-7087-92ab-c7596e6780f4,OL,Cipta Online,484020.0,0.0,0.0,0.0,484020.0,484000.0,0.0,484000.0,20.0,0.0,100.0,2026-01-25 08:51:00,2026-01-25 13:41:00,,,1.0,,0,250,True,Partially Paid - Overdue,2,1,OL-FDL,BCA Online,paid,ENTRY,0,,0,0,0,,2026-10-03 07:00:00,paid,UMKM,484020.0,484000.0,484000.0,20.0,0.0,False,True,20.0,Invoice status PAID but still outstanding,,,
019bf504-2a7e-76f7-ab84-d65d599af7b0,CJYR2601250016,2026-01-25 07:00:00.000,2026-01-26 16:57:00.000,paid,,019bd602-d368-73f6-9341-7714a696c953,USR000005,Asep Nurjaman,EU,END USER,019490f2-0002-7000-8000-123456789002,CNJ,Cipta Cianjur,65000.0,0.0,0.0,0.0,65000.0,60000.0,0.0,60000.0,5000.0,0.0,92.31,2026-01-25 19:10:00,2026-01-25 19:10:00,,,0.0,,0,250,True,Partially Paid - Overdue,1,1,CNJ-CIB,Cash in Box,paid,ENTRY,0,,0,0,0,,2026-10-03 07:00:00,paid,END USER,65000.0,60000.0,60000.0,5000.0,0.0,False,True,5000.0,Invoice status PAID but still outstanding,,,
019bf80c-105b-712a-960a-53d6f19c84c0,CGMP2601260002,2026-01-26 07:00:00.000,2026-01-27 00:03:00.000,paid,,019bf80b-ac60-7040-9bed-ad3a0a0e339c,INS000019,Ayu Jeniery,INSTANSI,INSTANSI,019490f2-0003-7000-8000-123456789003,CG,Cipta Digital,60000.0,0.0,0.0,0.0,60000.0,55000.0,0.0,55000.0,5000.0,0.0,91.67,2026-01-26 09:05:00,2026-01-26 09:05:00,,,0.0,,0,249,True,Partially Paid - Overdue,1,1,CG-QRIS,QRIS BCA,paid,ENTRY,0,,0,0,0,,2026-10-03 07:00:00,paid,INSTANSI,60000.0,55000.0,55000.0,5000.0,0.0,False,True,5000.0,Invoice status PAID but still outstanding,,,
019c02d9-fe6e-775b-b6d5-bd3fc41da65e,CGMR2601280001,2026-01-28 07:00:00.000,2026-01-29 02:25:00.000,paid,,019b9e33-a447-734c-a6ff-6956dee555fa,EU4331,Novi Sandi,EU,END USER,019490f2-0003-7000-8000-123456789003,CG,Cipta Digital,38500.0,0.0,0.0,0.0,38500.0,35000.0,0.0,35000.0,3500.0,0.0,90.91,2026-01-28 11:26:00,2026-01-28 11:26:00,,,0.0,,0,247,True,Partially Paid - Overdue,1,1,CG-QRIS,QRIS BCA,paid,ENTRY,0,,0,0,0,,2026-10-03 07:00:00,paid,END USER,38500.0,35000.0,35000.0,3500.0,0.0,False,True,3500.0,Invoice status PAID but still outstanding,,,
019c03d8-1781-70e7-bf4f-04b564814a6c,CGMP2601280014,2026-01-28 07:00:00.000,2026-01-29 07:02:00.000,paid,,019b9e2e-816b-7217-910e-f7631dc29b9c,EU1203,Kurniawan Dwiguna,EU,END USER,019490f2-0003-7000-8000-123456789003,CG,Cipta Digital,110000.0,0.0,0.0,0.0,110000.0,60000.0,0.0,60000.0,50000.0,0.0,54.55,2026-01-29 09:26:00,2026-01-29 09:26:00,,,1.0,,0,247,True,Partially Paid - Overdue,1,1,CG-QRIS,QRIS BCA,paid,ENTRY,0,,0,0,0,,2026-10-03 07:00:00,paid,END USER,110000.0,60000.0,60000.0,50000.0,0.0,False,True,50000.0,Invoice status PAID but still outstanding,,,
019c09db-a8af-74aa-afb5-84dde4b46077,CJYR2601290018,2026-01-29 07:00:00.000,2026-01-30 11:04:00.000,paid,,019b8de1-c6ba-72a9-8e2c-fb392ca2d471,UMK0392,Yana (Yana),UMKM,UMKM,019490f2-0002-7000-8000-123456789002,CNJ,Cipta Cianjur,120000.0,0.0,0.0,0.0,120000.0,100000.0,0.0,100000.0,20000.0,0.0,83.33,2026-01-29 20:06:00,2026-01-29 20:06:00,,,0.0,,0,246,True,Partially Paid - Overdue,1,1,CNJ-BCA,BCA 2201,paid,ENTRY,0,,0,0,0,,2026-10-03 07:00:00,paid,UMKM,120000.0,100000.0,100000.0,20000.0,0.0,False,True,20000.0,Invoice status PAID but still outstanding,,,
019c0c86-696a-7608-87c4-00ecf2e95ea2,CGRD2601300002,2026-01-30 07:00:00.000,2026-01-30 23:29:00.000,paid,,019b9e31-6b76-745e-a2f1-f67ce0f629a2,EU2717,Abdul Kholik,EU,END USER,019490f2-0003-7000-8000-123456789003,CG,Cipta Digital,175000.0,0.0,0.0,0.0,175000.0,150000.0,0.0,150000.0,25000.0,0.0,85.71,2026-01-30 08:35:00,2026-01-30 08:35:00,,,0.0,,0,246,True,Partially Paid - Overdue,1,1,CG-JZM,BCA Jazmi Hamzah,paid,ENTRY,0,,0,0,0,,2026-10-03 07:00:00,paid,END USER,175000.0,150000.0,150000.0,25000.0,0.0,False,True,25000.0,Invoice status PAID but still outstanding,,,
019c0eed-7d3d-75cf-a61b-8ac09933a3ef,CGMP2601300027,2026-01-30 07:00:00.000,2026-01-31 10:42:00.000,paid,,019b9e35-f781-7188-acfc-774fecd700de,EU4891,Dayat UBP,EU,END USER,019490f2-0003-7000-8000-123456789003,CG,Cipta Digital,12000.0,0.0,0.0,0.0,12000.0,8000.0,0.0,8000.0,4000.0,0.0,66.67,2026-01-30 20:02:00,2026-01-30 20:02:00,,,0.0,,0,245,True,Partially Paid - Overdue,1,1,CG-CIB,Cash in Box,paid,ENTRY,0,,0,0,0,,2026-10-03 07:00:00,paid,END USER,12000.0,8000.0,8000.0,4000.0,0.0,False,True,4000.0,Invoice status PAID but still outstanding,,,
019c17d9-17eb-707f-b122-bdeafa2334b8,OLAM2602010001,2026-02-01 07:00:00.000,2026-02-02 11:15:00.000,paid,,019c17d8-74d3-7302-a728-c53f5877cbfa,USR000064,Diananda Puteri Khinanti,EU,END USER,019ab8e3-cb41-7087-92ab-c7596e6780f4,OL,Cipta Online,52004.0,0.0,0.0,0.0,52004.0,52000.0,0.0,52000.0,4.0,0.0,99.99,2026-02-02 07:53:00,2026-02-02 07:53:00,,,1.0,,0,243,True,Partially Paid - Overdue,1,1,OL-FDL,BCA Online,paid,ENTRY,0,,0,0,0,,2026-10-03 07:00:00,paid,END USER,52004.0,52000.0,52000.0,4.0,0.0,False,True,4.0,Invoice status PAID but still outstanding,,,
019c17fe-c1f0-720b-90b6-1e6d30a1f80e,CGMP2602010019,2026-02-01 07:00:00.000,2026-02-02 04:54:00.000,paid,,019c17fc-4cad-7379-8716-46a3dba1594d,CST51205604,Minus Reiwa,INSTANSI,INSTANSI,019490f2-0003-7000-8000-123456789003,CG,Cipta Digital,108000.0,0.0,0.0,0.0,108000.0,100000.0,0.0,100000.0,8000.0,0.0,92.59,2026-02-01 14:03:00,2026-02-01 14:03:00,,,0.0,,0,243,True,Partially Paid - Overdue,1,1,CG-JZM,BCA Jazmi Hamzah,paid,ENTRY,0,,0,0,0,,2026-10-03 07:00:00,paid,INSTANSI,108000.0,100000.0,100000.0,8000.0,0.0,False,True,8000.0,Invoice status PAID but still outstanding,,,
019c21cc-ce39-7728-ae86-9c3cd6abce87,CGSB2602030001,2026-02-03 07:00:00.000,2026-02-04 16:36:00.000,paid,,019c21ca-0c05-71b5-aff9-62d4b90971e1,CST74988839,Irham Maulana,UMKM,UMKM,019490f2-0003-7000-8000-123456789003,CG,Cipta Digital,342000.0,0.0,0.0,0.0,342000.0,268000.0,0.0,268000.0,74000.0,0.0,78.36,2026-02-03 11:53:00,2026-02-03 11:53:00,,,0.0,,0,241,True,Partially Paid - Overdue,1,1,CG-CIB,Cash in Box,paid,ENTRY,0,,0,0,0,,2026-10-03 07:00:00,paid,UMKM,342000.0,268000.0,268000.0,74000.0,0.0,False,True,74000.0,Invoice status PAID but still outstanding,,,
019c2b68-120f-74fa-955e-8e3a48be40ee,OLLS2602050001,2026-02-05 07:00:00.000,2026-02-05 23:24:00.000,paid,,019c2b67-84cf-70fe-8dab-5de3f3cece5d,USR000084,Nuri Nuryani,EU,END USER,019ab8e3-cb41-7087-92ab-c7596e6780f4,OL,Cipta Online,120010.0,0.0,0.0,0.0,120010.0,120000.0,0.0,120000.0,10.0,0.0,99.99,2026-02-05 09:15:00,2026-02-05 09:15:00,,,0.0,,0,240,True,Partially Paid - Overdue,1,1,OL-FDL,BCA Online,paid,ENTRY,0,,0,0,0,,2026-10-03 07:00:00,paid,END USER,120010.0,120000.0,120000.0,10.0,0.0,False,True,10.0,Invoice status PAID but still outstanding,,,
019c5154-368f-7728-b5e3-bdb4c86e4949,GRDN2602120008,2026-02-12 07:00:00.000,2026-02-13 08:08:00.000,paid,,019c5153-9598-757f-9941-bbc11bcffdc2,USR000030,Aril Ckm,EU,END USER,019490f2-0000-7000-8000-123456789000,GRH,Cipta Graha,42000.0,0.0,0.0,0.0,42000.0,28000.0,0.0,28000.0,14000.0,0.0,66.67,2026-02-12 17:11:00,2026-02-12 17:11:00,,,0.0,,0,232,True,Partially Paid - Overdue,1,1,GRH-CIB,Cash in Box,paid,ENTRY,0,,0,0,0,,2026-10-03 07:00:00,paid,END USER,42000.0,28000.0,28000.0,14000.0,0.0,False,True,14000.0,Invoice status PAID but still outstanding,,,
019c5b76-e8ef-72ba-bec7-1c4d945d6df0,CGRD2602140010,2026-02-14 07:00:00.000,2026-02-15 14:23:00.000,paid,,019c08c5-785d-771c-ad74-863b1927e9f2,USR000035,Apws Club,EU,END USER,019490f2-0003-7000-8000-123456789003,CG,Cipta Digital,52500.0,0.0,0.0,0.0,52500.0,42000.0,0.0,42000.0,10500.0,0.0,80.0,2026-02-14 16:31:00,2026-02-14 16:31:00,,,0.0,,0,230,True,Partially Paid - Overdue,1,1,CG-QRIS,QRIS BCA,paid,ENTRY,0,,0,0,0,,2026-10-03 07:00:00,paid,END USER,52500.0,42000.0,42000.0,10500.0,0.0,False,True,10500.0,Invoice status PAID but still outstanding,,,
019c662b-7324-700c-b2b7-862eae8f5943,PKFF2602160020,2026-02-16 07:00:00.000,2026-02-17 09:16:00.000,paid,,019b91a5-4e3f-733e-ad4d-51706d877e70,IND0112,Yoshinoya (Yoshinoya),INDUSTRI,INDUSTRI,019b8a09-0bf8-7497-98a0-86a53a78e02f,PWK,Cipta Purwakarta,10000.0,0.0,0.0,0.0,10000.0,0.0,0.0,0.0,10000.0,0.0,0.0,,,,,,,0,228,True,Unpaid - Overdue,0,0,,,,,0,,0,0,0,,2026-10-03 07:00:00,paid,INDUSTRI,10000.0,0.0,0.0,10000.0,0.0,False,True,10000.0,Invoice status PAID but still outstanding,,,
019c7476-79c2-725c-8dbd-925f2724370d,OLMR2602190002,2026-02-19 07:00:00.000,2026-02-20 03:50:00.000,paid,,019b8dd4-9b01-7266-b335-b5fcdeebfab0,USR0527,Athala (Athala),EU,END USER,019ab8e3-cb41-7087-92ab-c7596e6780f4,OL,Cipta Online,915000.0,50000.0,0.0,0.0,865000.0,850000.0,0.0,850000.0,15000.0,0.0,98.27,2026-02-20 08:16:00,2026-02-26 10:06:00,,,1.0,,0,225,True,Partially Paid - Overdue,2,1,OL-FDL,BCA Online,"dp, paid",ENTRY,0,,0,0,0,,2026-10-03 07:00:00,paid,END USER,865000.0,850000.0,850000.0,15000.0,0.0,False,True,15000.0,Invoice status PAID but still outstanding,,,
019c78d6-7957-7598-be9c-fae6bbccaa29,GLAR2602200003,2026-02-20 07:00:00.000,2026-02-21 00:16:00.000,paid,,019c78d6-01e0-76ac-ac7d-0ad36d392f71,USR000046,Ku Ripa,EU,END USER,019490f2-0001-7000-8000-123456789001,GLH,Cipta Galuh,65000.0,0.0,0.0,0.0,65000.0,50000.0,0.0,50000.0,15000.0,0.0,76.92,2026-02-20 09:18:00,2026-02-20 09:18:00,,,0.0,,0,224,True,Partially Paid - Overdue,1,1,GLH-775,BCA 775,paid,ENTRY,0,,0,0,0,,2026-10-03 07:00:00,paid,END USER,65000.0,50000.0,50000.0,15000.0,0.0,False,True,15000.0,Invoice status PAID but still outstanding,,,
019c79a2-4a57-739c-a75e-27619a24596f,CGAA2602200003,2026-02-20 07:00:00.000,2026-02-21 03:59:00.000,paid,,019b9dc5-25dc-7009-a0f8-7d57509f4df8,INS0018,Aditya K,INSTANSI,INSTANSI,019490f2-0003-7000-8000-123456789003,CG,Cipta Digital,50000.0,0.0,0.0,0.0,50000.0,35000.0,0.0,35000.0,15000.0,0.0,70.0,2026-02-21 10:56:00,2026-02-21 10:56:00,,,1.0,,0,224,True,Partially Paid - Overdue,1,1,CG-JZM,BCA Jazmi Hamzah,paid,ENTRY,0,,0,0,0,,2026-10-03 07:00:00,paid,INSTANSI,50000.0,35000.0,35000.0,15000.0,0.0,False,True,15000.0,Invoice status PAID but still outstanding,,,
019c7dfd-28b0-7705-913a-896780498989,CGAA2602210001,2026-02-21 07:00:00.000,2026-02-22 00:09:00.000,paid,,019c7df6-6a36-761e-bb27-aadec5985237,EDU000008,Iskandar Sulaeman,SEKOLAH,SEKOLAH,019490f2-0003-7000-8000-123456789003,CG,Cipta Digital,156000.0,0.0,0.0,0.0,156000.0,96000.0,0.0,96000.0,60000.0,0.0,61.54,2026-02-21 09:22:00,2026-02-21 09:22:00,,,0.0,,0,223,True,Partially Paid - Overdue,1,1,CG-JZM,BCA Jazmi Hamzah,paid,ENTRY,0,,0,0,0,,2026-10-03 07:00:00,paid,SEKOLAH,156000.0,96000.0,96000.0,60000.0,0.0,False,True,60000.0,Invoice status PAID but still outstanding,,,
019c8491-95e5-705d-99e8-52c898af96b9,GRRA2602220030,2026-02-22 07:00:00.000,2026-02-22 23:52:00.000,paid,,019c848d-da17-7298-95b3-9e8ea26aa652,USR000047,"Emas, Emas",EU,END USER,019490f2-0000-7000-8000-123456789000,GRH,Cipta Graha,300000.0,0.0,0.0,0.0,300000.0,250000.0,0.0,250000.0,50000.0,0.0,83.33,2026-03-26 11:46:00,2026-03-26 11:46:00,,,32.0,,0,223,True,Partially Paid - Overdue,1,1,GRH-CIB,Cash in Box,paid,ENTRY,0,,0,0,0,,2026-10-03 07:00:00,paid,END USER,300000.0,250000.0,250000.0,50000.0,0.0,False,True,50000.0,Invoice status PAID but still outstanding,,,
019c8f32-2f61-7589-9569-493914ee25f4,CGAA2602240003,2026-02-24 07:00:00.000,2026-02-25 08:28:00.000,paid,,019b9e35-f781-7188-acfc-774fecd700de,EU4891,Dayat UBP,EU,END USER,019490f2-0003-7000-8000-123456789003,CG,Cipta Digital,39500.0,0.0,0.0,0.0,39500.0,30000.0,0.0,30000.0,9500.0,0.0,75.95,2026-02-24 19:28:00,2026-02-24 19:28:00,,,0.0,,0,220,True,Partially Paid - Overdue,1,1,CG-CIB,Cash in Box,paid,ENTRY,0,,0,0,0,,2026-10-03 07:00:00,paid,END USER,39500.0,30000.0,30000.0,9500.0,0.0,False,True,9500.0,Invoice status PAID but still outstanding,,,
019c92b4-059a-7740-8e53-0f6696ecf2db,OLDA2602250001,2026-02-25 07:00:00.000,2026-02-26 00:48:00.000,paid,,019b8dd4-9b01-7266-b334-09a4c3be2dec,USR0420,David (David),EU,END USER,019ab8e3-cb41-7087-92ab-c7596e6780f4,OL,Cipta Online,85000.0,0.0,0.0,0.0,85000.0,70000.0,0.0,70000.0,15000.0,0.0,82.35,2026-02-25 10:01:00,2026-02-25 10:01:00,,,0.0,,0,219,True,Partially Paid - Overdue,1,1,OL-FDL,BCA Online,paid,ENTRY,0,,0,0,0,,2026-10-03 07:00:00,paid,END USER,85000.0,70000.0,70000.0,15000.0,0.0,False,True,15000.0,Invoice status PAID but still outstanding,,,
019c995d-f242-7289-95f4-149a0b85afaa,OLLS2602260002,2026-02-26 07:00:00.000,2026-02-27 07:45:00.000,paid,,019b8dd4-9b11-73ac-b56b-a541409d43a6,USR1935,Himawan (Himawan),EU,END USER,019ab8e3-cb41-7087-92ab-c7596e6780f4,OL,Cipta Online,135000.0,0.0,0.0,0.0,135000.0,115000.0,0.0,115000.0,20000.0,0.0,85.19,2026-02-27 08:29:00,2026-02-27 08:29:00,,,1.0,,0,218,True,Partially Paid - Overdue,1,1,OL-FDL,BCA Online,paid,ENTRY,0,,0,0,0,,2026-10-03 07:00:00,paid,END USER,135000.0,115000.0,115000.0,20000.0,0.0,False,True,20000.0,Invoice status PAID but still outstanding,,,
019c9dee-a630-71c9-a8bb-ba39c45d1e08,CGSB2602270004,2026-02-27 07:00:00.000,2026-02-28 05:08:00.000,paid,,019c8d8c-97f0-7458-80a9-e5a486376f56,UMK000241,Amel Erflog,UMKM,UMKM,019490f2-0003-7000-8000-123456789003,CG,Cipta Digital,28000.0,0.0,0.0,0.0,28000.0,17500.0,0.0,17500.0,10500.0,0.0,62.5,2026-02-27 15:04:00,2026-02-27 15:04:00,,,0.0,,0,217,True,Partially Paid - Overdue,1,1,CG-CIB,Cash in Box,paid,ENTRY,0,,0,0,0,,2026-10-03 07:00:00,paid,UMKM,28000.0,17500.0,17500.0,10500.0,0.0,False,True,10500.0,Invoice status PAID but still outstanding,,,
019cac6f-f04a-75a0-8e90-beb167f7dd42,CGMP2603020005,2026-03-02 07:00:00.000,2026-03-03 00:42:00.000,paid,,019cac6e-56a5-703f-b913-93a0f8489880,INS000136,Fitri Villaggio,INSTANSI,INSTANSI,019490f2-0003-7000-8000-123456789003,CG,Cipta Digital,131000.0,0.0,0.0,0.0,131000.0,120000.0,0.0,120000.0,11000.0,0.0,91.6,2026-03-02 10:03:00,2026-03-02 10:03:00,,,0.0,,0,214,True,Partially Paid - Overdue,1,1,CG-JZM,BCA Jazmi Hamzah,paid,ENTRY,0,,0,0,0,,2026-10-03 07:00:00,paid,INSTANSI,131000.0,120000.0,120000.0,11000.0,0.0,False,True,11000.0,Invoice status PAID but still outstanding,,,
019cac8d-17d7-76da-9e48-a56e68095c4a,GLMH2603020002,2026-03-02 07:00:00.000,2026-03-02 18:17:00.000,paid,,019c645e-033c-7770-a32f-b9cbc9d47a90,UMK000008,Wulan Cake,UMKM,UMKM,019490f2-0001-7000-8000-123456789001,GLH,Cipta Galuh,870000.0,0.0,0.0,0.0,870000.0,830000.0,0.0,830000.0,40000.0,0.0,95.4,2026-03-03 00:19:00,2026-03-10 00:33:00,,,1.0,,0,215,True,Partially Paid - Overdue,2,1,GLH-775,BCA 775,paid,ENTRY,0,,0,0,0,,2026-10-03 07:00:00,paid,UMKM,870000.0,830000.0,830000.0,40000.0,0.0,False,True,40000.0,Invoice status PAID but still outstanding,,,
019cb754-2d21-71ad-b40c-43a398cbd2a1,CGSB2603040005,2026-03-04 17:34:00.000,2026-03-04 18:34:00.000,paid,,019b9e2f-167a-7126-9181-111380d6ca43,EU2524,Dhila Rahma Safira,EU,END USER,019490f2-0003-7000-8000-123456789003,CG,Cipta Digital,130000.0,0.0,0.0,0.0,130000.0,110000.0,0.0,110000.0,20000.0,0.0,84.62,2026-03-04 13:05:00,2026-03-04 13:05:00,,,0.0,,0,213,True,Partially Paid - Overdue,1,1,CG-JZM,BCA Jazmi Hamzah,paid,ENTRY,0,,0,0,0,,2026-10-03 07:00:00,paid,END USER,130000.0,110000.0,110000.0,20000.0,0.0,False,True,20000.0,Invoice status PAID but still outstanding,,,
019cbc00-f4f0-77fd-8947-e2c72848286c,GLMH2603050006,2026-03-05 15:22:00.000,2026-03-05 16:22:00.000,paid,,019c640d-0068-7239-bd63-dbc8c76443f3,UMK000007,Wulan Pisy,UMKM,UMKM,019490f2-0001-7000-8000-123456789001,GLH,Cipta Galuh,200000.0,0.0,0.0,0.0,200000.0,160000.0,0.0,160000.0,40000.0,0.0,80.0,2026-03-06 00:19:00,2026-03-06 00:19:00,,,1.0,,0,212,True,Partially Paid - Overdue,1,1,GLH-775,BCA 775,paid,ENTRY,0,,0,0,0,,2026-10-03 07:00:00,paid,UMKM,200000.0,160000.0,160000.0,40000.0,0.0,False,True,40000.0,Invoice status PAID but still outstanding,,,
019ccc3e-dc5b-7260-b68a-00e76fd0d99b,CGNN2603080007,2026-03-08 18:52:00.000,2026-03-08 19:52:00.000,paid,,019c5124-ffe6-720f-9000-9009af256f60,USR001199,Emse Tirta,EU,END USER,019490f2-0003-7000-8000-123456789003,CG,Cipta Digital,135000.0,0.0,0.0,0.0,135000.0,130000.0,0.0,130000.0,5000.0,0.0,96.3,2026-03-08 15:19:00,2026-03-08 15:19:00,,,0.0,,0,209,True,Partially Paid - Overdue,1,1,CG-JZM,BCA Jazmi Hamzah,paid,ENTRY,0,,0,0,0,,2026-10-03 07:00:00,paid,END USER,135000.0,130000.0,130000.0,5000.0,0.0,False,True,5000.0,Invoice status PAID but still outstanding,,,
019ccc4f-6ce8-7268-8f96-e1fafcd737cf,PKAB2603080014,2026-03-08 15:22:00.000,2026-03-08 16:22:00.000,paid,,019ccc4e-5c43-75ca-b8b8-97c1f0c88d9a,CST59077318,Jimmy Roga,EU,END USER,019b8a09-0bf8-7497-98a0-86a53a78e02f,PWK,Cipta Purwakarta,15000.0,0.0,0.0,0.0,15000.0,10000.0,0.0,10000.0,5000.0,0.0,66.67,2026-03-08 15:25:00,2026-03-08 15:25:00,,,0.0,,0,209,True,Partially Paid - Overdue,1,1,PWK-CIB,Cash in Box,paid,ENTRY,0,,0,0,0,,2026-10-03 07:00:00,paid,END USER,15000.0,10000.0,10000.0,5000.0,0.0,False,True,5000.0,Invoice status PAID but still outstanding,,,
019cd060-1c1e-7408-aa8c-9b4f7d5aa00d,OLLS2603090002,2026-03-09 15:04:00.000,2026-03-09 16:04:00.000,paid,,019b8dd4-9b01-7266-b335-b5fcdeebfab0,USR0527,Athala (Athala),EU,END USER,019ab8e3-cb41-7087-92ab-c7596e6780f4,OL,Cipta Online,125000.0,0.0,0.0,0.0,125000.0,110000.0,0.0,110000.0,15000.0,0.0,88.0,2026-03-09 10:14:00,2026-03-09 10:14:00,,,0.0,,0,208,True,Partially Paid - Overdue,1,1,OL-FDL,BCA Online,paid,ENTRY,0,,0,0,0,,2026-10-03 07:00:00,paid,END USER,125000.0,110000.0,110000.0,15000.0,0.0,False,True,15000.0,Invoice status PAID but still outstanding,,,
019cd089-96e3-737e-996e-931ec13459ae,OLLS2603090004,2026-03-09 15:04:00.000,2026-03-09 16:04:00.000,paid,,019b8dd4-9b0f-733f-95f1-fb087a51c5b1,USR1649,Pindi Dewi Wulandari,EU,END USER,019ab8e3-cb41-7087-92ab-c7596e6780f4,OL,Cipta Online,44000.0,0.0,0.0,0.0,44000.0,27000.0,0.0,27000.0,17000.0,0.0,61.36,2026-03-09 11:18:00,2026-03-09 11:18:00,,,0.0,,0,208,True,Partially Paid - Overdue,1,1,OL-FDL,BCA Online,paid,ENTRY,0,,0,0,0,,2026-10-03 07:00:00,paid,END USER,44000.0,27000.0,27000.0,17000.0,0.0,False,True,17000.0,Invoice status PAID but still outstanding,,,
019cd11a-291b-75ac-98fe-6330d6e24a0b,OLAW2603090003,2026-03-09 16:40:00.000,2026-03-09 22:40:00.000,paid,,019b8dd4-9b13-73cd-8e3f-4a99be1281b9,USR2021,Devi Lesticia,EU,END USER,019ab8e3-cb41-7087-92ab-c7596e6780f4,OL,Cipta Online,109000.0,0.0,0.0,0.0,109000.0,97000.0,0.0,97000.0,12000.0,0.0,88.99,2026-03-09 12:58:00,2026-03-09 12:58:00,,,0.0,,0,208,True,Partially Paid - Overdue,1,1,OL-FDL,BCA Online,paid,ENTRY,0,,0,0,0,,2026-10-03 07:00:00,paid,END USER,109000.0,97000.0,97000.0,12000.0,0.0,False,True,12000.0,Invoice status PAID but still outstanding,,,
019cd58b-10f2-700c-b0ca-a218312552f8,OLLS2603100003,2026-03-10 15:07:00.000,2026-03-10 16:07:00.000,paid,,019b8dd4-9b0d-70ce-8787-f1cf66da68e9,IND000071,Pt China State Construction Overseas Development Shangha,INDUSTRI,INDUSTRI,019ab8e3-cb41-7087-92ab-c7596e6780f4,OL,Cipta Online,149000.0,0.0,0.0,0.0,149000.0,77000.0,0.0,77000.0,72000.0,0.0,51.68,2026-03-10 10:31:00,2026-03-10 10:31:00,,,0.0,,0,207,True,Partially Paid - Overdue,1,1,OL-FDL,BCA Online,paid,ENTRY,0,,0,0,0,,2026-10-03 07:00:00,paid,INDUSTRI,149000.0,77000.0,77000.0,72000.0,0.0,False,True,72000.0,Invoice status PAID but still outstanding,,,
019cd5c3-a1b1-77f2-a42f-3e86e283863d,OLLS2603100005,2026-03-10 15:07:00.000,2026-03-10 16:07:00.000,paid,,019cacbe-1177-76d9-b1c9-f6e875a2ab20,CST91399082,Samuel Samuel,EU,END USER,019ab8e3-cb41-7087-92ab-c7596e6780f4,OL,Cipta Online,160000.0,0.0,0.0,0.0,160000.0,106000.0,0.0,106000.0,54000.0,0.0,66.25,2026-03-10 12:05:00,2026-03-10 12:05:00,,,0.0,,0,207,True,Partially Paid - Overdue,1,1,OL-FDL,BCA Online,paid,ENTRY,0,,0,0,0,,2026-10-03 07:00:00,paid,END USER,160000.0,106000.0,106000.0,54000.0,0.0,False,True,54000.0,Invoice status PAID but still outstanding,,,
019cd6ce-8b9c-742f-9ef3-54307f8564d1,CGAA2603100004,2026-03-10 20:41:00.000,2026-03-10 21:41:00.000,paid,,019b9e31-6b77-741a-b766-9a4b3426a227,EU2908,Nurainie Muth,UMKM,UMKM,019490f2-0003-7000-8000-123456789003,CG,Cipta Digital,124000.0,0.0,0.0,0.0,124000.0,116000.0,0.0,116000.0,8000.0,0.0,93.55,2026-03-10 15:17:00,2026-03-10 15:17:00,,,0.0,,0,207,True,Partially Paid - Overdue,1,1,CG-JZM,BCA Jazmi Hamzah,paid,ENTRY,0,,0,0,0,,2026-10-03 07:00:00,paid,UMKM,124000.0,116000.0,116000.0,8000.0,0.0,False,True,8000.0,Invoice status PAID but still outstanding,,,
019cd750-fe53-71df-b927-7eff20cba29a,PKJA2603100019,2026-03-10 17:09:00.000,2026-03-11 03:14:00.000,paid,,019b91a7-6a12-76db-9ff9-26eede31dcf0,USR02595,Nurlela (Nurlela),EU,END USER,019b8a09-0bf8-7497-98a0-86a53a78e02f,PWK,Cipta Purwakarta,100000.0,0.0,0.0,0.0,100000.0,50000.0,0.0,50000.0,50000.0,0.0,50.0,2026-03-10 17:50:00,2026-03-10 17:50:00,,,0.0,,0,206,True,Partially Paid - Overdue,1,1,PWK-CIB,Cash in Box,paid,ENTRY,0,,0,0,0,,2026-10-03 07:00:00,paid,END USER,100000.0,50000.0,50000.0,50000.0,0.0,False,True,50000.0,Invoice status PAID but still outstanding,,,
019cdcb2-ec79-73d8-bee2-b889d6d0e728,CGSB2603110009,2026-03-12 01:38:00.000,2026-03-12 02:38:00.000,paid,,019c0793-e68b-72ff-b35c-86735be8a1d9,USR000032,Sebastian S,EU,END USER,019490f2-0003-7000-8000-123456789003,CG,Cipta Digital,50000.0,0.0,0.0,0.0,50000.0,27000.0,0.0,27000.0,23000.0,0.0,54.0,2026-03-11 18:45:00,2026-03-11 18:45:00,,,-1.0,,0,205,True,Partially Paid - Overdue,1,1,CG-CIB,Cash in Box,paid,ENTRY,0,,0,0,0,,2026-10-03 07:00:00,paid,END USER,50000.0,27000.0,27000.0,23000.0,0.0,False,True,23000.0,Invoice status PAID but still outstanding,,,
019d3ce2-8629-701b-9f8e-53ffcedbb71c,GLVI2603300001,2026-03-30 15:57:00.000,2026-03-30 16:57:00.000,paid,,019d3ce0-ef65-73fb-8f3a-9c5b53b2088d,USR000071,Siti Rohmah,EU,END USER,019490f2-0001-7000-8000-123456789001,GLH,Cipta Galuh,390000.0,0.0,0.0,0.0,390000.0,210000.0,0.0,210000.0,180000.0,0.0,53.85,2026-03-30 10:19:00,2026-03-30 10:19:00,,,0.0,,0,187,True,Partially Paid - Overdue,1,1,GLH-775,BCA 775,paid,ENTRY,0,,0,0,0,,2026-10-03 07:00:00,paid,END USER,390000.0,210000.0,210000.0,180000.0,0.0,False,True,180000.0,Invoice status PAID but still outstanding,,,
019d42d6-2fa6-716f-98f3-cd94a810fe3a,CGDP2603310006,2026-03-31 20:46:00.000,2026-03-31 21:46:00.000,paid,,019d42e2-f027-766f-86d6-c676b7770e0a,UMK000417,Ivan Reza Rahmanto,UMKM,UMKM,019490f2-0003-7000-8000-123456789003,CG,Cipta Digital,3500000.0,0.0,0.0,0.0,3500000.0,3300000.0,0.0,3300000.0,200000.0,0.0,94.29,2026-04-01 08:38:00,2026-04-02 13:37:00,,,1.0,,0,186,True,Partially Paid - Overdue,2,1,CG-JZM,BCA Jazmi Hamzah,paid,ENTRY,0,,0,0,0,,2026-10-03 07:00:00,paid,UMKM,3500000.0,3300000.0,3300000.0,200000.0,0.0,False,True,200000.0,Invoice status PAID but still outstanding,,,
019d42f7-700f-71d6-ab67-1cd2976f7c2b,OLLS2603310003,2026-03-31 16:19:00.000,2026-03-31 17:19:00.000,paid,,019d42f5-dc63-75e3-bff8-2eba02c7b71e,USR000467,Mita Ayu Destriana,EU,END USER,019ab8e3-cb41-7087-92ab-c7596e6780f4,OL,Cipta Online,95000.0,0.0,0.0,0.0,95000.0,90000.0,0.0,90000.0,5000.0,0.0,94.74,2026-03-31 15:21:00,2026-03-31 15:21:00,,,0.0,,0,186,True,Partially Paid - Overdue,1,1,OL-FDL,BCA Online,paid,ENTRY,0,,0,0,0,,2026-10-03 07:00:00,paid,END USER,95000.0,90000.0,90000.0,5000.0,0.0,False,True,5000.0,Invoice status PAID but still outstanding,,,
019d522c-249e-75d7-8482-3a5f6ddc9c07,OLAW2604030001,2026-04-03 21:05:00.000,2026-04-05 00:05:00.000,paid,,019d522a-c023-750c-8a54-2e55eb0c4ea9,USR000485,Farah Mufidah,EU,END USER,019ab8e3-cb41-7087-92ab-c7596e6780f4,OL,Cipta Online,282000.0,0.0,0.0,0.0,282000.0,247000.0,0.0,247000.0,35000.0,0.0,87.59,2026-04-03 14:13:00,2026-04-03 14:13:00,,,0.0,,0,181,True,Partially Paid - Overdue,1,1,OL-FDL,BCA Online,paid,ENTRY,0,,0,0,0,,2026-10-03 07:00:00,paid,END USER,282000.0,247000.0,247000.0,35000.0,0.0,False,True,35000.0,Invoice status PAID but still outstanding,,,
019d6596-0b85-720c-a402-b6e2c5a1017f,CGMP2604070001,2026-04-07 15:35:00.000,2026-04-07 16:35:00.000,paid,,019c4ac7-f214-70ca-886d-fc7bcb2d34ff,UMK000125,Pt Gokko Mirai Indonesia Semmi,UMKM,UMKM,019490f2-0003-7000-8000-123456789003,CG,Cipta Digital,172000.0,0.0,0.0,0.0,172000.0,86000.0,0.0,86000.0,86000.0,0.0,50.0,2026-04-07 09:39:00,2026-04-07 09:39:00,,,0.0,,0,179,True,Partially Paid - Overdue,1,1,CG-JZM,BCA Jazmi Hamzah,paid,ENTRY,0,,0,0,0,,2026-10-03 07:00:00,paid,UMKM,172000.0,86000.0,86000.0,86000.0,0.0,False,True,86000.0,Invoice status PAID but still outstanding,,,
019d65fe-3b5a-74c2-8210-254322f26d35,CGRD2604070002,2026-04-07 17:30:00.000,2026-04-07 18:24:00.000,paid,,019c27c9-7fbf-71d9-b6a4-8d02178b8c6e,UMK000095,Mandiri Grafis,UMKM,UMKM,019490f2-0003-7000-8000-123456789003,CG,Cipta Digital,60000.0,0.0,0.0,0.0,60000.0,0.0,0.0,0.0,60000.0,0.0,0.0,,,,,,,0,179,True,Unpaid - Overdue,0,0,,,,,0,,0,0,0,,2026-10-03 07:00:00,paid,UMKM,60000.0,0.0,0.0,60000.0,0.0,False,True,60000.0,Invoice status PAID but still outstanding,,,
019d6ce9-016f-74cf-bdc7-52874b0489c4,GRAS2604080002,2026-04-09 01:37:00.000,2026-04-09 02:37:00.000,paid,,019b8c17-2582-719d-8d6b-c585696d8204,CG0027,Waskita (Waskita),AGEN,AGEN,019490f2-0000-7000-8000-123456789000,GRH,Cipta Graha,37500.0,0.0,0.0,0.0,37500.0,20000.0,0.0,20000.0,17500.0,0.0,53.33,2026-04-08 18:45:00,2026-04-08 18:45:00,,,-1.0,,0,177,True,Partially Paid - Overdue,1,1,GRH-CIB,Cash in Box,paid,ENTRY,0,,0,0,0,,2026-10-03 07:00:00,paid,AGEN,37500.0,20000.0,20000.0,17500.0,0.0,False,True,17500.0,Invoice status PAID but still outstanding,,,
019d84a1-be99-7516-a2f5-4ec5ff061ce8,PKAB2604130001,2026-04-13 15:01:00.000,2026-04-13 16:01:00.000,paid,,019bd598-0cc5-70fe-a291-cc6db0371304,USR000012,levasion photo,EU,END USER,019b8a09-0bf8-7497-98a0-86a53a78e02f,PWK,Cipta Purwakarta,20000.0,0.0,0.0,0.0,20000.0,8000.0,0.0,8000.0,12000.0,0.0,40.0,2026-04-13 09:39:00,2026-04-13 09:39:00,,,0.0,,0,173,True,Partially Paid - Overdue,1,1,PWK-BCA,BCA PWK,paid,ENTRY,0,,0,0,0,,2026-10-03 07:00:00,paid,END USER,20000.0,8000.0,8000.0,12000.0,0.0,False,True,12000.0,Invoice status PAID but still outstanding,,,
019d8b69-9952-70af-9dc4-4dee5f6f8ed4,OLAW2604140004,2026-04-14 20:07:00.000,2026-04-16 00:07:00.000,paid,,019b8dd4-9b10-722c-9982-e78153ac3831,USR1749,Kang Deny,EU,END USER,019ab8e3-cb41-7087-92ab-c7596e6780f4,OL,Cipta Online,88000.0,0.0,0.0,0.0,88000.0,64000.0,0.0,64000.0,24000.0,0.0,72.73,2026-04-18 15:42:00,2026-04-18 15:42:00,,,4.0,,0,170,True,Partially Paid - Overdue,1,1,OL-FDL,BCA Online,paid,ENTRY,0,,0,0,0,,2026-10-03 07:00:00,paid,END USER,88000.0,64000.0,64000.0,24000.0,0.0,False,True,24000.0,Invoice status PAID but still outstanding,,,
019d8c04-7e56-70ba-bd8e-b35bd8e7663c,CGSB2604140010,2026-04-14 19:42:00.000,2026-04-14 20:42:00.000,paid,,019d8c03-daa4-767e-8124-e0c900bf1529,USR000327,Alesandri Al,EU,END USER,019490f2-0003-7000-8000-123456789003,CG,Cipta Digital,36000.0,0.0,0.0,0.0,36000.0,34000.0,0.0,34000.0,2000.0,0.0,94.44,2026-04-14 19:44:00,2026-04-14 19:44:00,,,0.0,,0,172,True,Partially Paid - Overdue,1,1,CG-CIB,Cash in Box,paid,ENTRY,0,,0,0,0,,2026-10-03 07:00:00,paid,END USER,36000.0,34000.0,34000.0,2000.0,0.0,False,True,2000.0,Invoice status PAID but still outstanding,,,
019da3ca-93b0-744d-a675-c17a9befdc47,OLDA2604190002,2026-04-19 15:57:00.000,2026-04-19 16:57:00.000,paid,,019b8dd4-9af8-7148-8f14-c4364f02e5dd,IND0167,Bidan Lilik,INDUSTRI,INDUSTRI,019ab8e3-cb41-7087-92ab-c7596e6780f4,OL,Cipta Online,1009000.0,0.0,0.0,0.0,1009000.0,0.0,0.0,0.0,1009000.0,0.0,0.0,,,,,,,0,167,True,Unpaid - Overdue,0,0,,,,,0,,0,0,0,,2026-10-03 07:00:00,paid,INDUSTRI,1009000.0,0.0,0.0,1009000.0,0.0,False,True,1009000.0,Invoice status PAID but still outstanding,,,
019da3e1-ad92-76ef-86ce-5edec9823f78,OLDA2604190003,2026-04-19 15:57:00.000,2026-04-19 16:57:00.000,paid,,019b8dd4-9b01-7266-b335-242496ad81b9,USR0491,Satria (Satria),EU,END USER,019ab8e3-cb41-7087-92ab-c7596e6780f4,OL,Cipta Online,65000.0,0.0,0.0,0.0,65000.0,41000.0,0.0,41000.0,24000.0,0.0,63.08,2026-04-20 19:43:00,2026-04-20 19:43:00,,,1.0,,0,167,True,Partially Paid - Overdue,1,1,OL-FDL,BCA Online,paid,ENTRY,0,,0,0,0,,2026-10-03 07:00:00,paid,END USER,65000.0,41000.0,41000.0,24000.0,0.0,False,True,24000.0,Invoice status PAID but still outstanding,,,
019da8dc-4506-70ec-8909-d73e4bfb9f60,OLAW2604200001,2026-04-20 14:53:00.000,2026-04-20 15:53:00.000,paid,,019d4cf6-30e4-7388-bc6f-818ec36011ff,USR000479,Sevianti Putri,EU,END USER,019ab8e3-cb41-7087-92ab-c7596e6780f4,OL,Cipta Online,324000.0,0.0,0.0,0.0,324000.0,318000.0,0.0,318000.0,6000.0,0.0,98.15,2026-04-20 13:22:00,2026-04-20 13:22:00,,,0.0,,0,166,True,Partially Paid - Overdue,1,1,OL-FDL,BCA Online,paid,ENTRY,0,,0,0,0,,2026-10-03 07:00:00,paid,END USER,324000.0,318000.0,318000.0,6000.0,0.0,False,True,6000.0,Invoice status PAID but still outstanding,,,
019daae0-6c70-775d-8fee-d8d71444bb77,CGSB2604200007,2026-04-21 00:24:00.000,2026-04-21 01:24:00.000,paid,,019daae0-275a-738c-a687-9c7dc9095e27,USR000359,Tk Ai Gontor,EU,END USER,019490f2-0003-7000-8000-123456789003,CG,Cipta Digital,50000.0,0.0,0.0,0.0,50000.0,35000.0,0.0,35000.0,15000.0,0.0,70.0,2026-04-20 19:34:00,2026-04-20 19:34:00,,,-1.0,,0,165,True,Partially Paid - Overdue,1,1,CG-JZM,BCA Jazmi Hamzah,paid,ENTRY,0,,0,0,0,,2026-10-03 07:00:00,paid,END USER,50000.0,35000.0,35000.0,15000.0,0.0,False,True,15000.0,Invoice status PAID but still outstanding,,,
019daae1-e3cd-7144-a822-b333bf35dfac,OLAW2604200002,2026-04-20 17:59:00.000,2026-04-21 18:59:00.000,paid,,019d9f71-0887-735f-815a-0b8fb36d8b67,INS000013,Kpp Madya Karawang,INSTANSI,INSTANSI,019ab8e3-cb41-7087-92ab-c7596e6780f4,OL,Cipta Online,148000.0,0.0,0.0,0.0,148000.0,100000.0,0.0,100000.0,48000.0,0.0,67.57,2026-04-20 19:46:00,2026-04-20 19:46:00,,,0.0,,0,165,True,Partially Paid - Overdue,1,1,OL-FDL,BCA Online,paid,ENTRY,0,,0,0,0,,2026-10-03 07:00:00,paid,INSTANSI,148000.0,100000.0,100000.0,48000.0,0.0,False,True,48000.0,Invoice status PAID but still outstanding,,,
019dc2fc-b121-77af-829f-94efa57bf997,CGSB2604250004,2026-04-25 17:28:00.000,2026-04-25 18:28:00.000,paid,,019dc2fc-2dc8-712c-aceb-1a38ee41832e,USR000404,Nawfal Altamis,EU,END USER,019490f2-0003-7000-8000-123456789003,CG,Cipta Digital,25000.0,0.0,0.0,0.0,25000.0,20000.0,0.0,20000.0,5000.0,0.0,80.0,2026-04-25 13:22:00,2026-04-25 13:22:00,,,0.0,,0,161,True,Partially Paid - Overdue,1,1,CG-QRIS,QRIS BCA,paid,ENTRY,0,,0,0,0,,2026-10-03 07:00:00,paid,END USER,25000.0,20000.0,20000.0,5000.0,0.0,False,True,5000.0,Invoice status PAID but still outstanding,,,
019dc348-f7d8-762f-b818-09db433dcbf1,CGSB2604250006,2026-04-25 17:28:00.000,2026-04-25 18:28:00.000,paid,,019dc2fc-2dc8-712c-aceb-1a38ee41832e,USR000404,Nawfal Altamis,EU,END USER,019490f2-0003-7000-8000-123456789003,CG,Cipta Digital,20000.0,0.0,0.0,0.0,20000.0,15000.0,0.0,15000.0,5000.0,0.0,75.0,2026-04-25 13:20:00,2026-04-25 13:20:00,,,0.0,,0,161,True,Partially Paid - Overdue,1,1,CG-JZM,BCA Jazmi Hamzah,paid,ENTRY,0,,0,0,0,,2026-10-03 07:00:00,paid,END USER,20000.0,15000.0,15000.0,5000.0,0.0,False,True,5000.0,Invoice status PAID but still outstanding,,,
019e7cbf-ab39-70dc-a6b9-341db551600d,OLDA2605310001,2026-05-31 20:33:00.000,2026-05-31 21:33:00.000,paid,,019b8dd4-9af8-7148-8f14-c4364f02e5dd,IND0167,Bidan Lilik,INDUSTRI,INDUSTRI,019ab8e3-cb41-7087-92ab-c7596e6780f4,OL,Cipta Online,1009000.0,0.0,0.0,0.0,1009000.0,0.0,0.0,0.0,1009000.0,0.0,0.0,,,,,,,0,125,True,Unpaid - Overdue,0,0,,,,,0,,0,0,0,,2026-10-03 07:00:00,paid,INDUSTRI,1009000.0,0.0,0.0,1009000.0,0.0,False,True,1009000.0,Invoice status PAID but still outstanding,,,
019e9afd-d43b-74f8-912c-63be883f075d,OLLS2606060004,2026-06-06 15:55:00.000,2026-06-06 16:55:00.000,paid,,019b8dd4-9b04-74bc-ae7f-36f69476e3bf,USR0627,Devi (Mahkota Kebab),EU,END USER,019ab8e3-cb41-7087-92ab-c7596e6780f4,OL,Cipta Online,198500.0,0.0,0.0,0.0,198500.0,0.0,0.0,0.0,198500.0,0.0,0.0,,,,,,,0,119,True,Unpaid - Overdue,0,0,,,,,0,,0,0,0,,2026-10-03 07:00:00,paid,END USER,198500.0,0.0,0.0,198500.0,0.0,False,True,198500.0,Invoice status PAID but still outstanding,,,
019e9fe4-9050-768b-8c89-5f6b0514ca8a,OLAM2606070001,2026-06-07 16:23:00.000,2026-06-07 17:23:00.000,paid,,019b8dd4-9af5-773f-b147-f01f56838cbc,EM0002,Annisa Azizah Mardiah,EMPLOYEE,EMPLOYEE,019ab8e3-cb41-7087-92ab-c7596e6780f4,OL,Cipta Online,7950.0,0.0,0.0,0.0,7950.0,0.0,0.0,0.0,7950.0,0.0,0.0,,,,,,,0,118,True,Unpaid - Overdue,0,0,,,,,0,,0,0,0,,2026-10-03 07:00:00,paid,EMPLOYEE,7950.0,0.0,0.0,7950.0,0.0,False,True,7950.0,Invoice status PAID but still outstanding,,,
019ea18b-985e-736d-8b67-7c7e262c2f5c,OLDA2606070010,2026-06-07 18:18:00.000,2026-06-07 19:18:00.000,paid,,019b8dd4-9b04-74bc-ae7e-1759c0284de2,USR0555,Rico Gratianus,EU,END USER,019ab8e3-cb41-7087-92ab-c7596e6780f4,OL,Cipta Online,124000.0,0.0,0.0,0.0,124000.0,0.0,0.0,0.0,124000.0,0.0,0.0,,,,,,,0,118,True,Unpaid - Overdue,0,0,,,,,0,,0,0,0,,2026-10-03 07:00:00,paid,END USER,124000.0,0.0,0.0,124000.0,0.0,False,True,124000.0,Invoice status PAID but still outstanding,,,
019ea4c2-cba7-7604-85cf-e51102dd4f42,OLLS2606080001,2026-06-08 15:02:00.000,2026-06-08 16:02:00.000,paid,,019e82b3-445a-73e0-b858-84c3f007080a,USR000754,Nadia Mulyani Putri,EU,END USER,019ab8e3-cb41-7087-92ab-c7596e6780f4,OL,Cipta Online,48000.0,0.0,0.0,0.0,48000.0,0.0,0.0,0.0,48000.0,0.0,0.0,,,,,,,0,117,True,Unpaid - Overdue,0,0,,,,,0,,0,0,0,,2026-10-03 07:00:00,paid,END USER,48000.0,0.0,0.0,48000.0,0.0,False,True,48000.0,Invoice status PAID but still outstanding,,,
019ea4de-04cc-729f-a317-9db36eae5ac6,OLLS2606080003,2026-06-08 17:19:00.000,2026-06-09 18:19:00.000,paid,,019ea4dd-48e1-762f-9cb6-f4cb97fc3a4e,USR000781,Hilman Gumilar,EU,END USER,019ab8e3-cb41-7087-92ab-c7596e6780f4,OL,Cipta Online,128000.0,0.0,0.0,0.0,128000.0,0.0,0.0,0.0,128000.0,0.0,0.0,,,,,,,0,116,True,Unpaid - Overdue,0,0,,,,,0,,0,0,0,,2026-10-03 07:00:00,paid,END USER,128000.0,0.0,0.0,128000.0,0.0,False,True,128000.0,Invoice status PAID but still outstanding,,,
019ea4f7-2634-715d-ab81-e441f34bae17,OLLS2606080004,2026-06-08 15:02:00.000,2026-06-08 16:02:00.000,paid,,019c3b76-fe16-759a-8445-13fd21ec9390,USR000089,Syahdan (syahdan),EU,END USER,019ab8e3-cb41-7087-92ab-c7596e6780f4,OL,Cipta Online,75000.0,0.0,0.0,0.0,75000.0,0.0,0.0,0.0,75000.0,0.0,0.0,,,,,,,0,117,True,Unpaid - Overdue,0,0,,,,,0,,0,0,0,,2026-10-03 07:00:00,paid,END USER,75000.0,0.0,0.0,75000.0,0.0,False,True,75000.0,Invoice status PAID but still outstanding,,,
019ea58c-0627-74e4-afa7-4d8e04ec0d6b,OLLS2606080011,2026-06-08 15:02:00.000,2026-06-08 16:02:00.000,paid,,019b8dd4-9af8-7148-8f12-d698ceafe64a,IND0043,Pt Asp Indonesia,INDUSTRI,INDUSTRI,019ab8e3-cb41-7087-92ab-c7596e6780f4,OL,Cipta Online,90000.0,0.0,0.0,0.0,90000.0,0.0,0.0,0.0,90000.0,0.0,0.0,,,,,,,0,117,True,Unpaid - Overdue,0,0,,,,,0,,0,0,0,,2026-10-03 07:00:00,paid,INDUSTRI,90000.0,0.0,0.0,90000.0,0.0,False,True,90000.0,Invoice status PAID but still outstanding,,,
019ea600-a4a4-763f-8de3-793d93200c2f,OLLS2606080012,2026-06-08 20:46:00.000,2026-06-08 21:46:00.000,paid,,019b8dd4-9b10-722c-9984-59fd52e9f0fb,USR1842,Windi Rahayu,EU,END USER,019ab8e3-cb41-7087-92ab-c7596e6780f4,OL,Cipta Online,57000.0,0.0,0.0,0.0,57000.0,0.0,0.0,0.0,57000.0,0.0,0.0,,,,,,,0,117,True,Unpaid - Overdue,0,0,,,,,0,,0,0,0,,2026-10-03 07:00:00,paid,END USER,57000.0,0.0,0.0,57000.0,0.0,False,True,57000.0,Invoice status PAID but still outstanding,,,
019ea650-0e9a-77ff-943e-d75c36f961de,OLLS2606080014,2026-06-08 20:46:00.000,2026-06-08 21:46:00.000,paid,,019ea64e-d5f0-72db-9c8a-6688cecd13f9,EDU000036,Myra Aracelli,SEKOLAH,SEKOLAH,019ab8e3-cb41-7087-92ab-c7596e6780f4,OL,Cipta Online,147000.0,0.0,0.0,0.0,147000.0,0.0,0.0,0.0,147000.0,0.0,0.0,,,,,,,0,117,True,Unpaid - Overdue,0,0,,,,,0,,0,0,0,,2026-10-03 07:00:00,paid,SEKOLAH,147000.0,0.0,0.0,147000.0,0.0,False,True,147000.0,Invoice status PAID but still outstanding,,,
019eaa8d-589c-712f-adb5-fdb8fae369d0,OLDA2606090003,2026-06-09 16:10:00.000,2026-06-09 17:10:00.000,paid,,019eaa8c-ce4f-7302-9f1e-8bb48d8d5aa2,USR000787,Renni Novia Gumay,EU,END USER,019ab8e3-cb41-7087-92ab-c7596e6780f4,OL,Cipta Online,280000.0,0.0,0.0,0.0,280000.0,0.0,0.0,0.0,280000.0,0.0,0.0,,,,,,,0,116,True,Unpaid - Overdue,0,0,,,,,0,,0,0,0,,2026-10-03 07:00:00,paid,END USER,280000.0,0.0,0.0,280000.0,0.0,False,True,280000.0,Invoice status PAID but still outstanding,,,
019eaaa9-dd0f-74f9-a002-75ae427e860c,OLDA2606090005,2026-06-09 16:10:00.000,2026-06-09 17:10:00.000,paid,,019eaaa9-742f-706c-95bf-87f2b4c635b3,USR000788,Diah Ayu Febrianti,EU,END USER,019ab8e3-cb41-7087-92ab-c7596e6780f4,OL,Cipta Online,109000.0,0.0,0.0,0.0,109000.0,0.0,0.0,0.0,109000.0,0.0,0.0,,,,,,,0,116,True,Unpaid - Overdue,0,0,,,,,0,,0,0,0,,2026-10-03 07:00:00,paid,END USER,109000.0,0.0,0.0,109000.0,0.0,False,True,109000.0,Invoice status PAID but still outstanding,,,
019eb5bd-dd2f-72cf-b391-8af1a846137e,OLLS2606110002,2026-06-11 22:10:00.000,2026-06-11 23:10:00.000,paid,,019b8dd4-9b05-75bd-b072-a6ee65bc9370,USR0746,I Cand Read Grand Wisata,EU,END USER,019ab8e3-cb41-7087-92ab-c7596e6780f4,OL,Cipta Online,48000.0,0.0,0.0,0.0,48000.0,0.0,0.0,0.0,48000.0,0.0,0.0,,,,,,,0,114,True,Unpaid - Overdue,0,0,,,,,0,,0,0,0,,2026-10-03 07:00:00,paid,END USER,48000.0,0.0,0.0,48000.0,0.0,False,True,48000.0,Invoice status PAID but still outstanding,,,
019eb5f8-fdec-7694-9fd9-5cc450ad3dce,GREN2606110012,2026-06-11 21:57:00.000,2026-06-11 22:57:00.000,paid,,019eb57a-283f-77d8-b269-283e4dbbbc76,INS000006,Pesantren Al Binaa Subang,INSTANSI,INSTANSI,019490f2-0000-7000-8000-123456789000,GRH,Cipta Graha,5000000.0,0.0,0.0,0.0,5000000.0,0.0,0.0,0.0,5000000.0,0.0,0.0,,,,,,,0,114,True,Unpaid - Overdue,0,0,,,,,0,,0,0,0,,2026-10-03 07:00:00,paid,INSTANSI,5000000.0,0.0,0.0,5000000.0,0.0,False,True,5000000.0,Invoice status PAID but still outstanding,,,
019eb649-af4d-706d-997a-ead4bc8663a6,OLLS2606110006,2026-06-12 00:44:00.000,2026-06-12 01:44:00.000,paid,,019ca701-30e8-7529-a6e7-83556c00dc0a,USR000183,Iin Nurohmahh,EU,END USER,019ab8e3-cb41-7087-92ab-c7596e6780f4,OL,Cipta Online,66000.0,0.0,0.0,0.0,66000.0,0.0,0.0,0.0,66000.0,0.0,0.0,,,,,,,0,113,True,Unpaid - Overdue,0,0,,,,,0,,0,0,0,,2026-10-03 07:00:00,paid,END USER,66000.0,0.0,0.0,66000.0,0.0,False,True,66000.0,Invoice status PAID but still outstanding,,,
019eb678-b51a-703e-ab3b-f6f6121941dd,OLLS2606110007,2026-06-12 01:35:00.000,2026-06-12 02:35:00.000,paid,,019d4c77-6792-71d7-b40f-bfff201cda4c,USR000478,Riki Ginanjar,EU,END USER,019ab8e3-cb41-7087-92ab-c7596e6780f4,OL,Cipta Online,74000.0,0.0,0.0,0.0,74000.0,0.0,0.0,0.0,74000.0,0.0,0.0,,,,,,,0,113,True,Unpaid - Overdue,0,0,,,,,0,,0,0,0,,2026-10-03 07:00:00,paid,END USER,74000.0,0.0,0.0,74000.0,0.0,False,True,74000.0,Invoice status PAID but still outstanding,,,
019eb6b2-91f7-740a-b7cb-6cdfad705f67,OLLS2606110008,2026-06-12 01:35:00.000,2026-06-12 02:35:00.000,paid,,019b8dd4-9b05-75bd-b072-3ab8d254fb31,USR0719,Ayu Gita,EU,END USER,019ab8e3-cb41-7087-92ab-c7596e6780f4,OL,Cipta Online,54000.0,0.0,0.0,0.0,54000.0,0.0,0.0,0.0,54000.0,0.0,0.0,,,,,,,0,113,True,Unpaid - Overdue,0,0,,,,,0,,0,0,0,,2026-10-03 07:00:00,paid,END USER,54000.0,0.0,0.0,54000.0,0.0,False,True,54000.0,Invoice status PAID but still outstanding,,,
019eb967-b101-7120-be32-2e07a131d56d,GRDN2606120001,2026-06-12 15:16:00.000,2026-06-12 16:16:00.000,paid,,019b8c17-258a-73f8-8a24-6135a914e34d,CG1135,Kikan (Kikan),AGEN,AGEN,019490f2-0000-7000-8000-123456789000,GRH,Cipta Graha,726000.0,0.0,0.0,0.0,726000.0,0.0,0.0,0.0,726000.0,0.0,0.0,,,,,,,0,113,True,Unpaid - Overdue,0,0,,,,,0,,0,0,0,,2026-10-03 07:00:00,paid,AGEN,726000.0,0.0,0.0,726000.0,0.0,False,True,726000.0,Invoice status PAID but still outstanding,,,
019eb9f8-b384-718b-a614-9a28f04a22fa,OLDA2606120002,2026-06-12 17:08:00.000,2026-06-12 18:08:00.000,paid,,019da3c2-d38c-720f-bdf2-f6fc11c24d3f,USR000539,Syfatu Zzahra,EU,END USER,019ab8e3-cb41-7087-92ab-c7596e6780f4,OL,Cipta Online,88000.0,0.0,0.0,0.0,88000.0,0.0,0.0,0.0,88000.0,0.0,0.0,,,,,,,0,113,True,Unpaid - Overdue,0,0,,,,,0,,0,0,0,,2026-10-03 07:00:00,paid,END USER,88000.0,0.0,0.0,88000.0,0.0,False,True,88000.0,Invoice status PAID but still outstanding,,,
019ebaaa-b569-728f-997b-f4dbdcaf3629,GRDN2606120010,2026-06-12 14:55:00.000,2026-06-12 15:55:00.000,paid,,019cb72f-2889-707f-822a-850b847a4afa,UMK000007,Rafa Rafa,UMKM,UMKM,019490f2-0000-7000-8000-123456789000,GRH,Cipta Graha,135500.0,0.0,0.0,0.0,135500.0,0.0,0.0,0.0,135500.0,0.0,0.0,,,,,,,0,113,True,Unpaid - Overdue,0,0,,,,,0,,0,0,0,,2026-10-03 07:00:00,paid,UMKM,135500.0,0.0,0.0,135500.0,0.0,False,True,135500.0,Invoice status PAID but still outstanding,,,
019ebadd-c49c-71aa-b97e-d39aec496145,GRDN2606120011,2026-06-12 14:55:00.000,2026-06-12 15:55:00.000,paid,,019bdb79-e86a-709e-aee2-27584671c29d,EDU000001,Arma KJ1,SEKOLAH,SEKOLAH,019490f2-0000-7000-8000-123456789000,GRH,Cipta Graha,32000.0,0.0,0.0,0.0,32000.0,0.0,0.0,0.0,32000.0,0.0,0.0,,,,,,,0,113,True,Unpaid - Overdue,0,0,,,,,0,,0,0,0,,2026-10-03 07:00:00,paid,SEKOLAH,32000.0,0.0,0.0,32000.0,0.0,False,True,32000.0,Invoice status PAID but still outstanding,,,
019ebb31-a9d7-73f0-8af0-813b354456b3,OLLS2606120001,2026-06-12 23:35:00.000,2026-06-13 00:35:00.000,paid,,019e2529-790c-747e-b73b-98bfd81c3306,USR000649,Bana Bana,EU,END USER,019ab8e3-cb41-7087-92ab-c7596e6780f4,OL,Cipta Online,209000.0,0.0,0.0,0.0,209000.0,0.0,0.0,0.0,209000.0,0.0,0.0,,,,,,,0,112,True,Unpaid - Overdue,0,0,,,,,0,,0,0,0,,2026-10-03 07:00:00,paid,END USER,209000.0,0.0,0.0,209000.0,0.0,False,True,209000.0,Invoice status PAID but still outstanding,,,
019ec022-e25b-76df-930d-41eb88d3f4be,OLDA2606130013,2026-06-13 16:23:00.000,2026-06-13 17:23:00.000,paid,,019ec020-29db-713c-8974-65e0e9da58ac,USR000808,Cut Rula,EU,END USER,019ab8e3-cb41-7087-92ab-c7596e6780f4,OL,Cipta Online,1039000.0,30000.0,0.0,0.0,1009000.0,1007830.0,0.0,1007830.0,1170.0,0.0,99.88,2026-06-15 14:40:00,2026-06-18 19:30:00,,,2.0,,0,112,True,Partially Paid - Overdue,2,2,"OL-CIB, OL-FDL","BCA Online, Cash in Box","paid, partial",ENTRY,0,,0,0,0,,2026-10-03 07:00:00,paid,END USER,1009000.0,1007830.0,1007830.0,1170.0,0.0,False,True,1170.0,Invoice status PAID but still outstanding,,,
019ec428-3c23-75ba-8c68-bb6b98851991,GRDN2606140019,2026-06-14 16:50:00.000,2026-06-14 17:50:00.000,paid,,019b8c17-2585-7636-a584-3bbb0745ae69,CG0378,Ade Jahit,AGEN,AGEN,019490f2-0000-7000-8000-123456789000,GRH,Cipta Graha,48000.0,0.0,0.0,0.0,48000.0,0.0,0.0,0.0,48000.0,0.0,0.0,,,,,,,0,111,True,Unpaid - Overdue,0,0,,,,,0,,0,0,0,,2026-10-03 07:00:00,paid,AGEN,48000.0,0.0,0.0,48000.0,0.0,False,True,48000.0,Invoice status PAID but still outstanding,,,
019ec43a-596e-7050-bce9-9e668579798b,GRDN2606140022,2026-06-14 17:40:00.000,2026-06-14 18:40:00.000,paid,,019b8c17-2585-7636-a585-ea534be051ab,CG0486,Percetakan Dinie,AGEN,AGEN,019490f2-0000-7000-8000-123456789000,GRH,Cipta Graha,46325.0,0.0,0.0,0.0,46325.0,0.0,0.0,0.0,46325.0,0.0,0.0,,,,,,,0,111,True,Unpaid - Overdue,0,0,,,,,0,,0,0,0,,2026-10-03 07:00:00,paid,AGEN,46325.0,0.0,0.0,46325.0,0.0,False,True,46325.0,Invoice status PAID but still outstanding,,,
019ec44b-49a7-709a-ada0-666e73229942,GRDN2606140028,2026-06-14 17:40:00.000,2026-06-14 18:40:00.000,paid,,019b8c17-258b-75fe-aeda-26dde865c457,CG1287,Fajar (Fajar),AGEN,AGEN,019490f2-0000-7000-8000-123456789000,GRH,Cipta Graha,200000.0,0.0,0.0,0.0,200000.0,0.0,0.0,0.0,200000.0,0.0,0.0,,,,,,,0,111,True,Unpaid - Overdue,0,0,,,,,0,,0,0,0,,2026-10-03 07:00:00,paid,AGEN,200000.0,0.0,0.0,200000.0,0.0,False,True,200000.0,Invoice status PAID but still outstanding,,,
019ec46d-03e1-76f9-8203-4387be0835c8,GRDN2606140029,2026-06-14 17:40:00.000,2026-06-14 18:40:00.000,paid,,019b8c17-2582-719d-8d6b-4876e6652366,EDU0021,Putri (Putri),SEKOLAH,SEKOLAH,019490f2-0000-7000-8000-123456789000,GRH,Cipta Graha,100000.0,0.0,0.0,0.0,100000.0,0.0,0.0,0.0,100000.0,0.0,0.0,,,,,,,0,111,True,Unpaid - Overdue,0,0,,,,,0,,0,0,0,,2026-10-03 07:00:00,paid,SEKOLAH,100000.0,0.0,0.0,100000.0,0.0,False,True,100000.0,Invoice status PAID but still outstanding,,,
019ec473-de4b-7310-92d2-22ea570c7168,GRDN2606140030,2026-06-14 17:40:00.000,2026-06-14 18:40:00.000,paid,,019b8c17-258e-76bd-8dcc-95b3f05ba1d6,USR0420,Purnama (Purnama),EU,END USER,019490f2-0000-7000-8000-123456789000,GRH,Cipta Graha,48500.0,0.0,0.0,0.0,48500.0,0.0,0.0,0.0,48500.0,0.0,0.0,,,,,,,0,111,True,Unpaid - Overdue,0,0,,,,,0,,0,0,0,,2026-10-03 07:00:00,paid,END USER,48500.0,0.0,0.0,48500.0,0.0,False,True,48500.0,Invoice status PAID but still outstanding,,,
019ec4bf-9692-744a-8abf-7b2e17a80209,GRDN2606140033,2026-06-14 17:40:00.000,2026-06-14 18:40:00.000,paid,,019b8c17-2597-763f-b7ac-198403130a71,USR1343,FAHMI (FAHMI),EU,END USER,019490f2-0000-7000-8000-123456789000,GRH,Cipta Graha,67000.0,0.0,0.0,0.0,67000.0,0.0,0.0,0.0,67000.0,0.0,0.0,,,,,,,0,111,True,Unpaid - Overdue,0,0,,,,,0,,0,0,0,,2026-10-03 07:00:00,paid,END USER,67000.0,0.0,0.0,67000.0,0.0,False,True,67000.0,Invoice status PAID but still outstanding,,,
019ec504-8de3-7172-aa0f-3a211cbddebe,OLLS2606140004,2026-06-14 16:21:00.000,2026-06-14 17:21:00.000,paid,,019c4abb-30b6-7369-8ac2-c80120d63cfa,USR000113,Helga Helga,EU,END USER,019ab8e3-cb41-7087-92ab-c7596e6780f4,OL,Cipta Online,67000.0,0.0,0.0,0.0,67000.0,0.0,0.0,0.0,67000.0,0.0,0.0,,,,,,,0,111,True,Unpaid - Overdue,0,0,,,,,0,,0,0,0,,2026-10-03 07:00:00,paid,END USER,67000.0,0.0,0.0,67000.0,0.0,False,True,67000.0,Invoice status PAID but still outstanding,,,
019ec522-a686-7638-aa8c-87156d384b91,OLLS2606140005,2026-06-14 16:21:00.000,2026-06-14 17:21:00.000,paid,,019ec522-2682-7400-9fe3-f1ee5842a8e2,USR000812,Rifky Pujianto,EU,END USER,019ab8e3-cb41-7087-92ab-c7596e6780f4,OL,Cipta Online,44000.0,0.0,0.0,0.0,44000.0,0.0,0.0,0.0,44000.0,0.0,0.0,,,,,,,0,111,True,Unpaid - Overdue,0,0,,,,,0,,0,0,0,,2026-10-03 07:00:00,paid,END USER,44000.0,0.0,0.0,44000.0,0.0,False,True,44000.0,Invoice status PAID but still outstanding,,,
019ec542-3209-7283-bb89-4bf8a3e799f7,OLLS2606140007,2026-06-14 16:21:00.000,2026-06-14 17:21:00.000,paid,,019ec541-4be5-72fe-8a64-8ed086d93876,USR000813,Fatma Nisa,EU,END USER,019ab8e3-cb41-7087-92ab-c7596e6780f4,OL,Cipta Online,80000.0,0.0,0.0,0.0,80000.0,0.0,0.0,0.0,80000.0,0.0,0.0,,,,,,,0,111,True,Unpaid - Overdue,0,0,,,,,0,,0,0,0,,2026-10-03 07:00:00,paid,END USER,80000.0,0.0,0.0,80000.0,0.0,False,True,80000.0,Invoice status PAID but still outstanding,,,
019ec551-1307-748d-8277-8028544568d6,GRDN2606140040,2026-06-14 17:40:00.000,2026-06-14 18:40:00.000,paid,,019b8c17-2594-7410-846a-334368c7b004,USR0990,ARMAN (ARMAN),EU,END USER,019490f2-0000-7000-8000-123456789000,GRH,Cipta Graha,20000.0,0.0,0.0,0.0,20000.0,0.0,0.0,0.0,20000.0,0.0,0.0,,,,,,,0,111,True,Unpaid - Overdue,0,0,,,,,0,,0,0,0,,2026-10-03 07:00:00,paid,END USER,20000.0,0.0,0.0,20000.0,0.0,False,True,20000.0,Invoice status PAID but still outstanding,,,
019ec55d-ca44-71aa-a51a-b197412f0761,GRDN2606140041,2026-06-14 17:40:00.000,2026-06-14 18:40:00.000,paid,,019ec55c-cfea-724a-98a0-deb693d585a8,USR000251,Fadhlan Ps,EU,END USER,019490f2-0000-7000-8000-123456789000,GRH,Cipta Graha,16000.0,0.0,0.0,0.0,16000.0,0.0,0.0,0.0,16000.0,0.0,0.0,,,,,,,0,111,True,Unpaid - Overdue,0,0,,,,,0,,0,0,0,,2026-10-03 07:00:00,paid,END USER,16000.0,0.0,0.0,16000.0,0.0,False,True,16000.0,Invoice status PAID but still outstanding,,,
019ec9a4-4263-72d3-9e8a-e4f3ad66c14c,GRDN2606150023,2026-06-15 18:00:00.000,2026-06-15 19:00:00.000,paid,,019b8c17-258d-70a9-80b3-10cf4f7b788c,USR0232,Elih (Elih),EU,END USER,019490f2-0000-7000-8000-123456789000,GRH,Cipta Graha,55000.0,0.0,0.0,0.0,55000.0,0.0,0.0,0.0,55000.0,0.0,0.0,,,,,,,0,110,True,Unpaid - Overdue,0,0,,,,,0,,0,0,0,,2026-10-03 07:00:00,paid,END USER,55000.0,0.0,0.0,55000.0,0.0,False,True,55000.0,Invoice status PAID but still outstanding,,,
019eca16-bd2c-7607-9559-8bf3b65b4877,OLLS2606150001,2026-06-15 21:01:00.000,2026-06-15 22:01:00.000,paid,,019eca16-7c6d-7137-afe6-ac6e9cc440a6,USR000816,Uro Napisa,EU,END USER,019ab8e3-cb41-7087-92ab-c7596e6780f4,OL,Cipta Online,10000.0,0.0,0.0,0.0,10000.0,0.0,0.0,0.0,10000.0,0.0,0.0,,,,,,,0,110,True,Unpaid - Overdue,0,0,,,,,0,,0,0,0,,2026-10-03 07:00:00,paid,END USER,10000.0,0.0,0.0,10000.0,0.0,False,True,10000.0,Invoice status PAID but still outstanding,,,
019eca9c-6395-7122-be50-ce2db37a2e77,GRDN2606150035,2026-06-15 18:21:00.000,2026-06-15 19:21:00.000,paid,,019b8c17-2590-75dd-bf01-0bc8596cb44c,USR0578,Sarah (Sarah),EU,END USER,019490f2-0000-7000-8000-123456789000,GRH,Cipta Graha,324400.0,0.0,0.0,0.0,324400.0,0.0,0.0,0.0,324400.0,0.0,0.0,,,,,,,0,110,True,Unpaid - Overdue,0,0,,,,,0,,0,0,0,,2026-10-03 07:00:00,paid,END USER,324400.0,0.0,0.0,324400.0,0.0,False,True,324400.0,Invoice status PAID but still outstanding,,,
019ecf24-095f-7782-afff-0c670b066699,OLDA2606160001,2026-06-16 20:31:00.000,2026-06-16 21:31:00.000,paid,,019ecf23-71ff-75fa-b61c-d308b50bb684,USR000818,Parsha Rahmadani,EU,END USER,019ab8e3-cb41-7087-92ab-c7596e6780f4,OL,Cipta Online,95000.0,0.0,0.0,0.0,95000.0,0.0,0.0,0.0,95000.0,0.0,0.0,,,,,,,0,109,True,Unpaid - Overdue,0,0,,,,,0,,0,0,0,,2026-10-03 07:00:00,paid,END USER,95000.0,0.0,0.0,95000.0,0.0,False,True,95000.0,Invoice status PAID but still outstanding,,,
019ecf95-4026-7728-b355-0bb882a2205f,OLDA2606160003,2026-06-16 20:31:00.000,2026-06-16 21:31:00.000,paid,,019ecf94-3fca-74e8-9f41-e6961b2b8d2d,USR000819,Bina Desa Fh,EU,END USER,019ab8e3-cb41-7087-92ab-c7596e6780f4,OL,Cipta Online,225000.0,0.0,0.0,0.0,225000.0,0.0,0.0,0.0,225000.0,0.0,0.0,,,,,,,0,109,True,Unpaid - Overdue,0,0,,,,,0,,0,0,0,,2026-10-03 07:00:00,paid,END USER,225000.0,0.0,0.0,225000.0,0.0,False,True,225000.0,Invoice status PAID but still outstanding,,,
019ed452-912d-70da-a13c-c26a21f7d7e9,OLLS2606170002,2026-06-17 20:18:00.000,2026-06-17 21:18:00.000,paid,,019bd422-5dec-76ea-a14e-79d4349c5ef0,UMK000001,Chicken noki,UMKM,UMKM,019ab8e3-cb41-7087-92ab-c7596e6780f4,OL,Cipta Online,60000.0,0.0,0.0,0.0,60000.0,0.0,0.0,0.0,60000.0,0.0,0.0,,,,,,,0,108,True,Unpaid - Overdue,0,0,,,,,0,,0,0,0,,2026-10-03 07:00:00,paid,UMKM,60000.0,0.0,0.0,60000.0,0.0,False,True,60000.0,Invoice status PAID but still outstanding,,,
019ed458-2bb7-724a-9873-99cd0f04c404,OLLS2606170004,2026-06-17 20:18:00.000,2026-06-17 21:18:00.000,paid,,019b8dd4-9b07-7001-b73c-ad37392b05be,USR0788,Pristine (Pristine),EU,END USER,019ab8e3-cb41-7087-92ab-c7596e6780f4,OL,Cipta Online,79500.0,0.0,0.0,0.0,79500.0,0.0,0.0,0.0,79500.0,0.0,0.0,,,,,,,0,108,True,Unpaid - Overdue,0,0,,,,,0,,0,0,0,,2026-10-03 07:00:00,paid,END USER,79500.0,0.0,0.0,79500.0,0.0,False,True,79500.0,Invoice status PAID but still outstanding,,,
019ed477-9d21-77c0-9798-cca2e1f92bec,OLLS2606170005,2026-06-17 20:18:00.000,2026-06-17 21:18:00.000,paid,,019b8dd4-9b13-73cd-8e3f-75201bbdc067,USR2032,Ryan Kusuma,EU,END USER,019ab8e3-cb41-7087-92ab-c7596e6780f4,OL,Cipta Online,44000.0,0.0,0.0,0.0,44000.0,0.0,0.0,0.0,44000.0,0.0,0.0,,,,,,,0,108,True,Unpaid - Overdue,0,0,,,,,0,,0,0,0,,2026-10-03 07:00:00,paid,END USER,44000.0,0.0,0.0,44000.0,0.0,False,True,44000.0,Invoice status PAID but still outstanding,,,
019ed49b-e815-777f-a4ee-6864d21af78b,OLLS2606170006,2026-06-17 20:18:00.000,2026-06-17 21:18:00.000,paid,,019b8dd4-9af9-74d8-b77d-d7a02e6f22b9,UMK0017,Flo Art,UMKM,UMKM,019ab8e3-cb41-7087-92ab-c7596e6780f4,OL,Cipta Online,125000.0,0.0,0.0,0.0,125000.0,0.0,0.0,0.0,125000.0,0.0,0.0,,,,,,,0,108,True,Unpaid - Overdue,0,0,,,,,0,,0,0,0,,2026-10-03 07:00:00,paid,UMKM,125000.0,0.0,0.0,125000.0,0.0,False,True,125000.0,Invoice status PAID but still outstanding,,,
019ed4d2-fa1d-73ae-88c3-86fc5f054d83,OLLS2606170007,2026-06-17 20:18:00.000,2026-06-17 21:18:00.000,paid,,019ed4a1-26de-766f-a03b-a59d90a13d99,INS000029,Iis Sppg Sukaluyu Dua,INSTANSI,INSTANSI,019ab8e3-cb41-7087-92ab-c7596e6780f4,OL,Cipta Online,100000.0,0.0,0.0,0.0,100000.0,0.0,0.0,0.0,100000.0,0.0,0.0,,,,,,,0,108,True,Unpaid - Overdue,0,0,,,,,0,,0,0,0,,2026-10-03 07:00:00,paid,INSTANSI,100000.0,0.0,0.0,100000.0,0.0,False,True,100000.0,Invoice status PAID but still outstanding,,,
019ed4fc-3154-779c-8c7c-35a959f4f4eb,OLDA2606170009,2026-06-17 21:56:00.000,2026-06-17 22:56:00.000,paid,,019ed4f9-5c4e-7234-91c0-6c5e03165a65,IND000053,Pt Shun Rong International Indonesia,INDUSTRI,INDUSTRI,019ab8e3-cb41-7087-92ab-c7596e6780f4,OL,Cipta Online,158000.0,0.0,0.0,0.0,158000.0,0.0,0.0,0.0,158000.0,0.0,0.0,,,,,,,0,108,True,Unpaid - Overdue,0,0,,,,,0,,0,0,0,,2026-10-03 07:00:00,paid,INDUSTRI,158000.0,0.0,0.0,158000.0,0.0,False,True,158000.0,Invoice status PAID but still outstanding,,,
019ed50d-7a9c-709c-bff5-3380e823300b,OLLS2606170008,2026-06-17 20:18:00.000,2026-06-17 21:18:00.000,paid,,019d84d6-4454-763b-b8dc-5da641fb7b97,INS000008,Alfian Nur Aziz,INSTANSI,INSTANSI,019ab8e3-cb41-7087-92ab-c7596e6780f4,OL,Cipta Online,72000.0,0.0,0.0,0.0,72000.0,0.0,0.0,0.0,72000.0,0.0,0.0,,,,,,,0,108,True,Unpaid - Overdue,0,0,,,,,0,,0,0,0,,2026-10-03 07:00:00,paid,INSTANSI,72000.0,0.0,0.0,72000.0,0.0,False,True,72000.0,Invoice status PAID but still outstanding,,,
019ed536-03e1-7215-9d4d-9191737cf33d,OLLS2606170011,2026-06-17 20:18:00.000,2026-06-17 21:18:00.000,paid,,019ed534-58eb-7048-8691-296fd35e912e,USR000824,Melisa Kusuma,EU,END USER,019ab8e3-cb41-7087-92ab-c7596e6780f4,OL,Cipta Online,40000.0,0.0,0.0,0.0,40000.0,0.0,0.0,0.0,40000.0,0.0,0.0,,,,,,,0,108,True,Unpaid - Overdue,0,0,,,,,0,,0,0,0,,2026-10-03 07:00:00,paid,END USER,40000.0,0.0,0.0,40000.0,0.0,False,True,40000.0,Invoice status PAID but still outstanding,,,
019ed55f-2473-7742-91ce-600b29cf8691,OLLS2606170012,2026-06-17 20:18:00.000,2026-06-17 21:18:00.000,paid,,019b8dd4-9b0f-733f-95f1-c3dc7c6ecf17,USR1635,Dandi Mardani,EU,END USER,019ab8e3-cb41-7087-92ab-c7596e6780f4,OL,Cipta Online,156000.0,0.0,0.0,0.0,156000.0,0.0,0.0,0.0,156000.0,0.0,0.0,,,,,,,0,108,True,Unpaid - Overdue,0,0,,,,,0,,0,0,0,,2026-10-03 07:00:00,paid,END USER,156000.0,0.0,0.0,156000.0,0.0,False,True,156000.0,Invoice status PAID but still outstanding,,,
019ed5a7-c01d-70ae-af13-5b06f6f7230b,OLLS2606170014,2026-06-17 20:18:00.000,2026-06-17 21:18:00.000,paid,,019b8dd4-9b0f-733f-95f1-48dc64f14f8b,USR1604,Intan Safitri,EU,END USER,019ab8e3-cb41-7087-92ab-c7596e6780f4,OL,Cipta Online,24000.0,0.0,0.0,0.0,24000.0,0.0,0.0,0.0,24000.0,0.0,0.0,,,,,,,0,108,True,Unpaid - Overdue,0,0,,,,,0,,0,0,0,,2026-10-03 07:00:00,paid,END USER,24000.0,0.0,0.0,24000.0,0.0,False,True,24000.0,Invoice status PAID but still outstanding,,,
019ed87d-c0a9-763f-a8af-e24fe2d910a2,OLLS2606180003,2026-06-18 20:18:00.000,2026-06-18 21:18:00.000,paid,,019ed49a-7f42-732b-9a4b-fdef86c5d136,USR000822,Dede Supriatna,EU,END USER,019ab8e3-cb41-7087-92ab-c7596e6780f4,OL,Cipta Online,108000.0,0.0,0.0,0.0,108000.0,0.0,0.0,0.0,108000.0,0.0,0.0,,,,,,,0,107,True,Unpaid - Overdue,0,0,,,,,0,,0,0,0,,2026-10-03 07:00:00,paid,END USER,108000.0,0.0,0.0,108000.0,0.0,False,True,108000.0,Invoice status PAID but still outstanding,,,
019ed8f0-d1d4-77b0-89cc-5b03ba3fb4eb,OLLS2606180006,2026-06-18 20:18:00.000,2026-06-18 21:18:00.000,paid,,019ed8f0-85b1-7423-84f2-db2e89eccd75,USR000826,Matthew Avner,EU,END USER,019ab8e3-cb41-7087-92ab-c7596e6780f4,OL,Cipta Online,40000.0,0.0,0.0,0.0,40000.0,0.0,0.0,0.0,40000.0,0.0,0.0,,,,,,,0,107,True,Unpaid - Overdue,0,0,,,,,0,,0,0,0,,2026-10-03 07:00:00,paid,END USER,40000.0,0.0,0.0,40000.0,0.0,False,True,40000.0,Invoice status PAID but still outstanding,,,
019eddbd-9901-722a-9dbf-8f4c2b30fc01,GRDN2606190006,2026-06-19 15:06:00.000,2026-06-19 16:06:00.000,paid,,019eddbc-fcd9-7338-b48b-ea5fa5d2215b,USR000263,Smp Satu Kartim,EU,END USER,019490f2-0000-7000-8000-123456789000,GRH,Cipta Graha,161000.0,0.0,0.0,0.0,161000.0,0.0,0.0,0.0,161000.0,0.0,0.0,,,,,,,0,106,True,Unpaid - Overdue,0,0,,,,,0,,0,0,0,,2026-10-03 07:00:00,paid,END USER,161000.0,0.0,0.0,161000.0,0.0,False,True,161000.0,Invoice status PAID but still outstanding,,,
019eddd2-623b-721d-9d79-5b2cdfe150e7,GRDN2606190007,2026-06-19 15:06:00.000,2026-06-19 16:06:00.000,paid,,019b8c17-258b-75fe-aed9-9cce44fb485c,CG1253,Andreas (Andreas),AGEN,AGEN,019490f2-0000-7000-8000-123456789000,GRH,Cipta Graha,107050.0,50.0,0.0,0.0,107000.0,0.0,0.0,0.0,107000.0,0.0,0.0,,,,,,,0,106,True,Unpaid - Overdue,0,0,,,,,0,,0,0,0,,2026-10-03 07:00:00,paid,AGEN,107000.0,0.0,0.0,107000.0,0.0,False,True,107000.0,Invoice status PAID but still outstanding,,,
019eddf7-0f56-728f-b88a-566a63f31094,OLLS2606190003,2026-06-20 03:18:00.000,2026-06-20 04:18:00.000,paid,,019b8dd4-9b0d-70ce-8788-dec6460d7793,USR1430,Ali Sadikin,EU,END USER,019ab8e3-cb41-7087-92ab-c7596e6780f4,OL,Cipta Online,44000.0,0.0,0.0,0.0,44000.0,0.0,0.0,0.0,44000.0,0.0,0.0,,,,,,,0,105,True,Unpaid - Overdue,0,0,,,,,0,,0,0,0,,2026-10-03 07:00:00,paid,END USER,44000.0,0.0,0.0,44000.0,0.0,False,True,44000.0,Invoice status PAID but still outstanding,,,
019ede1b-9a8b-76e0-b55c-85ededd310c6,GRDN2606190010,2026-06-19 15:06:00.000,2026-06-19 16:06:00.000,paid,,019b8c17-2591-708f-aec1-5d83cbc64826,USR0736,Z PROD,EU,END USER,019490f2-0000-7000-8000-123456789000,GRH,Cipta Graha,79500.0,0.0,0.0,0.0,79500.0,0.0,0.0,0.0,79500.0,0.0,0.0,,,,,,,0,106,True,Unpaid - Overdue,0,0,,,,,0,,0,0,0,,2026-10-03 07:00:00,paid,END USER,79500.0,0.0,0.0,79500.0,0.0,False,True,79500.0,Invoice status PAID but still outstanding,,,
019ede2a-27d4-7662-a460-1e6c8a6248d4,OLLS2606190005,2026-06-20 03:18:00.000,2026-06-20 04:18:00.000,paid,,019ed534-58eb-7048-8691-296fd35e912e,USR000824,Melisa Kusuma,EU,END USER,019ab8e3-cb41-7087-92ab-c7596e6780f4,OL,Cipta Online,40000.0,0.0,0.0,0.0,40000.0,0.0,0.0,0.0,40000.0,0.0,0.0,,,,,,,0,105,True,Unpaid - Overdue,0,0,,,,,0,,0,0,0,,2026-10-03 07:00:00,paid,END USER,40000.0,0.0,0.0,40000.0,0.0,False,True,40000.0,Invoice status PAID but still outstanding,,,
019ede7c-8c72-703b-8301-2f9f4b485d3a,OLLS2606190006,2026-06-20 03:18:00.000,2026-06-20 04:18:00.000,paid,,019b8dd4-9b13-73cd-8e3f-75201bbdc067,USR2032,Ryan Kusuma,EU,END USER,019ab8e3-cb41-7087-92ab-c7596e6780f4,OL,Cipta Online,55000.0,0.0,0.0,0.0,55000.0,0.0,0.0,0.0,55000.0,0.0,0.0,,,,,,,0,105,True,Unpaid - Overdue,0,0,,,,,0,,0,0,0,,2026-10-03 07:00:00,paid,END USER,55000.0,0.0,0.0,55000.0,0.0,False,True,55000.0,Invoice status PAID but still outstanding,,,
019ede7e-43c5-741c-ab55-a6a691b25615,OLLS2606190007,2026-06-20 03:18:00.000,2026-06-20 04:18:00.000,paid,,019ede7d-ef36-76bf-8a6e-a3104ea759d6,USR000828,Rama Makkay,EU,END USER,019ab8e3-cb41-7087-92ab-c7596e6780f4,OL,Cipta Online,10000.0,0.0,0.0,0.0,10000.0,0.0,0.0,0.0,10000.0,0.0,0.0,,,,,,,0,105,True,Unpaid - Overdue,0,0,,,,,0,,0,0,0,,2026-10-03 07:00:00,paid,END USER,10000.0,0.0,0.0,10000.0,0.0,False,True,10000.0,Invoice status PAID but still outstanding,,,
019ede97-a526-7544-a161-799724450b7f,OLLS2606190008,2026-06-20 03:18:00.000,2026-06-20 04:18:00.000,paid,,019b8dd4-9b04-74bc-ae7e-e2463c301193,USR0606,Amara (Amara),EU,END USER,019ab8e3-cb41-7087-92ab-c7596e6780f4,OL,Cipta Online,95000.0,0.0,0.0,0.0,95000.0,0.0,0.0,0.0,95000.0,0.0,0.0,,,,,,,0,105,True,Unpaid - Overdue,0,0,,,,,0,,0,0,0,,2026-10-03 07:00:00,paid,END USER,95000.0,0.0,0.0,95000.0,0.0,False,True,95000.0,Invoice status PAID but still outstanding,,,
019edeb0-bc2b-7648-b7c2-146821bf374f,GRDN2606190018,2026-06-19 15:16:00.000,2026-06-19 16:16:00.000,paid,,019e018a-e140-7058-a3d5-d22ea760c609,USR000182,Arsam Badut,EU,END USER,019490f2-0000-7000-8000-123456789000,GRH,Cipta Graha,66000.0,0.0,0.0,0.0,66000.0,0.0,0.0,0.0,66000.0,0.0,0.0,,,,,,,0,106,True,Unpaid - Overdue,0,0,,,,,0,,0,0,0,,2026-10-03 07:00:00,paid,END USER,66000.0,0.0,0.0,66000.0,0.0,False,True,66000.0,Invoice status PAID but still outstanding,,,
019edeb1-4c1e-7626-b8aa-ef08f01d352b,GRDN2606190019,2026-06-19 15:16:00.000,2026-06-19 16:16:00.000,paid,,019b8c17-2591-708f-aec1-5d83cbc64826,USR0736,Z PROD,EU,END USER,019490f2-0000-7000-8000-123456789000,GRH,Cipta Graha,44000.0,0.0,0.0,0.0,44000.0,0.0,0.0,0.0,44000.0,0.0,0.0,,,,,,,0,106,True,Unpaid - Overdue,0,0,,,,,0,,0,0,0,,2026-10-03 07:00:00,paid,END USER,44000.0,0.0,0.0,44000.0,0.0,False,True,44000.0,Invoice status PAID but still outstanding,,,
019edebc-2597-702d-bfd4-e67988edd4ea,OLLS2606190009,2026-06-20 03:18:00.000,2026-06-20 04:18:00.000,paid,,019edebb-e3e1-76db-8953-7b020245e41c,USR000829,Arfaaz Zuhayrtama,EU,END USER,019ab8e3-cb41-7087-92ab-c7596e6780f4,OL,Cipta Online,10000.0,0.0,0.0,0.0,10000.0,0.0,0.0,0.0,10000.0,0.0,0.0,,,,,,,0,105,True,Unpaid - Overdue,0,0,,,,,0,,0,0,0,,2026-10-03 07:00:00,paid,END USER,10000.0,0.0,0.0,10000.0,0.0,False,True,10000.0,Invoice status PAID but still outstanding,,,
019edf02-5095-7569-afef-f2c4e77293b3,GRDN2606190023,2026-06-19 15:16:00.000,2026-06-19 16:16:00.000,paid,,019b8c17-2591-708f-aec1-2c6e50e3f0b9,USR0724,DEJITARU (DEJITARU),EU,END USER,019490f2-0000-7000-8000-123456789000,GRH,Cipta Graha,776000.0,0.0,0.0,0.0,776000.0,0.0,0.0,0.0,776000.0,0.0,0.0,,,,,,,0,106,True,Unpaid - Overdue,0,0,,,,,0,,0,0,0,,2026-10-03 07:00:00,paid,END USER,776000.0,0.0,0.0,776000.0,0.0,False,True,776000.0,Invoice status PAID but still outstanding,,,
019edf29-fcb6-76e9-81e7-3f3387e58062,GRDN2606190024,2026-06-19 15:16:00.000,2026-06-19 16:16:00.000,paid,,019b8c17-2583-76ae-89a0-892323675c89,CG0202,Ananda Grafika,AGEN,AGEN,019490f2-0000-7000-8000-123456789000,GRH,Cipta Graha,80000.0,0.0,0.0,0.0,80000.0,0.0,0.0,0.0,80000.0,0.0,0.0,,,,,,,0,106,True,Unpaid - Overdue,0,0,,,,,0,,0,0,0,,2026-10-03 07:00:00,paid,AGEN,80000.0,0.0,0.0,80000.0,0.0,False,True,80000.0,Invoice status PAID but still outstanding,,,
019edf6c-7e54-742b-a0ff-4c28ed5549fe,GRDN2606190026,2026-06-19 15:16:00.000,2026-06-20 16:16:00.000,paid,,019b8c17-2596-75c8-9955-f9f24f262ff8,USR1286,Eka Mutia,EU,END USER,019490f2-0000-7000-8000-123456789000,GRH,Cipta Graha,188000.0,0.0,0.0,0.0,188000.0,0.0,0.0,0.0,188000.0,0.0,0.0,,,,,,,0,105,True,Unpaid - Overdue,0,0,,,,,0,,0,0,0,,2026-10-03 07:00:00,paid,END USER,188000.0,0.0,0.0,188000.0,0.0,False,True,188000.0,Invoice status PAID but still outstanding,,,
019edf72-45bd-777e-80d6-634436dbd059,GRDN2606190027,2026-06-19 15:16:00.000,2026-06-20 16:16:00.000,paid,,019b8c17-2584-7369-8ac4-91ee88c6118e,CG0359,Tiara (Tiara),AGEN,AGEN,019490f2-0000-7000-8000-123456789000,GRH,Cipta Graha,24000.0,0.0,0.0,0.0,24000.0,0.0,0.0,0.0,24000.0,0.0,0.0,,,,,,,0,105,True,Unpaid - Overdue,0,0,,,,,0,,0,0,0,,2026-10-03 07:00:00,paid,AGEN,24000.0,0.0,0.0,24000.0,0.0,False,True,24000.0,Invoice status PAID but still outstanding,,,
019ee2ed-e540-74db-823e-5f9767cd5cf8,CGPJ2606200004,2026-06-20 15:35:00.000,2026-06-20 16:35:00.000,paid,,019b9dc5-25c7-7056-9984-4fa741fd9cbd,DV0006,Cipta Online,DIVISI,DIVISI,019490f2-0003-7000-8000-123456789003,CG,Cipta Digital,48000.0,0.0,0.0,0.0,48000.0,0.0,0.0,0.0,48000.0,0.0,0.0,,,,,,,0,105,True,Unpaid - Overdue,0,0,,,,,0,,0,0,0,,2026-10-03 07:00:00,paid,DIVISI,48000.0,0.0,0.0,48000.0,0.0,False,True,48000.0,Invoice status PAID but still outstanding,,,
019eee3b-9720-7421-a01e-7713592fb843,GRDN2606220005,2026-06-22 15:44:00.000,2026-06-22 16:44:00.000,paid,,019b8c17-2588-72fa-b2b8-30cf9ccbf391,CG0852,Prima Mandiri,AGEN,AGEN,019490f2-0000-7000-8000-123456789000,GRH,Cipta Graha,7000.0,0.0,0.0,0.0,7000.0,0.0,0.0,0.0,7000.0,0.0,0.0,,,,,,,0,103,True,Unpaid - Overdue,0,0,,,,,0,,0,0,0,,2026-10-03 07:00:00,paid,AGEN,7000.0,0.0,0.0,7000.0,0.0,False,True,7000.0,Invoice status PAID but still outstanding,,,
019eee50-4e6f-715c-9c20-eb8648c87f12,GRDN2606220007,2026-06-22 15:44:00.000,2026-06-22 16:44:00.000,paid,,019b8c17-2582-719d-8d6c-f08d9ab690a4,CG0102,Biru Kreasi,AGEN,AGEN,019490f2-0000-7000-8000-123456789000,GRH,Cipta Graha,19000.0,0.0,0.0,0.0,19000.0,0.0,0.0,0.0,19000.0,0.0,0.0,,,,,,,0,103,True,Unpaid - Overdue,0,0,,,,,0,,0,0,0,,2026-10-03 07:00:00,paid,AGEN,19000.0,0.0,0.0,19000.0,0.0,False,True,19000.0,Invoice status PAID but still outstanding,,,
019ef3a2-c951-751e-8652-c9cc910c8671,OLLS2606230007,2026-06-23 15:38:00.000,2026-06-23 16:38:00.000,paid,,019ef3a1-f39f-701f-954c-64913acb5435,USR000848,Siska Julian,EU,END USER,019ab8e3-cb41-7087-92ab-c7596e6780f4,OL,Cipta Online,10000.0,0.0,0.0,0.0,10000.0,0.0,0.0,0.0,10000.0,0.0,0.0,,,,,,,0,102,True,Unpaid - Overdue,0,0,,,,,0,,0,0,0,,2026-10-03 07:00:00,paid,END USER,10000.0,0.0,0.0,10000.0,0.0,False,True,10000.0,Invoice status PAID but still outstanding,,,
019ef3cd-0dc1-70cb-95e1-2b014dc08c3a,OLLS2606230008,2026-06-23 15:38:00.000,2026-06-23 16:38:00.000,paid,,019b8dd4-9b0d-70ce-8789-0c0ebb25dbfb,USR1442,Fathiyya (Fathiyya),EU,END USER,019ab8e3-cb41-7087-92ab-c7596e6780f4,OL,Cipta Online,100000.0,0.0,0.0,0.0,100000.0,0.0,0.0,0.0,100000.0,0.0,0.0,,,,,,,0,102,True,Unpaid - Overdue,0,0,,,,,0,,0,0,0,,2026-10-03 07:00:00,paid,END USER,100000.0,0.0,0.0,100000.0,0.0,False,True,100000.0,Invoice status PAID but still outstanding,,,
019efebf-071c-702f-8772-0066eb40a910,GRDN2606250024,2026-06-25 16:45:00.000,2026-06-26 17:45:00.000,paid,,019b8c17-2583-76ae-899f-bda65ed73f34,CG0151,Yosita Salon,AGEN,AGEN,019490f2-0000-7000-8000-123456789000,GRH,Cipta Graha,22000.0,0.0,0.0,0.0,22000.0,0.0,0.0,0.0,22000.0,0.0,0.0,,,,,,,0,99,True,Unpaid - Overdue,0,0,,,,,0,,0,0,0,,2026-10-03 07:00:00,paid,AGEN,22000.0,0.0,0.0,22000.0,0.0,False,True,22000.0,Invoice status PAID but still outstanding,,,
019f0829-29c7-744a-ab87-a02275d73d33,GRDN2606270006,2026-06-27 20:45:00.000,2026-06-27 21:45:00.000,paid,,019e018a-e140-7058-a3d5-d22ea760c609,USR000182,Arsam Badut,EU,END USER,019490f2-0000-7000-8000-123456789000,GRH,Cipta Graha,66000.0,0.0,0.0,0.0,66000.0,0.0,0.0,0.0,66000.0,0.0,0.0,,,,,,,0,98,True,Unpaid - Overdue,0,0,,,,,0,,0,0,0,,2026-10-03 07:00:00,paid,END USER,66000.0,0.0,0.0,66000.0,0.0,False,True,66000.0,Invoice status PAID but still outstanding,,,
019f0d64-cad3-7300-bf2b-8111ab17a9bb,GRDN2606280027,2026-06-28 17:04:00.000,2026-06-28 18:04:00.000,paid,,019b8c17-258e-76bd-8dcc-95b3f05ba1d6,USR0420,Purnama (Purnama),EU,END USER,019490f2-0000-7000-8000-123456789000,GRH,Cipta Graha,48500.0,0.0,0.0,0.0,48500.0,0.0,0.0,0.0,48500.0,0.0,0.0,,,,,,,0,97,True,Unpaid - Overdue,0,0,,,,,0,,0,0,0,,2026-10-03 07:00:00,paid,END USER,48500.0,0.0,0.0,48500.0,0.0,False,True,48500.0,Invoice status PAID but still outstanding,,,
019f0d6f-3d19-7497-a5c7-47517f5f82f7,GRDN2606280030,2026-06-28 17:04:00.000,2026-06-28 18:04:00.000,paid,,019b8c17-258e-76bd-8dcb-3ceddc0c7b96,USR0334,Adi (Adi),EU,END USER,019490f2-0000-7000-8000-123456789000,GRH,Cipta Graha,60000.0,0.0,0.0,0.0,60000.0,0.0,0.0,0.0,60000.0,0.0,0.0,,,,,,,0,97,True,Unpaid - Overdue,0,0,,,,,0,,0,0,0,,2026-10-03 07:00:00,paid,END USER,60000.0,0.0,0.0,60000.0,0.0,False,True,60000.0,Invoice status PAID but still outstanding,,,
019f1320-179f-74b2-9971-f29695cd315f,GRDN2606290033,2026-06-30 01:24:00.000,2026-06-30 02:24:00.000,paid,,019b8c17-2583-76ae-89a1-226025ba2d94,CG0240,RGK ( RASTER GRAFIK ),AGEN,AGEN,019490f2-0000-7000-8000-123456789000,GRH,Cipta Graha,11000.0,0.0,0.0,0.0,11000.0,0.0,0.0,0.0,11000.0,0.0,0.0,,,,,,,0,95,True,Unpaid - Overdue,0,0,,,,,0,,0,0,0,,2026-10-03 07:00:00,paid,AGEN,11000.0,0.0,0.0,11000.0,0.0,False,True,11000.0,Invoice status PAID but still outstanding,,,
019f16a7-5110-76ac-9f0b-5dbbfd79e611,GRDN2606300008,2026-06-30 17:50:00.000,2026-06-30 18:50:00.000,paid,,019b8c17-258c-7605-a5d5-7029e78f6b04,USR0142,Nita (Nita),EU,END USER,019490f2-0000-7000-8000-123456789000,GRH,Cipta Graha,45000.0,0.0,0.0,0.0,45000.0,0.0,0.0,0.0,45000.0,0.0,0.0,,,,,,,0,95,True,Unpaid - Overdue,0,0,,,,,0,,0,0,0,,2026-10-03 07:00:00,paid,END USER,45000.0,0.0,0.0,45000.0,0.0,False,True,45000.0,Invoice status PAID but still outstanding,,,
019f16ac-290d-75ca-9fd1-bcce366c9f58,GRDN2606300009,2026-06-30 17:50:00.000,2026-06-30 18:50:00.000,paid,,019b8c17-258b-75fe-aed9-d22a12555123,CG1266,Cahyadi (Cahyadi),AGEN,AGEN,019490f2-0000-7000-8000-123456789000,GRH,Cipta Graha,176000.0,0.0,0.0,0.0,176000.0,0.0,0.0,0.0,176000.0,0.0,0.0,,,,,,,0,95,True,Unpaid - Overdue,0,0,,,,,0,,0,0,0,,2026-10-03 07:00:00,paid,AGEN,176000.0,0.0,0.0,176000.0,0.0,False,True,176000.0,Invoice status PAID but still outstanding,,,
019f20ab-76bd-7650-8571-3be546ef633e,GRDN2607020009,2026-07-02 15:43:00.000,2026-07-02 16:43:00.000,paid,,019b8c17-2583-76ae-89a0-2b5de0d32cf2,CG0178,Ali (Ali),AGEN,AGEN,019490f2-0000-7000-8000-123456789000,GRH,Cipta Graha,240000.0,0.0,0.0,0.0,240000.0,0.0,0.0,0.0,240000.0,0.0,0.0,,,,,,,0,93,True,Unpaid - Overdue,0,0,,,,,0,,0,0,0,,2026-10-03 07:00:00,paid,AGEN,240000.0,0.0,0.0,240000.0,0.0,False,True,240000.0,Invoice status PAID but still outstanding,,,
019f20f3-7da7-7572-aae9-ce3f82a32048,GRDN2607020011,2026-07-02 15:43:00.000,2026-07-02 16:43:00.000,paid,,019b8c17-258c-7605-a5d4-da674d13dbbc,USR0104,Feri (Feri),EU,END USER,019490f2-0000-7000-8000-123456789000,GRH,Cipta Graha,130000.0,0.0,0.0,0.0,130000.0,0.0,0.0,0.0,130000.0,0.0,0.0,,,,,,,0,93,True,Unpaid - Overdue,0,0,,,,,0,,0,0,0,,2026-10-03 07:00:00,paid,END USER,130000.0,0.0,0.0,130000.0,0.0,False,True,130000.0,Invoice status PAID but still outstanding,,,
019f21c6-a313-737a-9046-69d78fde8642,GRDN2607020015,2026-07-02 21:28:00.000,2026-07-02 22:28:00.000,paid,,019b8c17-2596-75c8-9955-f9f24f262ff8,USR1286,Eka Mutia,EU,END USER,019490f2-0000-7000-8000-123456789000,GRH,Cipta Graha,45500.0,0.0,0.0,0.0,45500.0,0.0,0.0,0.0,45500.0,0.0,0.0,,,,,,,0,93,True,Unpaid - Overdue,0,0,,,,,0,,0,0,0,,2026-10-03 07:00:00,paid,END USER,45500.0,0.0,0.0,45500.0,0.0,False,True,45500.0,Invoice status PAID but still outstanding,,,
019f21ee-2506-7777-8ee4-8f47aca71475,GRDN2607020016,2026-07-02 21:28:00.000,2026-07-02 22:28:00.000,paid,,019e018a-e140-7058-a3d5-d22ea760c609,USR000182,Arsam Badut,EU,END USER,019490f2-0000-7000-8000-123456789000,GRH,Cipta Graha,132000.0,0.0,0.0,0.0,132000.0,0.0,0.0,0.0,132000.0,0.0,0.0,,,,,,,0,93,True,Unpaid - Overdue,0,0,,,,,0,,0,0,0,,2026-10-03 07:00:00,paid,END USER,132000.0,0.0,0.0,132000.0,0.0,False,True,132000.0,Invoice status PAID but still outstanding,,,
019f2239-6a61-74df-8f82-d25968a9d6bb,GRDN2607020018,2026-07-02 23:46:00.000,2026-07-03 00:46:00.000,paid,,019b8c17-2595-7589-9527-e485c8ecb068,USR1208,FARID (FARID),EU,END USER,019490f2-0000-7000-8000-123456789000,GRH,Cipta Graha,225000.0,0.0,0.0,0.0,225000.0,0.0,0.0,0.0,225000.0,0.0,0.0,,,,,,,0,92,True,Unpaid - Overdue,0,0,,,,,0,,0,0,0,,2026-10-03 07:00:00,paid,END USER,225000.0,0.0,0.0,225000.0,0.0,False,True,225000.0,Invoice status PAID but still outstanding,,,
019f26f3-347e-7789-a674-1691419c6a22,GRDN2607030024,2026-07-03 20:40:00.000,2026-07-03 21:40:00.000,paid,,019b8c17-258a-73f8-8a24-6135a914e34d,CG1135,Kikan (Kikan),AGEN,AGEN,019490f2-0000-7000-8000-123456789000,GRH,Cipta Graha,165000.0,0.0,0.0,0.0,165000.0,0.0,0.0,0.0,165000.0,0.0,0.0,,,,,,,0,92,True,Unpaid - Overdue,0,0,,,,,0,,0,0,0,,2026-10-03 07:00:00,paid,AGEN,165000.0,0.0,0.0,165000.0,0.0,False,True,165000.0,Invoice status PAID but still outstanding,,,
019f3093-eec8-7648-b9db-68231ad4918f,GRDN2607050012,2026-07-05 15:07:00.000,2026-07-05 16:07:00.000,paid,,019b8c17-258b-75fe-aeda-a334d7dc9e94,CG1318,Fitria (Fitria),AGEN,AGEN,019490f2-0000-7000-8000-123456789000,GRH,Cipta Graha,197000.0,0.0,0.0,0.0,197000.0,0.0,0.0,0.0,197000.0,0.0,0.0,,,,,,,0,90,True,Unpaid - Overdue,0,0,,,,,0,,0,0,0,,2026-10-03 07:00:00,paid,AGEN,197000.0,0.0,0.0,197000.0,0.0,False,True,197000.0,Invoice status PAID but still outstanding,,,
019f3147-697f-77bb-a65d-194a80de3c52,GRDN2607050016,2026-07-05 15:07:00.000,2026-07-05 16:07:00.000,paid,,019b8c17-258a-73f8-8a24-6fe23e7769d3,CG1138,Ridho (Ridho),AGEN,AGEN,019490f2-0000-7000-8000-123456789000,GRH,Cipta Graha,4500.0,0.0,0.0,0.0,4500.0,0.0,0.0,0.0,4500.0,0.0,0.0,,,,,,,0,90,True,Unpaid - Overdue,0,0,,,,,0,,0,0,0,,2026-10-03 07:00:00,paid,AGEN,4500.0,0.0,0.0,4500.0,0.0,False,True,4500.0,Invoice status PAID but still outstanding,,,
019f3511-a001-7327-bd5e-e90a696a9e97,GRDN2607060005,2026-07-06 14:59:00.000,2026-07-06 15:59:00.000,paid,,019b8c17-258c-7605-a5d5-0a338d131b75,USR0116,Ujang (Ujang),EU,END USER,019490f2-0000-7000-8000-123456789000,GRH,Cipta Graha,136000.0,0.0,0.0,0.0,136000.0,0.0,0.0,0.0,136000.0,0.0,0.0,,,,,,,0,89,True,Unpaid - Overdue,0,0,,,,,0,,0,0,0,,2026-10-03 07:00:00,paid,END USER,136000.0,0.0,0.0,136000.0,0.0,False,True,136000.0,Invoice status PAID but still outstanding,,,
019f3591-6764-7618-aaac-05e54c19cb6b,GRDN2607060016,2026-07-06 17:51:00.000,2026-07-06 18:51:00.000,paid,,019b8c17-2595-7589-9526-5dd642a016c7,USR1110,Novri JL GALUH MAS,EU,END USER,019490f2-0000-7000-8000-123456789000,GRH,Cipta Graha,36000.0,0.0,0.0,0.0,36000.0,0.0,0.0,0.0,36000.0,0.0,0.0,,,,,,,0,89,True,Unpaid - Overdue,0,0,,,,,0,,0,0,0,,2026-10-03 07:00:00,paid,END USER,36000.0,0.0,0.0,36000.0,0.0,False,True,36000.0,Invoice status PAID but still outstanding,,,
019f359f-6e32-776f-82d6-a45ecc57232a,GRDN2607060017,2026-07-06 18:07:00.000,2026-07-06 19:07:00.000,paid,,019b8c17-258d-70a9-80b3-6f2545d64157,USR0255,Atik (Atik),EU,END USER,019490f2-0000-7000-8000-123456789000,GRH,Cipta Graha,120000.0,0.0,0.0,0.0,120000.0,0.0,0.0,0.0,120000.0,0.0,0.0,,,,,,,0,89,True,Unpaid - Overdue,0,0,,,,,0,,0,0,0,,2026-10-03 07:00:00,paid,END USER,120000.0,0.0,0.0,120000.0,0.0,False,True,120000.0,Invoice status PAID but still outstanding,,,
019f3a3c-40d1-7098-b8f1-0a4e45c6e9e0,GRDN2607070001,2026-07-07 15:39:00.000,2026-07-07 16:39:00.000,paid,,019b8c17-2580-73eb-858f-f97de1de6b8c,UMK0029,Selvia (Selvia),UMKM,UMKM,019490f2-0000-7000-8000-123456789000,GRH,Cipta Graha,50000.0,0.0,0.0,0.0,50000.0,0.0,0.0,0.0,50000.0,0.0,0.0,,,,,,,0,88,True,Unpaid - Overdue,0,0,,,,,0,,0,0,0,,2026-10-03 07:00:00,paid,UMKM,50000.0,0.0,0.0,50000.0,0.0,False,True,50000.0,Invoice status PAID but still outstanding,,,
019f3a90-caea-735d-9618-871663aa7be4,GRDN2607070005,2026-07-07 15:39:00.000,2026-07-07 16:39:00.000,paid,,019eddbc-fcd9-7338-b48b-ea5fa5d2215b,USR000263,Smp Satu Kartim,EU,END USER,019490f2-0000-7000-8000-123456789000,GRH,Cipta Graha,161000.0,0.0,0.0,0.0,161000.0,0.0,0.0,0.0,161000.0,0.0,0.0,,,,,,,0,88,True,Unpaid - Overdue,0,0,,,,,0,,0,0,0,,2026-10-03 07:00:00,paid,END USER,161000.0,0.0,0.0,161000.0,0.0,False,True,161000.0,Invoice status PAID but still outstanding,,,
019f3a98-dc00-778a-b31c-4b2f4a22b84d,GRDN2607070007,2026-07-07 15:39:00.000,2026-07-07 16:39:00.000,paid,,019b8c17-2582-719d-8d6b-ec6ce316d5c2,CG0037,Asep (Asep),AGEN,AGEN,019490f2-0000-7000-8000-123456789000,GRH,Cipta Graha,8000.0,0.0,0.0,0.0,8000.0,0.0,0.0,0.0,8000.0,0.0,0.0,,,,,,,0,88,True,Unpaid - Overdue,0,0,,,,,0,,0,0,0,,2026-10-03 07:00:00,paid,AGEN,8000.0,0.0,0.0,8000.0,0.0,False,True,8000.0,Invoice status PAID but still outstanding,,,
019f3ab9-bbb5-7737-bb92-7866366d69a4,GRDN2607070010,2026-07-07 15:39:00.000,2026-07-07 16:39:00.000,paid,,019b8c17-2589-707e-a1d2-1ff6e75a7710,CG0994,TMM (TMM),AGEN,AGEN,019490f2-0000-7000-8000-123456789000,GRH,Cipta Graha,39000.0,0.0,0.0,0.0,39000.0,0.0,0.0,0.0,39000.0,0.0,0.0,,,,,,,0,88,True,Unpaid - Overdue,0,0,,,,,0,,0,0,0,,2026-10-03 07:00:00,paid,AGEN,39000.0,0.0,0.0,39000.0,0.0,False,True,39000.0,Invoice status PAID but still outstanding,,,
019f3acd-981a-7640-b1e7-fc3f6c07fc5f,GRDN2607070011,2026-07-07 15:39:00.000,2026-07-07 16:39:00.000,paid,,019b8c17-2584-7369-8ac3-4461c97255de,CG0276,Sablon 21,AGEN,AGEN,019490f2-0000-7000-8000-123456789000,GRH,Cipta Graha,300000.0,0.0,0.0,0.0,300000.0,0.0,0.0,0.0,300000.0,0.0,0.0,,,,,,,0,88,True,Unpaid - Overdue,0,0,,,,,0,,0,0,0,,2026-10-03 07:00:00,paid,AGEN,300000.0,0.0,0.0,300000.0,0.0,False,True,300000.0,Invoice status PAID but still outstanding,,,
019f3b50-c8a2-77f9-b89d-5a166987202b,GRDN2607070018,2026-07-07 20:30:00.000,2026-07-07 21:30:00.000,paid,,019b8c17-2589-707e-a1d1-9d0ec0a0b0a9,CG0962,Winda (Winda),AGEN,AGEN,019490f2-0000-7000-8000-123456789000,GRH,Cipta Graha,70000.0,0.0,0.0,0.0,70000.0,0.0,0.0,0.0,70000.0,0.0,0.0,,,,,,,0,88,True,Unpaid - Overdue,0,0,,,,,0,,0,0,0,,2026-10-03 07:00:00,paid,AGEN,70000.0,0.0,0.0,70000.0,0.0,False,True,70000.0,Invoice status PAID but still outstanding,,,
019f3fbd-d8b4-7437-8495-aa6f069b8680,GRDN2607080008,2026-07-08 17:20:00.000,2026-07-08 17:23:00.000,paid,,019b8c17-2582-719d-8d6c-c46d7ac9658b,CG0091,Wisnu (Wisnu),AGEN,AGEN,019490f2-0000-7000-8000-123456789000,GRH,Cipta Graha,48000.0,0.0,0.0,0.0,48000.0,0.0,0.0,0.0,48000.0,0.0,0.0,,,,,,,0,87,True,Unpaid - Overdue,0,0,,,,,0,,0,0,0,,2026-10-03 07:00:00,paid,AGEN,48000.0,0.0,0.0,48000.0,0.0,False,True,48000.0,Invoice status PAID but still outstanding,,,
019f3ff0-808e-7265-8c46-e84a81e0962c,GRDN2607080013,2026-07-08 16:23:00.000,2026-07-08 17:23:00.000,paid,,019b8c17-258a-73f8-8a25-5a58e5a304d6,CG1197,Ikhsan (Ikhsan),AGEN,AGEN,019490f2-0000-7000-8000-123456789000,GRH,Cipta Graha,70000.0,0.0,0.0,0.0,70000.0,0.0,0.0,0.0,70000.0,0.0,0.0,,,,,,,0,87,True,Unpaid - Overdue,0,0,,,,,0,,0,0,0,,2026-10-03 07:00:00,paid,AGEN,70000.0,0.0,0.0,70000.0,0.0,False,True,70000.0,Invoice status PAID but still outstanding,,,
019f4002-eb2b-72c9-8c4e-0ac47399a130,GRDN2607080016,2026-07-08 16:23:00.000,2026-07-08 17:23:00.000,paid,,019b8c17-2583-76ae-899f-ba8aa626d55e,CG0150,PSJ (PSJ),AGEN,AGEN,019490f2-0000-7000-8000-123456789000,GRH,Cipta Graha,113380.0,380.0,0.0,0.0,113000.0,0.0,0.0,0.0,113000.0,0.0,0.0,,,,,,,0,87,True,Unpaid - Overdue,0,0,,,,,0,,0,0,0,,2026-10-03 07:00:00,paid,AGEN,113000.0,0.0,0.0,113000.0,0.0,False,True,113000.0,Invoice status PAID but still outstanding,,,
019f44af-2db2-71cc-8ece-000a0577f7d5,GRDN2607090004,2026-07-09 15:34:00.000,2026-07-09 16:34:00.000,paid,,019b8c17-2582-719d-8d6c-f08d9ab690a4,CG0102,Biru Kreasi,AGEN,AGEN,019490f2-0000-7000-8000-123456789000,GRH,Cipta Graha,28500.0,0.0,0.0,0.0,28500.0,0.0,0.0,0.0,28500.0,0.0,0.0,,,,,,,0,86,True,Unpaid - Overdue,0,0,,,,,0,,0,0,0,,2026-10-03 07:00:00,paid,AGEN,28500.0,0.0,0.0,28500.0,0.0,False,True,28500.0,Invoice status PAID but still outstanding,,,
019f4578-13c1-723d-a7a5-1c456c95f4c5,GRDN2607090012,2026-07-09 15:34:00.000,2026-07-09 16:34:00.000,paid,,019b8c17-2582-719d-8d6b-8b3a5ef7eb75,CG0012,Andri (Andri),AGEN,AGEN,019490f2-0000-7000-8000-123456789000,GRH,Cipta Graha,161000.0,0.0,0.0,0.0,161000.0,0.0,0.0,0.0,161000.0,0.0,0.0,,,,,,,0,86,True,Unpaid - Overdue,0,0,,,,,0,,0,0,0,,2026-10-03 07:00:00,paid,AGEN,161000.0,0.0,0.0,161000.0,0.0,False,True,161000.0,Invoice status PAID but still outstanding,,,
019f45c4-47b2-71d8-8cc3-2a235c082a07,GRDN2607090018,2026-07-09 20:53:00.000,2026-07-09 21:53:00.000,paid,,019b8c17-258a-73f8-8a23-98da90c1a958,CG1085,Seven Brothers,AGEN,AGEN,019490f2-0000-7000-8000-123456789000,GRH,Cipta Graha,152000.0,0.0,0.0,0.0,152000.0,0.0,0.0,0.0,152000.0,0.0,0.0,,,,,,,0,86,True,Unpaid - Overdue,0,0,,,,,0,,0,0,0,,2026-10-03 07:00:00,paid,AGEN,152000.0,0.0,0.0,152000.0,0.0,False,True,152000.0,Invoice status PAID but still outstanding,,,
019f49bc-fce4-7108-aac0-21e07f259256,GRDN2607100003,2026-07-10 15:50:00.000,2026-07-10 16:50:00.000,paid,,019b8c17-2589-707e-a1d2-9ec6a24f635d,CG1026,Citra (Citra),AGEN,AGEN,019490f2-0000-7000-8000-123456789000,GRH,Cipta Graha,95000.0,0.0,0.0,0.0,95000.0,0.0,0.0,0.0,95000.0,0.0,0.0,,,,,,,0,85,True,Unpaid - Overdue,0,0,,,,,0,,0,0,0,,2026-10-03 07:00:00,paid,AGEN,95000.0,0.0,0.0,95000.0,0.0,False,True,95000.0,Invoice status PAID but still outstanding,,,
019f4a16-df32-7287-b3d1-e1bdd2b5cace,GRDN2607100007,2026-07-10 17:20:00.000,2026-07-10 18:20:00.000,paid,,019b8c17-2587-7024-b689-cae18ab77e61,CG0737,Al Husna,AGEN,AGEN,019490f2-0000-7000-8000-123456789000,GRH,Cipta Graha,78750.0,750.0,0.0,0.0,78000.0,0.0,0.0,0.0,78000.0,0.0,0.0,,,,,,,0,85,True,Unpaid - Overdue,0,0,,,,,0,,0,0,0,,2026-10-03 07:00:00,paid,AGEN,78000.0,0.0,0.0,78000.0,0.0,False,True,78000.0,Invoice status PAID but still outstanding,,,
019f4a29-2e3b-73a7-8a5b-c287f90a518c,GRDN2607100008,2026-07-10 17:20:00.000,2026-07-10 18:20:00.000,paid,,019b8c17-2588-72fa-b2b8-746411cea751,CG0869,MB Digital,AGEN,AGEN,019490f2-0000-7000-8000-123456789000,GRH,Cipta Graha,70000.0,0.0,0.0,0.0,70000.0,0.0,0.0,0.0,70000.0,0.0,0.0,,,,,,,0,85,True,Unpaid - Overdue,0,0,,,,,0,,0,0,0,,2026-10-03 07:00:00,paid,AGEN,70000.0,0.0,0.0,70000.0,0.0,False,True,70000.0,Invoice status PAID but still outstanding,,,
019f5ae0-8bd1-7000-96c6-da9ca56d6d2f,GRDN2607130017,2026-07-13 15:47:00.000,2026-07-13 16:47:00.000,paid,,019b8c17-258d-70a9-80b3-ddc2e2b0ea40,USR0283,Joko (Joko),EU,END USER,019490f2-0000-7000-8000-123456789000,GRH,Cipta Graha,1312500.0,0.0,0.0,0.0,1312500.0,0.0,0.0,0.0,1312500.0,0.0,0.0,,,,,,,0,82,True,Unpaid - Overdue,0,0,,,,,0,,0,0,0,,2026-10-03 07:00:00,paid,END USER,1312500.0,0.0,0.0,1312500.0,0.0,False,True,1312500.0,Invoice status PAID but still outstanding,,,
019f5eb4-f26f-70ed-b23d-d871353e342f,GRDN2607140003,2026-07-14 17:38:00.000,2026-07-14 18:38:00.000,paid,,019b8c17-2588-72fa-b2b8-746411cea751,CG0869,MB Digital,AGEN,AGEN,019490f2-0000-7000-8000-123456789000,GRH,Cipta Graha,70000.0,0.0,0.0,0.0,70000.0,0.0,0.0,0.0,70000.0,0.0,0.0,,,,,,,0,81,True,Unpaid - Overdue,0,0,,,,,0,,0,0,0,,2026-10-03 07:00:00,paid,AGEN,70000.0,0.0,0.0,70000.0,0.0,False,True,70000.0,Invoice status PAID but still outstanding,,,
019f5eba-c107-722f-b3c8-f61b26d144a0,GRDN2607140004,2026-07-14 17:44:00.000,2026-07-14 18:44:00.000,paid,,019bdb79-e86a-709e-aee2-27584671c29d,EDU000001,Arma KJ1,SEKOLAH,SEKOLAH,019490f2-0000-7000-8000-123456789000,GRH,Cipta Graha,113000.0,0.0,0.0,0.0,113000.0,0.0,0.0,0.0,113000.0,0.0,0.0,,,,,,,0,81,True,Unpaid - Overdue,0,0,,,,,0,,0,0,0,,2026-10-03 07:00:00,paid,SEKOLAH,113000.0,0.0,0.0,113000.0,0.0,False,True,113000.0,Invoice status PAID but still outstanding,,,
019f5f6b-e4d0-720a-a7b2-48f04057f6b9,GRDN2607140009,2026-07-14 14:38:00.000,2026-07-14 15:38:00.000,paid,,019b8c17-2581-7764-8231-615fa47b793c,UMK0125,Sela (Sela),UMKM,UMKM,019490f2-0000-7000-8000-123456789000,GRH,Cipta Graha,70000.0,0.0,0.0,0.0,70000.0,0.0,0.0,0.0,70000.0,0.0,0.0,,,,,,,0,81,True,Unpaid - Overdue,0,0,,,,,0,,0,0,0,,2026-10-03 07:00:00,paid,UMKM,70000.0,0.0,0.0,70000.0,0.0,False,True,70000.0,Invoice status PAID but still outstanding,,,
019f5f75-bead-777c-84c1-f34342b9bb8f,GRDN2607140010,2026-07-14 14:38:00.000,2026-07-14 15:38:00.000,paid,,019b8c17-258d-70a9-80b3-ddc2e2b0ea40,USR0283,Joko (Joko),EU,END USER,019490f2-0000-7000-8000-123456789000,GRH,Cipta Graha,600000.0,0.0,0.0,0.0,600000.0,0.0,0.0,0.0,600000.0,0.0,0.0,,,,,,,0,81,True,Unpaid - Overdue,0,0,,,,,0,,0,0,0,,2026-10-03 07:00:00,paid,END USER,600000.0,0.0,0.0,600000.0,0.0,False,True,600000.0,Invoice status PAID but still outstanding,,,
019f5f85-c70a-70a8-9d4c-f2c851f70670,GRDN2607140012,2026-07-14 14:38:00.000,2026-07-14 15:38:00.000,paid,,019eba80-fdea-752a-afa4-9241ccf03ef6,EDU000010,Tyas Insan Mandiri,SEKOLAH,SEKOLAH,019490f2-0000-7000-8000-123456789000,GRH,Cipta Graha,65000.0,0.0,0.0,0.0,65000.0,0.0,0.0,0.0,65000.0,0.0,0.0,,,,,,,0,81,True,Unpaid - Overdue,0,0,,,,,0,,0,0,0,,2026-10-03 07:00:00,paid,SEKOLAH,65000.0,0.0,0.0,65000.0,0.0,False,True,65000.0,Invoice status PAID but still outstanding,,,
019f5fdb-4f1b-711b-a95b-35722e8d9ca4,GRDN2607140017,2026-07-14 14:38:00.000,2026-07-15 15:38:00.000,paid,,019b8c17-2583-76ae-89a0-892323675c89,CG0202,Ananda Grafika,AGEN,AGEN,019490f2-0000-7000-8000-123456789000,GRH,Cipta Graha,16000.0,0.0,0.0,0.0,16000.0,0.0,0.0,0.0,16000.0,0.0,0.0,,,,,,,0,80,True,Unpaid - Overdue,0,0,,,,,0,,0,0,0,,2026-10-03 07:00:00,paid,AGEN,16000.0,0.0,0.0,16000.0,0.0,False,True,16000.0,Invoice status PAID but still outstanding,,,
019f604b-cf80-71ac-8c43-cd2081e2365f,GRDN2607140023,2026-07-14 14:38:00.000,2026-07-15 15:38:00.000,paid,,019b8c17-2582-719d-8d6b-44717cfedad1,EDU0020,Asrofi (Asrofi),SEKOLAH,SEKOLAH,019490f2-0000-7000-8000-123456789000,GRH,Cipta Graha,40000.0,0.0,0.0,0.0,40000.0,0.0,0.0,0.0,40000.0,0.0,0.0,,,,,,,0,80,True,Unpaid - Overdue,0,0,,,,,0,,0,0,0,,2026-10-03 07:00:00,paid,SEKOLAH,40000.0,0.0,0.0,40000.0,0.0,False,True,40000.0,Invoice status PAID but still outstanding,,,
019f69c3-6c6f-706a-b03a-34785e811f58,GRDN2607160011,2026-07-16 17:56:00.000,2026-07-16 18:56:00.000,paid,,019b8c17-2584-7369-8ac4-bf50fc582417,CG0370,Merdeka Jaya,AGEN,AGEN,019490f2-0000-7000-8000-123456789000,GRH,Cipta Graha,12000.0,0.0,0.0,0.0,12000.0,0.0,0.0,0.0,12000.0,0.0,0.0,,,,,,,0,79,True,Unpaid - Overdue,0,0,,,,,0,,0,0,0,,2026-10-03 07:00:00,paid,AGEN,12000.0,0.0,0.0,12000.0,0.0,False,True,12000.0,Invoice status PAID but still outstanding,,,
019f69d4-387d-761e-a5cb-e93d95875c84,GRDN2607160012,2026-07-16 17:56:00.000,2026-07-16 18:56:00.000,paid,,019b8c17-2582-719d-8d6d-240a0976f1c8,CG0115,Percetakan Anis,AGEN,AGEN,019490f2-0000-7000-8000-123456789000,GRH,Cipta Graha,170000.0,0.0,0.0,0.0,170000.0,0.0,0.0,0.0,170000.0,0.0,0.0,,,,,,,0,79,True,Unpaid - Overdue,0,0,,,,,0,,0,0,0,,2026-10-03 07:00:00,paid,AGEN,170000.0,0.0,0.0,170000.0,0.0,False,True,170000.0,Invoice status PAID but still outstanding,,,
019f6a4c-6d64-76f9-9ef5-67b52f6cd41b,GRDN2607160020,2026-07-16 17:56:00.000,2026-07-16 18:56:00.000,paid,,019b8c17-2585-7636-a585-8f9aa2091b66,CG0463,Shinta (Shinta),AGEN,AGEN,019490f2-0000-7000-8000-123456789000,GRH,Cipta Graha,60000.0,0.0,0.0,0.0,60000.0,0.0,0.0,0.0,60000.0,0.0,0.0,,,,,,,0,79,True,Unpaid - Overdue,0,0,,,,,0,,0,0,0,,2026-10-03 07:00:00,paid,AGEN,60000.0,0.0,0.0,60000.0,0.0,False,True,60000.0,Invoice status PAID but still outstanding,,,
019f6a57-2db3-76e3-8923-469fb3c64399,GRDN2607160022,2026-07-16 17:56:00.000,2026-07-16 18:56:00.000,paid,,019b8c17-2589-707e-a1d2-cc44b9006c0c,CG1038,Karya Mandiri,AGEN,AGEN,019490f2-0000-7000-8000-123456789000,GRH,Cipta Graha,57000.0,0.0,0.0,0.0,57000.0,0.0,0.0,0.0,57000.0,0.0,0.0,,,,,,,0,79,True,Unpaid - Overdue,0,0,,,,,0,,0,0,0,,2026-10-03 07:00:00,paid,AGEN,57000.0,0.0,0.0,57000.0,0.0,False,True,57000.0,Invoice status PAID but still outstanding,,,
019f6a7a-6998-755c-85e6-16852b2eedce,GRDN2607160025,2026-07-16 17:56:00.000,2026-07-16 18:56:00.000,paid,,019b8c17-2584-7369-8ac3-f924f8b710c1,CG0321,Dini Pratiwi,AGEN,AGEN,019490f2-0000-7000-8000-123456789000,GRH,Cipta Graha,68000.0,0.0,0.0,0.0,68000.0,0.0,0.0,0.0,68000.0,0.0,0.0,,,,,,,0,79,True,Unpaid - Overdue,0,0,,,,,0,,0,0,0,,2026-10-03 07:00:00,paid,AGEN,68000.0,0.0,0.0,68000.0,0.0,False,True,68000.0,Invoice status PAID but still outstanding,,,
019f6eb4-5998-72d7-9cfa-e65dd707cc30,GRDN2607170001,2026-07-17 18:20:00.000,2026-07-17 19:20:00.000,paid,,019b8c17-2583-76ae-899f-ba8aa626d55e,CG0150,PSJ (PSJ),AGEN,AGEN,019490f2-0000-7000-8000-123456789000,GRH,Cipta Graha,109380.0,380.0,0.0,0.0,109000.0,0.0,0.0,0.0,109000.0,0.0,0.0,,,,,,,0,78,True,Unpaid - Overdue,0,0,,,,,0,,0,0,0,,2026-10-03 07:00:00,paid,AGEN,109000.0,0.0,0.0,109000.0,0.0,False,True,109000.0,Invoice status PAID but still outstanding,,,
019f6ebe-dc99-74be-abe8-edfb6781a222,GRDN2607170003,2026-07-17 18:20:00.000,2026-07-17 19:20:00.000,paid,,019b8c17-2591-708f-aec1-2c6e50e3f0b9,USR0724,DEJITARU (DEJITARU),EU,END USER,019490f2-0000-7000-8000-123456789000,GRH,Cipta Graha,31000.0,0.0,0.0,0.0,31000.0,0.0,0.0,0.0,31000.0,0.0,0.0,,,,,,,0,78,True,Unpaid - Overdue,0,0,,,,,0,,0,0,0,,2026-10-03 07:00:00,paid,END USER,31000.0,0.0,0.0,31000.0,0.0,False,True,31000.0,Invoice status PAID but still outstanding,,,
019f6f6e-7a5c-75de-9b4f-73de2415c2f1,GRDN2607170008,2026-07-17 18:20:00.000,2026-07-17 19:20:00.000,paid,,019b8c17-2590-75dd-bf01-81bbc8c41db3,USR0608,Kirana (Kirana),EU,END USER,019490f2-0000-7000-8000-123456789000,GRH,Cipta Graha,80000.0,0.0,0.0,0.0,80000.0,0.0,0.0,0.0,80000.0,0.0,0.0,,,,,,,0,78,True,Unpaid - Overdue,0,0,,,,,0,,0,0,0,,2026-10-03 07:00:00,paid,END USER,80000.0,0.0,0.0,80000.0,0.0,False,True,80000.0,Invoice status PAID but still outstanding,,,
019f6fc9-f781-77a9-a3aa-55e5a7751056,GRDN2607170014,2026-07-18 00:17:00.000,2026-07-18 01:17:00.000,paid,,019b8c17-2596-75c8-9955-f9f24f262ff8,USR1286,Eka Mutia,EU,END USER,019490f2-0000-7000-8000-123456789000,GRH,Cipta Graha,65000.0,0.0,0.0,0.0,65000.0,0.0,0.0,0.0,65000.0,0.0,0.0,,,,,,,0,77,True,Unpaid - Overdue,0,0,,,,,0,,0,0,0,,2026-10-03 07:00:00,paid,END USER,65000.0,0.0,0.0,65000.0,0.0,False,True,65000.0,Invoice status PAID but still outstanding,,,
019f7483-c990-735d-b6c9-bba0b679c7cc,GLRW2607180004,2026-07-18 22:15:00.000,2026-07-18 23:15:00.000,paid,,019b8de0-01de-7192-a2a4-f643c8804d36,USR0278,Riska Fethy Liana,EU,END USER,019490f2-0001-7000-8000-123456789001,GLH,Cipta Galuh,200000.0,0.0,0.0,0.0,200000.0,0.0,0.0,0.0,200000.0,0.0,0.0,,,,,,,0,77,True,Unpaid - Overdue,0,0,,,,,0,,0,0,0,,2026-10-03 07:00:00,paid,END USER,200000.0,0.0,0.0,200000.0,0.0,False,True,200000.0,Invoice status PAID but still outstanding,,,
019f7859-85bd-707d-9d3c-1e2b7786d3b5,GRDN2607190011,2026-07-19 16:44:00.000,2026-07-19 17:44:00.000,paid,,019b8c17-258a-73f8-8a23-e7e02a2c2a7d,CG1104,Syifa Comp,AGEN,AGEN,019490f2-0000-7000-8000-123456789000,GRH,Cipta Graha,102000.0,0.0,0.0,0.0,102000.0,0.0,0.0,0.0,102000.0,0.0,0.0,,,,,,,0,76,True,Unpaid - Overdue,0,0,,,,,0,,0,0,0,,2026-10-03 07:00:00,paid,AGEN,102000.0,0.0,0.0,102000.0,0.0,False,True,102000.0,Invoice status PAID but still outstanding,,,
019f7863-78dd-753a-8346-4024ab1f12a5,GRDN2607190013,2026-07-19 16:44:00.000,2026-07-19 17:44:00.000,paid,,019b8c17-258a-73f8-8a23-e7e02a2c2a7d,CG1104,Syifa Comp,AGEN,AGEN,019490f2-0000-7000-8000-123456789000,GRH,Cipta Graha,72575.0,75.0,0.0,0.0,72500.0,0.0,0.0,0.0,72500.0,0.0,0.0,,,,,,,0,76,True,Unpaid - Overdue,0,0,,,,,0,,0,0,0,,2026-10-03 07:00:00,paid,AGEN,72500.0,0.0,0.0,72500.0,0.0,False,True,72500.0,Invoice status PAID but still outstanding,,,
019f786a-0aef-752d-8df7-d6274675097d,GRDN2607190014,2026-07-19 16:44:00.000,2026-07-19 17:44:00.000,paid,,019b8c17-2588-72fa-b2b8-83fb9545a760,CG0872,Darmat (Darmat),AGEN,AGEN,019490f2-0000-7000-8000-123456789000,GRH,Cipta Graha,142500.0,0.0,0.0,0.0,142500.0,0.0,0.0,0.0,142500.0,0.0,0.0,,,,,,,0,76,True,Unpaid - Overdue,0,0,,,,,0,,0,0,0,,2026-10-03 07:00:00,paid,AGEN,142500.0,0.0,0.0,142500.0,0.0,False,True,142500.0,Invoice status PAID but still outstanding,,,
019f7875-c733-74de-aaab-1d5d3193d5a0,GRDN2607190015,2026-07-19 16:44:00.000,2026-07-19 17:44:00.000,paid,,019b8c17-2582-719d-8d6b-bc0c18f21a99,CG0025,Boom FC,AGEN,AGEN,019490f2-0000-7000-8000-123456789000,GRH,Cipta Graha,135000.0,0.0,0.0,0.0,135000.0,0.0,0.0,0.0,135000.0,0.0,0.0,,,,,,,0,76,True,Unpaid - Overdue,0,0,,,,,0,,0,0,0,,2026-10-03 07:00:00,paid,AGEN,135000.0,0.0,0.0,135000.0,0.0,False,True,135000.0,Invoice status PAID but still outstanding,,,
019f7899-8f8e-722f-9cf7-07f19bc1c078,GRDN2607190016,2026-07-19 15:10:00.000,2026-07-19 16:10:00.000,paid,,019b8c17-2588-72fa-b2b7-e57e12723b88,CG0833,Ade Bedeng,AGEN,AGEN,019490f2-0000-7000-8000-123456789000,GRH,Cipta Graha,575500.0,500.0,0.0,0.0,575000.0,0.0,0.0,0.0,575000.0,0.0,0.0,,,,,,,0,76,True,Unpaid - Overdue,0,0,,,,,0,,0,0,0,,2026-10-03 07:00:00,paid,AGEN,575000.0,0.0,0.0,575000.0,0.0,False,True,575000.0,Invoice status PAID but still outstanding,,,
019f78b2-7862-762b-9cce-fb395964d037,GRDN2607190017,2026-07-19 15:10:00.000,2026-07-19 16:10:00.000,paid,,019b8c17-2596-75c8-9955-9398d8cec661,USR1260,ISAK (ISAK),EU,END USER,019490f2-0000-7000-8000-123456789000,GRH,Cipta Graha,262800.0,300.0,0.0,0.0,262500.0,0.0,0.0,0.0,262500.0,0.0,0.0,,,,,,,0,76,True,Unpaid - Overdue,0,0,,,,,0,,0,0,0,,2026-10-03 07:00:00,paid,END USER,262500.0,0.0,0.0,262500.0,0.0,False,True,262500.0,Invoice status PAID but still outstanding,,,
019f792e-729a-7511-8e86-f1ec0b027ca3,GRDN2607190020,2026-07-19 15:10:00.000,2026-07-19 16:10:00.000,paid,,019b8c17-258c-7605-a5d3-cfe591415963,USR0037,Anggi (Anggi),EU,END USER,019490f2-0000-7000-8000-123456789000,GRH,Cipta Graha,10000.0,0.0,0.0,0.0,10000.0,0.0,0.0,0.0,10000.0,0.0,0.0,,,,,,,0,76,True,Unpaid - Overdue,0,0,,,,,0,,0,0,0,,2026-10-03 07:00:00,paid,END USER,10000.0,0.0,0.0,10000.0,0.0,False,True,10000.0,Invoice status PAID but still outstanding,,,
019f7947-65e0-779a-98f5-f8cbcee76bb8,GRDN2607190022,2026-07-19 15:10:00.000,2026-07-19 16:10:00.000,paid,,019b8c17-2596-75c8-9955-9398d8cec661,USR1260,ISAK (ISAK),EU,END USER,019490f2-0000-7000-8000-123456789000,GRH,Cipta Graha,21200.0,200.0,0.0,0.0,21000.0,0.0,0.0,0.0,21000.0,0.0,0.0,,,,,,,0,76,True,Unpaid - Overdue,0,0,,,,,0,,0,0,0,,2026-10-03 07:00:00,paid,END USER,21000.0,0.0,0.0,21000.0,0.0,False,True,21000.0,Invoice status PAID but still outstanding,,,
019f796e-c8ad-708a-8ea0-5e3a6b9363c7,GRDN2607190025,2026-07-19 16:44:00.000,2026-07-19 17:44:00.000,paid,,019b8c17-2591-708f-aec1-2c6e50e3f0b9,USR0724,DEJITARU (DEJITARU),EU,END USER,019490f2-0000-7000-8000-123456789000,GRH,Cipta Graha,91000.0,0.0,0.0,0.0,91000.0,0.0,0.0,0.0,91000.0,0.0,0.0,,,,,,,0,76,True,Unpaid - Overdue,0,0,,,,,0,,0,0,0,,2026-10-03 07:00:00,paid,END USER,91000.0,0.0,0.0,91000.0,0.0,False,True,91000.0,Invoice status PAID but still outstanding,,,
019f798e-3fab-70b0-8dc5-22f2e6f83654,GRDN2607190026,2026-07-19 16:44:00.000,2026-07-19 17:44:00.000,paid,,019b8c17-2582-719d-8d6b-9c2597d61505,CG0017,Dede (Dede),AGEN,AGEN,019490f2-0000-7000-8000-123456789000,GRH,Cipta Graha,210000.0,0.0,0.0,0.0,210000.0,0.0,0.0,0.0,210000.0,0.0,0.0,,,,,,,0,76,True,Unpaid - Overdue,0,0,,,,,0,,0,0,0,,2026-10-03 07:00:00,paid,AGEN,210000.0,0.0,0.0,210000.0,0.0,False,True,210000.0,Invoice status PAID but still outstanding,,,
019f798f-2309-7664-98a3-56ede0c525be,GRDN2607190027,2026-07-19 16:44:00.000,2026-07-19 17:44:00.000,paid,,019b8c17-2582-719d-8d6b-38b65d1e6f73,EDU0017,Hansalisa (Hansalisa),SEKOLAH,SEKOLAH,019490f2-0000-7000-8000-123456789000,GRH,Cipta Graha,75000.0,0.0,0.0,0.0,75000.0,0.0,0.0,0.0,75000.0,0.0,0.0,,,,,,,0,76,True,Unpaid - Overdue,0,0,,,,,0,,0,0,0,,2026-10-03 07:00:00,paid,SEKOLAH,75000.0,0.0,0.0,75000.0,0.0,False,True,75000.0,Invoice status PAID but still outstanding,,,
019f7996-4f48-7232-bfc9-50d9bc854827,GRDN2607190028,2026-07-19 16:44:00.000,2026-07-19 17:44:00.000,paid,,019b8c17-2582-719d-8d6b-9c2597d61505,CG0017,Dede (Dede),AGEN,AGEN,019490f2-0000-7000-8000-123456789000,GRH,Cipta Graha,356000.0,0.0,0.0,0.0,356000.0,0.0,0.0,0.0,356000.0,0.0,0.0,,,,,,,0,76,True,Unpaid - Overdue,0,0,,,,,0,,0,0,0,,2026-10-03 07:00:00,paid,AGEN,356000.0,0.0,0.0,356000.0,0.0,False,True,356000.0,Invoice status PAID but still outstanding,,,
019f7da4-0fe0-718a-a950-bcc4da9e1348,GRDN2607200009,2026-07-20 15:31:00.000,2026-07-20 16:31:00.000,paid,,019b8c17-2585-7636-a584-4977fd4badb2,CG0382,Irema Al-Muslim,AGEN,AGEN,019490f2-0000-7000-8000-123456789000,GRH,Cipta Graha,172500.0,0.0,0.0,0.0,172500.0,0.0,0.0,0.0,172500.0,0.0,0.0,,,,,,,0,75,True,Unpaid - Overdue,0,0,,,,,0,,0,0,0,,2026-10-03 07:00:00,paid,AGEN,172500.0,0.0,0.0,172500.0,0.0,False,True,172500.0,Invoice status PAID but still outstanding,,,
019f7dab-241f-732a-9b06-32782530c78c,GRDN2607200010,2026-07-20 15:31:00.000,2026-07-20 16:31:00.000,paid,,019b8c17-2585-7636-a584-4977fd4badb2,CG0382,Irema Al-Muslim,AGEN,AGEN,019490f2-0000-7000-8000-123456789000,GRH,Cipta Graha,191500.0,0.0,0.0,0.0,191500.0,0.0,0.0,0.0,191500.0,0.0,0.0,,,,,,,0,75,True,Unpaid - Overdue,0,0,,,,,0,,0,0,0,,2026-10-03 07:00:00,paid,AGEN,191500.0,0.0,0.0,191500.0,0.0,False,True,191500.0,Invoice status PAID but still outstanding,,,
019f839c-4640-725e-b45b-9f8998c2b644,GRDN2607210013,2026-07-21 21:21:00.000,2026-07-21 22:21:00.000,paid,,019b8c17-2588-72fa-b2b8-746411cea751,CG0869,MB Digital,AGEN,AGEN,019490f2-0000-7000-8000-123456789000,GRH,Cipta Graha,75000.0,0.0,0.0,0.0,75000.0,0.0,0.0,0.0,75000.0,0.0,0.0,,,,,,,0,74,True,Unpaid - Overdue,0,0,,,,,0,,0,0,0,,2026-10-03 07:00:00,paid,AGEN,75000.0,0.0,0.0,75000.0,0.0,False,True,75000.0,Invoice status PAID but still outstanding,,,
019f8786-be73-75be-8e43-ef1e0622b2fb,GRDN2607220001,2026-07-22 15:52:00.000,2026-07-22 16:52:00.000,paid,,019b8c17-2593-7611-b59c-ccdf859ecb9d,USR0937,AZWAR ANNAS,EU,END USER,019490f2-0000-7000-8000-123456789000,GRH,Cipta Graha,70000.0,0.0,0.0,0.0,70000.0,0.0,0.0,0.0,70000.0,0.0,0.0,,,,,,,0,73,True,Unpaid - Overdue,0,0,,,,,0,,0,0,0,,2026-10-03 07:00:00,paid,END USER,70000.0,0.0,0.0,70000.0,0.0,False,True,70000.0,Invoice status PAID but still outstanding,,,
019f8814-89e3-74a9-8ab0-467afd60f3ab,GRDN2607220008,2026-07-22 16:08:00.000,2026-07-22 17:08:00.000,paid,,019b8c17-258b-75fe-aeda-2e21a91263fa,CG1289,Hasna (Hasna),AGEN,AGEN,019490f2-0000-7000-8000-123456789000,GRH,Cipta Graha,17000.0,0.0,0.0,0.0,17000.0,0.0,0.0,0.0,17000.0,0.0,0.0,,,,,,,0,73,True,Unpaid - Overdue,0,0,,,,,0,,0,0,0,,2026-10-03 07:00:00,paid,AGEN,17000.0,0.0,0.0,17000.0,0.0,False,True,17000.0,Invoice status PAID but still outstanding,,,
019f8825-126a-7708-a3ee-a331572ceedc,GRDN2607220009,2026-07-22 16:08:00.000,2026-07-22 17:08:00.000,paid,,019b8c17-258a-73f8-8a24-6135a914e34d,CG1135,Kikan (Kikan),AGEN,AGEN,019490f2-0000-7000-8000-123456789000,GRH,Cipta Graha,165000.0,0.0,0.0,0.0,165000.0,0.0,0.0,0.0,165000.0,0.0,0.0,,,,,,,0,73,True,Unpaid - Overdue,0,0,,,,,0,,0,0,0,,2026-10-03 07:00:00,paid,AGEN,165000.0,0.0,0.0,165000.0,0.0,False,True,165000.0,Invoice status PAID but still outstanding,,,
019fa659-cd59-70f9-82dc-98834db1bb1e,GLRW2607280002,2026-07-28 08:30:00.000,2026-07-28 09:30:00.000,paid,,019b8de0-01dc-74cd-ba24-cc4da9b4c985,UMK0331,Ridwan (Ridwan),UMKM,UMKM,019490f2-0001-7000-8000-123456789001,GLH,Cipta Galuh,165000.0,0.0,0.0,0.0,165000.0,0.0,0.0,0.0,165000.0,0.0,0.0,,,,,,,0,67,True,Unpaid - Overdue,0,0,,,,,0,,0,0,0,,2026-10-03 07:00:00,paid,UMKM,165000.0,0.0,0.0,165000.0,0.0,False,True,165000.0,Invoice status PAID but still outstanding,,,
019fa6bf-1562-773c-8eee-d9640ad8603c,GRDN2607280007,2026-07-28 10:20:00.000,2026-07-28 11:20:00.000,paid,,019fa6bd-e929-7028-bab9-d298e373dc55,USR000327,Haji Kaswin,EU,END USER,019490f2-0000-7000-8000-123456789000,GRH,Cipta Graha,206000.0,0.0,0.0,0.0,206000.0,0.0,0.0,0.0,206000.0,0.0,0.0,,,,,,,0,67,True,Unpaid - Overdue,0,0,,,,,0,,0,0,0,,2026-10-03 07:00:00,paid,END USER,206000.0,0.0,0.0,206000.0,0.0,False,True,206000.0,Invoice status PAID but still outstanding,,,
019fac49-f109-73bc-bf8c-809cb285e0f1,GLIH2607290002,2026-07-29 12:04:00.000,2026-07-29 13:04:00.000,paid,,019fac49-42d5-7489-bc88-4ae00bb20907,USR000230,Adrian Softex,EU,END USER,019490f2-0001-7000-8000-123456789001,GLH,Cipta Galuh,900000.0,0.0,0.0,0.0,900000.0,0.0,0.0,0.0,900000.0,0.0,0.0,,,,,,,0,66,True,Unpaid - Overdue,0,0,,,,,0,,0,0,0,,2026-10-03 07:00:00,paid,END USER,900000.0,0.0,0.0,900000.0,0.0,False,True,900000.0,Invoice status PAID but still outstanding,,,
019fbb17-a7e0-71cf-998b-6b9fee5bd908,GRDN2608010008,2026-08-01 08:19:00.000,2026-08-01 09:19:00.000,paid,,019b8c17-2585-7636-a584-3bbb0745ae69,CG0378,Ade Jahit,AGEN,AGEN,019490f2-0000-7000-8000-123456789000,GRH,Cipta Graha,382700.0,0.0,0.0,0.0,382700.0,0.0,0.0,0.0,382700.0,0.0,0.0,,,,,,,0,63,True,Unpaid - Overdue,0,0,,,,,0,,0,0,0,,2026-10-03 07:00:00,paid,AGEN,382700.0,0.0,0.0,382700.0,0.0,False,True,382700.0,Invoice status PAID but still outstanding,,,
019fbc5d-9b92-75b8-b5af-f1cdff289163,GRDN2608010011,2026-08-01 08:47:00.000,2026-08-01 09:47:00.000,paid,,019b8c17-2585-7636-a585-8f9aa2091b66,CG0463,Shinta (Shinta),AGEN,AGEN,019490f2-0000-7000-8000-123456789000,GRH,Cipta Graha,133000.0,0.0,0.0,0.0,133000.0,0.0,0.0,0.0,133000.0,0.0,0.0,,,,,,,0,63,True,Unpaid - Overdue,0,0,,,,,0,,0,0,0,,2026-10-03 07:00:00,paid,AGEN,133000.0,0.0,0.0,133000.0,0.0,False,True,133000.0,Invoice status PAID but still outstanding,,,
019feab2-b341-7101-9bc0-1a539a4591a7,GLRW2608100003,2026-08-10 09:36:00.000,2026-08-10 10:36:00.000,paid,,019feaac-c6d1-7678-90c4-7576f87e3418,USR000251,Warkop Ropang Konsumen,EU,END USER,019490f2-0001-7000-8000-123456789001,GLH,Cipta Galuh,355000.0,0.0,0.0,0.0,355000.0,0.0,0.0,0.0,355000.0,0.0,0.0,,,,,,,0,54,True,Unpaid - Overdue,0,0,,,,,0,,0,0,0,,2026-10-03 07:00:00,paid,END USER,355000.0,0.0,0.0,355000.0,0.0,False,True,355000.0,Invoice status PAID but still outstanding,,,
019feef5-0fbc-73be-b8df-1e8e9efe4420,GLRW2608110002,2026-08-11 09:53:00.000,2026-08-11 10:53:00.000,paid,,019feaac-c6d1-7678-90c4-7576f87e3418,USR000251,Warkop Ropang Konsumen,EU,END USER,019490f2-0001-7000-8000-123456789001,GLH,Cipta Galuh,95000.0,0.0,0.0,0.0,95000.0,0.0,0.0,0.0,95000.0,0.0,0.0,,,,,,,0,53,True,Unpaid - Overdue,0,0,,,,,0,,0,0,0,,2026-10-03 07:00:00,paid,END USER,95000.0,0.0,0.0,95000.0,0.0,False,True,95000.0,Invoice status PAID but still outstanding,,,
01a017ac-ff78-71c9-99d0-2dc0c46e03db,GLRW2608190001,2026-08-19 08:35:00.000,2026-08-19 09:35:00.000,paid,,01a017ac-296b-72ac-8526-d9e651aa356b,USR000262,Mawar Salon Konsumen,EU,END USER,019490f2-0001-7000-8000-123456789001,GLH,Cipta Galuh,165000.0,0.0,0.0,0.0,165000.0,0.0,0.0,0.0,165000.0,0.0,0.0,,,,,,,0,45,True,Unpaid - Overdue,0,0,,,,,0,,0,0,0,,2026-10-03 07:00:00,paid,END USER,165000.0,0.0,0.0,165000.0,0.0,False,True,165000.0,Invoice status PAID but still outstanding,,,
01a07ab5-b8df-70f2-880a-4c55ad0991ec,GLRW2609070004,2026-09-07 14:11:00.000,2026-09-07 15:11:00.000,paid,,019feaac-c6d1-7678-90c4-7576f87e3418,USR000251,Warkop Ropang Konsumen,EU,END USER,019490f2-0001-7000-8000-123456789001,GLH,Cipta Galuh,285000.0,0.0,0.0,0.0,285000.0,0.0,0.0,0.0,285000.0,0.0,0.0,,,,,,,0,26,True,Unpaid - Overdue,0,0,,,,,0,,0,0,0,,2026-10-03 07:00:00,paid,END USER,285000.0,0.0,0.0,285000.0,0.0,False,True,285000.0,Invoice status PAID but still outstanding,,,
01a08522-c0b2-7137-9214-4923666fef8a,GLRW2609090003,2026-09-09 14:46:00.000,2026-09-12 14:46:00.000,paid,,019ceb51-8681-7148-bd67-22bb01e94d34,USR000066,Danis Konsumen Umum,EU,END USER,019490f2-0001-7000-8000-123456789001,GLH,Cipta Galuh,225000.0,0.0,0.0,0.0,225000.0,0.0,0.0,0.0,225000.0,0.0,0.0,,,,,,,0,21,True,Unpaid - Overdue,0,0,,,,,0,,0,0,0,,2026-10-03 07:00:00,paid,END USER,225000.0,0.0,0.0,225000.0,0.0,False,True,225000.0,Invoice status PAID but still outstanding,,,
01a0852f-bf57-733c-af45-02aece1c17b1,GLRW2609090004,2026-09-09 14:59:00.000,2026-09-12 14:59:00.000,paid,,019b8de0-01db-741f-ab3f-1a2fab6142f3,IND0412,PT. P&G,INDUSTRI,INDUSTRI,019490f2-0001-7000-8000-123456789001,GLH,Cipta Galuh,485000.0,0.0,0.0,0.0,485000.0,0.0,0.0,0.0,485000.0,0.0,0.0,,,,,,,0,21,True,Unpaid - Overdue,0,0,,,,,0,,0,0,0,,2026-10-03 07:00:00,paid,INDUSTRI,485000.0,0.0,0.0,485000.0,0.0,False,True,485000.0,Invoice status PAID but still outstanding,,,
01a0897a-4000-7458-ae7b-f5529a92d855,GLRW2609100002,2026-09-10 11:00:00.000,2026-09-14 11:00:00.000,paid,,019b8de0-01de-7192-a2a5-83ab36b84b5c,USR0313,Thomas (Thomas),EU,END USER,019490f2-0001-7000-8000-123456789001,GLH,Cipta Galuh,960000.0,0.0,0.0,0.0,960000.0,0.0,0.0,0.0,960000.0,0.0,0.0,,,,,,,0,19,True,Unpaid - Overdue,0,0,,,,,0,,0,0,0,,2026-10-03 07:00:00,paid,END USER,960000.0,0.0,0.0,960000.0,0.0,False,True,960000.0,Invoice status PAID but still outstanding,,,
01a08a1b-5576-76f5-a9a4-a7bf360aa53a,GLMH2609100008,2026-09-10 13:56:00.000,2026-09-13 13:56:00.000,paid,,019b8de0-01db-741f-ab3f-b7620b4097c3,IND0451,PT. Sannohashi Manufacturing Indonesia,INDUSTRI,INDUSTRI,019490f2-0001-7000-8000-123456789001,GLH,Cipta Galuh,120000.0,0.0,0.0,0.0,120000.0,0.0,0.0,0.0,120000.0,0.0,0.0,,,,,,,0,20,True,Unpaid - Overdue,0,0,,,,,0,,0,0,0,,2026-10-03 07:00:00,paid,INDUSTRI,120000.0,0.0,0.0,120000.0,0.0,False,True,120000.0,Invoice status PAID but still outstanding,,,
01a08e47-5ae0-70c8-9467-e58df921a08e,GLRW2609110002,2026-09-11 09:23:00.000,2026-09-14 09:23:00.000,paid,,019b8de0-01da-73d7-8d42-c1b79a7b7b52,IND0008,Pamdes Margakaya Sejahtera,INDUSTRI,INDUSTRI,019490f2-0001-7000-8000-123456789001,GLH,Cipta Galuh,600000.0,0.0,0.0,0.0,600000.0,0.0,0.0,0.0,600000.0,0.0,0.0,,,,,,,0,19,True,Unpaid - Overdue,0,0,,,,,0,,0,0,0,,2026-10-03 07:00:00,paid,INDUSTRI,600000.0,0.0,0.0,600000.0,0.0,False,True,600000.0,Invoice status PAID but still outstanding,,,
01a09da9-c757-709c-b5c1-d2aff5a7fd36,GLRW2609140001,2026-09-14 09:03:00.000,2026-09-17 09:03:00.000,paid,,019fb717-50d3-773a-a273-0eeb4826f259,USR000237,Schneider Electric Factory,EU,END USER,019490f2-0001-7000-8000-123456789001,GLH,Cipta Galuh,220000.0,0.0,0.0,0.0,220000.0,0.0,0.0,0.0,220000.0,0.0,0.0,,,,,,,0,16,True,Unpaid - Overdue,0,0,,,,,0,,0,0,0,,2026-10-03 07:00:00,paid,END USER,220000.0,0.0,0.0,220000.0,0.0,False,True,220000.0,Invoice status PAID but still outstanding,,,
01a0a2bc-d973-77d8-9b23-c86ff8858d7c,GLRW2609150001,2026-09-15 08:38:00.000,2026-09-18 08:38:00.000,paid,,019b8de0-01dc-74cd-ba21-6f58cdc2cf85,UMK0115,egi (egi),UMKM,UMKM,019490f2-0001-7000-8000-123456789001,GLH,Cipta Galuh,170000.0,0.0,0.0,0.0,170000.0,0.0,0.0,0.0,170000.0,0.0,0.0,,,,,,,0,15,True,Unpaid - Overdue,0,0,,,,,0,,0,0,0,,2026-10-03 07:00:00,paid,UMKM,170000.0,0.0,0.0,170000.0,0.0,False,True,170000.0,Invoice status PAID but still outstanding,,,
01a0a35b-dbc5-7269-8d87-de3dd7a24c6e,GLRW2609150004,2026-09-15 11:35:00.000,2026-09-18 11:35:00.000,paid,,01a0a35a-404f-76c6-86c0-7a23db7a132c,USR000300,Andika Konsumen Umum,EU,END USER,019490f2-0001-7000-8000-123456789001,GLH,Cipta Galuh,774000.0,0.0,0.0,0.0,774000.0,0.0,0.0,0.0,774000.0,0.0,0.0,,,,,,,0,15,True,Unpaid - Overdue,0,0,,,,,0,,0,0,0,,2026-10-03 07:00:00,paid,END USER,774000.0,0.0,0.0,774000.0,0.0,False,True,774000.0,Invoice status PAID but still outstanding,,,
01a0a3f3-90f5-7134-b9bc-edee25bd529d,GLRW2609150007,2026-09-15 14:22:00.000,2026-09-18 14:22:00.000,paid,,01a0a3f3-2495-70eb-81ce-8d2599691b57,IND000061,Astra Winteq Konsumen,INDUSTRI,INDUSTRI,019490f2-0001-7000-8000-123456789001,GLH,Cipta Galuh,100000.0,0.0,0.0,0.0,100000.0,0.0,0.0,0.0,100000.0,0.0,0.0,,,,,,,0,15,True,Unpaid - Overdue,0,0,,,,,0,,0,0,0,,2026-10-03 07:00:00,paid,INDUSTRI,100000.0,0.0,0.0,100000.0,0.0,False,True,100000.0,Invoice status PAID but still outstanding,,,
01a0a411-b5c7-764d-b934-e6b76a2d9f97,GLRW2609150008,2026-09-15 14:56:00.000,2026-09-18 14:56:00.000,paid,,01a0a35a-404f-76c6-86c0-7a23db7a132c,USR000300,Andika Konsumen Umum,EU,END USER,019490f2-0001-7000-8000-123456789001,GLH,Cipta Galuh,429000.0,0.0,0.0,0.0,429000.0,0.0,0.0,0.0,429000.0,0.0,0.0,,,,,,,0,15,True,Unpaid - Overdue,0,0,,,,,0,,0,0,0,,2026-10-03 07:00:00,paid,END USER,429000.0,0.0,0.0,429000.0,0.0,False,True,429000.0,Invoice status PAID but still outstanding,,,
01a0ad59-7e2f-707a-aa76-7f2183e85741,GLRW2609170003,2026-09-17 10:09:00.000,2026-09-20 10:09:00.000,paid,,01a0ad58-3d1f-721e-9e65-d4f1583fe645,USR000302,Naufal Konsumen Umum,EU,END USER,019490f2-0001-7000-8000-123456789001,GLH,Cipta Galuh,1105000.0,0.0,0.0,0.0,1105000.0,0.0,0.0,0.0,1105000.0,0.0,0.0,,,,,,,0,13,True,Unpaid - Overdue,0,0,,,,,0,,0,0,0,,2026-10-03 07:00:00,paid,END USER,1105000.0,0.0,0.0,1105000.0,0.0,False,True,1105000.0,Invoice status PAID but still outstanding,,,
01a0aeb3-e292-7209-a74e-72320f2240b8,GLRW2609170007,2026-09-17 16:29:00.000,2026-09-20 16:29:00.000,paid,,019b8de0-01dc-74cd-ba22-d81221c661f7,UMK0206,Konsumen Umum,UMKM,UMKM,019490f2-0001-7000-8000-123456789001,GLH,Cipta Galuh,125000.0,0.0,0.0,0.0,125000.0,0.0,0.0,0.0,125000.0,0.0,0.0,,,,,,,0,13,True,Unpaid - Overdue,0,0,,,,,0,,0,0,0,,2026-10-03 07:00:00,paid,UMKM,125000.0,0.0,0.0,125000.0,0.0,False,True,125000.0,Invoice status PAID but still outstanding,,,
01a0b2cb-8cb3-752d-ba7c-0b0b55c6f429,GLRW2609180002,2026-09-18 11:33:00.000,2026-09-21 11:33:00.000,paid,,019b8de0-01dd-75d1-8275-f6019e7eaad9,USR0035,Ardi (Ardi),EU,END USER,019490f2-0001-7000-8000-123456789001,GLH,Cipta Galuh,20000.0,0.0,0.0,0.0,20000.0,0.0,0.0,0.0,20000.0,0.0,0.0,,,,,,,0,12,True,Unpaid - Overdue,0,0,,,,,0,,0,0,0,,2026-10-03 07:00:00,paid,END USER,20000.0,0.0,0.0,20000.0,0.0,False,True,20000.0,Invoice status PAID but still outstanding,,,
01a0c2b5-57b5-7108-aa85-e6826c04bf55,GLRW2609210002,2026-09-21 12:25:00.000,2026-09-24 12:25:00.000,paid,,01a0b2c0-54bb-77a2-a917-62bc60fab3c3,USR000304,Aza UBS Gold,EU,END USER,019490f2-0001-7000-8000-123456789001,GLH,Cipta Galuh,3000000.0,0.0,0.0,0.0,3000000.0,0.0,0.0,0.0,3000000.0,0.0,0.0,,,,,,,0,9,True,Unpaid - Overdue,0,0,,,,,0,,0,0,0,,2026-10-03 07:00:00,paid,END USER,3000000.0,0.0,0.0,3000000.0,0.0,False,True,3000000.0,Invoice status PAID but still outstanding,,,
01a0c306-bafe-74b9-92ba-828afc965873,GLRW2609210003,2026-09-21 15:10:00.000,2026-09-24 15:10:00.000,paid,,01a0c306-2dc0-750f-abb1-12ec3b2d3114,USR000306,sayyida konsumen umum,EU,END USER,019490f2-0001-7000-8000-123456789001,GLH,Cipta Galuh,23000.0,0.0,0.0,0.0,23000.0,0.0,0.0,0.0,23000.0,0.0,0.0,,,,,,,0,9,True,Unpaid - Overdue,0,0,,,,,0,,0,0,0,,2026-10-03 07:00:00,paid,END USER,23000.0,0.0,0.0,23000.0,0.0,False,True,23000.0,Invoice status PAID but still outstanding,,,
01a0c6a0-ad3d-73ba-a91d-1b957738e235,GLRW2609220001,2026-09-22 07:58:00.000,2026-09-25 07:58:00.000,paid,,019b8de0-01db-741f-ab3f-1a2fab6142f3,IND0412,PT. P&G,INDUSTRI,INDUSTRI,019490f2-0001-7000-8000-123456789001,GLH,Cipta Galuh,435000.0,0.0,0.0,0.0,435000.0,0.0,0.0,0.0,435000.0,0.0,0.0,,,,,,,0,8,True,Unpaid - Overdue,0,0,,,,,0,,0,0,0,,2026-10-03 07:00:00,paid,INDUSTRI,435000.0,0.0,0.0,435000.0,0.0,False,True,435000.0,Invoice status PAID but still outstanding,,,
01a0c75b-320a-711d-b844-a58de3e27b8c,GLRW2609220002,2026-09-22 11:23:00.000,2026-09-25 11:23:00.000,paid,,019b8de0-01dc-74cd-ba24-e49e9f6969f2,UMK0337,Rizal (Rizal),UMKM,UMKM,019490f2-0001-7000-8000-123456789001,GLH,Cipta Galuh,210000.0,0.0,0.0,0.0,210000.0,0.0,0.0,0.0,210000.0,0.0,0.0,,,,,,,0,8,True,Unpaid - Overdue,0,0,,,,,0,,0,0,0,,2026-10-03 07:00:00,paid,UMKM,210000.0,0.0,0.0,210000.0,0.0,False,True,210000.0,Invoice status PAID but still outstanding,,,
01a0c7da-b7d3-7370-bd27-78fbc78953fc,GLRW2609220003,2026-09-22 13:42:00.000,2026-09-25 13:42:00.000,paid,,019b8de0-01de-7192-a2a3-ba73ad12ba42,USR0199,MELI (MELI),EU,END USER,019490f2-0001-7000-8000-123456789001,GLH,Cipta Galuh,50000.0,0.0,0.0,0.0,50000.0,0.0,0.0,0.0,50000.0,0.0,0.0,,,,,,,0,8,True,Unpaid - Overdue,0,0,,,,,0,,0,0,0,,2026-10-03 07:00:00,paid,END USER,50000.0,0.0,0.0,50000.0,0.0,False,True,50000.0,Invoice status PAID but still outstanding,,,
01a0c82e-21aa-7111-8db5-82c1e1846fba,GLRW2609220004,2026-09-22 15:11:00.000,2026-09-25 15:11:00.000,paid,,01a0c82d-b252-74e1-9295-aa796d0b0e75,USR000307,Warung teteh wawa,EU,END USER,019490f2-0001-7000-8000-123456789001,GLH,Cipta Galuh,60000.0,0.0,0.0,0.0,60000.0,0.0,0.0,0.0,60000.0,0.0,0.0,,,,,,,0,8,True,Unpaid - Overdue,0,0,,,,,0,,0,0,0,,2026-10-03 07:00:00,paid,END USER,60000.0,0.0,0.0,60000.0,0.0,False,True,60000.0,Invoice status PAID but still outstanding,,,
01a0ccfd-28b9-709e-b259-32890fdc6cfa,GLRW2609230002,2026-09-23 13:36:00.000,2026-09-26 13:36:00.000,paid,,019b8de0-01dc-74cd-ba24-cc4da9b4c985,UMK0331,Ridwan (Ridwan),UMKM,UMKM,019490f2-0001-7000-8000-123456789001,GLH,Cipta Galuh,765000.0,0.0,0.0,0.0,765000.0,0.0,0.0,0.0,765000.0,0.0,0.0,,,,,,,0,7,True,Unpaid - Overdue,0,0,,,,,0,,0,0,0,,2026-10-03 07:00:00,paid,UMKM,765000.0,0.0,0.0,765000.0,0.0,False,True,765000.0,Invoice status PAID but still outstanding,,,
01a0cd63-caa9-77b8-a4a9-4b29a7a6a9da,GLRW2609230005,2026-09-23 15:30:00.000,2026-09-26 15:30:00.000,paid,,019b8de0-01dc-74cd-ba22-d81221c661f7,UMK0206,Konsumen Umum,UMKM,UMKM,019490f2-0001-7000-8000-123456789001,GLH,Cipta Galuh,9000.0,0.0,0.0,0.0,9000.0,0.0,0.0,0.0,9000.0,0.0,0.0,,,,,,,0,7,True,Unpaid - Overdue,0,0,,,,,0,,0,0,0,,2026-10-03 07:00:00,paid,UMKM,9000.0,0.0,0.0,9000.0,0.0,False,True,9000.0,Invoice status PAID but still outstanding,,,
01a0cd90-7b30-7616-8c8e-5cbaaf8d3259,GLRW2609230006,2026-09-23 16:19:00.000,2026-09-26 16:19:00.000,paid,,019b8de0-01db-741f-ab3f-1a2fab6142f3,IND0412,PT. P&G,INDUSTRI,INDUSTRI,019490f2-0001-7000-8000-123456789001,GLH,Cipta Galuh,2170000.0,0.0,0.0,0.0,2170000.0,0.0,0.0,0.0,2170000.0,0.0,0.0,,,,,,,0,7,True,Unpaid - Overdue,0,0,,,,,0,,0,0,0,,2026-10-03 07:00:00,paid,INDUSTRI,2170000.0,0.0,0.0,2170000.0,0.0,False,True,2170000.0,Invoice status PAID but still outstanding,,,
01a0cda7-f796-7616-81c9-0d5b28d311b0,GLRW2609230007,2026-09-23 16:41:00.000,2026-09-26 16:41:00.000,paid,,01a0cda7-3689-710e-aa58-43c2cc2f7744,USR000308,Shaqeela Brides and Wedding,EU,END USER,019490f2-0001-7000-8000-123456789001,GLH,Cipta Galuh,150000.0,0.0,0.0,0.0,150000.0,0.0,0.0,0.0,150000.0,0.0,0.0,,,,,,,0,7,True,Unpaid - Overdue,0,0,,,,,0,,0,0,0,,2026-10-03 07:00:00,paid,END USER,150000.0,0.0,0.0,150000.0,0.0,False,True,150000.0,Invoice status PAID but still outstanding,,,
01a0d129-d463-748b-b3bb-17aff2a59358,GLRW2609240001,2026-09-24 09:05:00.000,2026-09-27 09:05:00.000,paid,,019b8de0-01de-7192-a2a3-0ea7731426b7,USR0156,Ikbal (Ikbal),EU,END USER,019490f2-0001-7000-8000-123456789001,GLH,Cipta Galuh,70000.0,0.0,0.0,0.0,70000.0,0.0,0.0,0.0,70000.0,0.0,0.0,,,,,,,0,6,True,Unpaid - Overdue,0,0,,,,,0,,0,0,0,,2026-10-03 07:00:00,paid,END USER,70000.0,0.0,0.0,70000.0,0.0,False,True,70000.0,Invoice status PAID but still outstanding,,,
01a0d6cb-bef2-750e-80ef-88802d4f8dfa,GLRW2609250001,2026-09-25 11:20:00.000,2026-09-28 11:20:00.000,paid,,019b8de0-01dd-75d1-8276-d014472e082e,USR0090,Devid Riqian,EU,END USER,019490f2-0001-7000-8000-123456789001,GLH,Cipta Galuh,67500.0,0.0,0.0,0.0,67500.0,0.0,0.0,0.0,67500.0,0.0,0.0,,,,,,,0,5,True,Unpaid - Overdue,0,0,,,,,0,,0,0,0,,2026-10-03 07:00:00,paid,END USER,67500.0,0.0,0.0,67500.0,0.0,False,True,67500.0,Invoice status PAID but still outstanding,,,
01a0d79e-e37b-74ca-8c34-e6ca9f992f6f,GLRW2609250004,2026-09-25 15:10:00.000,2026-09-28 15:10:00.000,paid,,019feaac-c6d1-7678-90c4-7576f87e3418,USR000251,Warkop Ropang Konsumen,EU,END USER,019490f2-0001-7000-8000-123456789001,GLH,Cipta Galuh,95000.0,0.0,0.0,0.0,95000.0,0.0,0.0,0.0,95000.0,0.0,0.0,,,,,,,0,5,True,Unpaid - Overdue,0,0,,,,,0,,0,0,0,,2026-10-03 07:00:00,paid,END USER,95000.0,0.0,0.0,95000.0,0.0,False,True,95000.0,Invoice status PAID but still outstanding,,,
01a0d7bc-deb4-76e3-9b5b-a19e212ef02e,GLRW2609250002,2026-09-25 15:44:34.347,2026-09-25 16:44:34.347,paid,,01a0b2c0-54bb-77a2-a917-62bc60fab3c3,USR000304,Aza UBS Gold,EU,END USER,019490f2-0001-7000-8000-123456789001,GLH,Cipta Galuh,1240000.0,0.0,0.0,0.0,1240000.0,0.0,0.0,0.0,1240000.0,0.0,0.0,,,,,,,0,8,True,Unpaid - Overdue,0,0,,,,,0,,0,0,0,,2026-10-03 07:00:00,paid,END USER,1240000.0,0.0,0.0,1240000.0,0.0,False,True,1240000.0,Invoice status PAID but still outstanding,,,
01a0d7c6-f6ee-70a9-b101-f484a3c74821,GLRW2609250005,2026-09-25 15:53:00.000,2026-09-28 15:53:00.000,paid,,019fb717-50d3-773a-a273-0eeb4826f259,USR000237,Schneider Electric Factory,EU,END USER,019490f2-0001-7000-8000-123456789001,GLH,Cipta Galuh,45000.0,0.0,0.0,0.0,45000.0,0.0,0.0,0.0,45000.0,0.0,0.0,,,,,,,0,5,True,Unpaid - Overdue,0,0,,,,,0,,0,0,0,,2026-10-03 07:00:00,paid,END USER,45000.0,0.0,0.0,45000.0,0.0,False,True,45000.0,Invoice status PAID but still outstanding,,,
01a0dc01-5e93-750d-9c7a-02550c2fa864,GLRW2609260001,2026-09-26 11:34:00.000,2026-09-29 11:34:00.000,paid,,01a0dbff-473e-7559-a92e-9d4f5fce11b4,USR000310,PT RAYA KONSTRUKSI,EU,END USER,019490f2-0001-7000-8000-123456789001,GLH,Cipta Galuh,332500.0,0.0,0.0,0.0,332500.0,0.0,0.0,0.0,332500.0,0.0,0.0,,,,,,,0,4,True,Unpaid - Overdue,0,0,,,,,0,,0,0,0,,2026-10-03 07:00:00,paid,END USER,332500.0,0.0,0.0,332500.0,0.0,False,True,332500.0,Invoice status PAID but still outstanding,,,
01a0dc17-6981-77a9-9205-1221c59d7831,GLRW2609260002,2026-09-26 12:01:00.000,2026-09-29 12:01:00.000,paid,,019fb717-50d3-773a-a273-0eeb4826f259,USR000237,Schneider Electric Factory,EU,END USER,019490f2-0001-7000-8000-123456789001,GLH,Cipta Galuh,45000.0,0.0,0.0,0.0,45000.0,0.0,0.0,0.0,45000.0,0.0,0.0,,,,,,,0,4,True,Unpaid - Overdue,0,0,,,,,0,,0,0,0,,2026-10-03 07:00:00,paid,END USER,45000.0,0.0,0.0,45000.0,0.0,False,True,45000.0,Invoice status PAID but still outstanding,,,
01a0e73d-3c60-765f-975a-2d943094e51b,GLRW2609280004,2026-09-28 15:58:00.000,2026-10-01 15:58:00.000,paid,,019b8de0-01dd-75d1-8272-670dd20fc57f,UMK0392,Tika Playground,UMKM,UMKM,019490f2-0001-7000-8000-123456789001,GLH,Cipta Galuh,39500.0,0.0,0.0,0.0,39500.0,0.0,0.0,0.0,39500.0,0.0,0.0,,,,,,,0,2,True,Unpaid - Overdue,0,0,,,,,0,,0,0,0,,2026-10-03 07:00:00,paid,UMKM,39500.0,0.0,0.0,39500.0,0.0,False,True,39500.0,Invoice status PAID but still outstanding,,,
01a0f0ab-db52-762f-854b-7d2a0ffe67af,GLRW2609300003,2026-09-30 11:55:00.000,2026-10-03 11:55:00.000,paid,,019b8de0-01dd-75d1-8277-385ffe23382b,USR0116,Erika (Erika),EU,END USER,019490f2-0001-7000-8000-123456789001,GLH,Cipta Galuh,95000.0,0.0,0.0,0.0,95000.0,0.0,0.0,0.0,95000.0,0.0,0.0,,,,,,,0,0,False,Unpaid - Not Yet Due,0,0,,,,,0,,0,0,0,,2026-10-03 07:00:00,paid,END USER,95000.0,0.0,0.0,95000.0,0.0,False,False,0.0,Invoice status PAID but still outstanding,,,
01a0f0b0-e143-7117-9ff7-f5b97420f29c,GLRW2609300004,2026-09-30 12:00:00.000,2026-10-03 12:00:00.000,paid,,019b8de0-01dd-75d1-8272-670dd20fc57f,UMK0392,Tika Playground,UMKM,UMKM,019490f2-0001-7000-8000-123456789001,GLH,Cipta Galuh,60000.0,0.0,0.0,0.0,60000.0,0.0,0.0,0.0,60000.0,0.0,0.0,,,,,,,0,0,False,Unpaid - Not Yet Due,0,0,,,,,0,,0,0,0,,2026-10-03 07:00:00,paid,UMKM,60000.0,0.0,0.0,60000.0,0.0,False,False,0.0,Invoice status PAID but still outstanding,,,
019bd57d-b962-7141-820c-5b6d655ad87d,GRDA2601190001,2026-01-19 07:00:00.000,2026-01-21 00:00:00.000,cancel,,019b8c17-2594-7410-846a-ffb0a85f158e,USR1041,LINDA (LINDA),EU,END USER,019490f2-0000-7000-8000-123456789000,GRH,Cipta Graha,0.0,0.0,0.0,0.0,0.0,120000.0,0.0,120000.0,0.0,120000.0,,2026-01-19 16:32:00,2026-01-19 16:32:00,,,0.0,0.0,0,0,False,No Invoice Value,1,1,GRH-FTN,BCA Graha (Fathan),paid,ENTRY,0,,0,0,0,,2026-10-03 07:00:00,cancel,END USER,,,,,,,,,Cancelled invoice has receipt,,,
019bdee4-894e-738e-9f71-6a17904f835e,CGMP2601210004,2026-01-21 07:00:00.000,2026-01-21 19:49:00.000,cancel,,019bdee3-40ea-7382-96b0-5b81af1a5c00,INS000007,PT Richome Appliances Indonesia,INSTANSI,INSTANSI,019490f2-0003-7000-8000-123456789003,CG,Cipta Digital,161000.0,0.0,0.0,0.0,161000.0,161000.0,0.0,161000.0,0.0,0.0,100.0,2026-01-21 11:53:00,2026-01-21 11:53:00,,,0.0,0.0,0,0,False,Paid - On Time/Early,1,1,CG-JZM,BCA Jazmi Hamzah,paid,ENTRY,0,,0,0,0,,2026-10-03 07:00:00,cancel,INSTANSI,,,,,,,,,Cancelled invoice has receipt,,,
019c89a4-193a-742d-b495-0fede94ecc6d,CGDP2602230012,2026-02-23 07:00:00.000,2026-02-23 23:34:00.000,cancel,,019b9dc5-25c7-7056-9984-4a839f2b7135,DV0005,Cipta Digital,DIVISI,DIVISI,019490f2-0003-7000-8000-123456789003,CG,Cipta Digital,3375.0,0.0,0.0,0.0,3375.0,3375.0,0.0,3375.0,0.0,0.0,100.0,2026-02-23 15:37:00,2026-02-23 15:37:00,,,0.0,0.0,0,0,False,Paid - On Time/Early,1,1,CG-CIB,Cash in Box,paid,ENTRY,0,,0,0,0,,2026-10-03 07:00:00,cancel,DIVISI,,,,,,,,,Cancelled invoice has receipt,,,
019cb70a-62ac-76db-bdd5-74188e5901bf,CGNM2603040009,2026-03-04 17:52:00.000,2026-03-04 18:52:00.000,cancel,,019cb70a-057f-776b-b343-6eba542dff59,IND000040,Ramayana Bekasi,INDUSTRI,INDUSTRI,019490f2-0003-7000-8000-123456789003,CG,Cipta Digital,1260000.0,0.0,0.0,0.0,1260000.0,500000.0,0.0,500000.0,760000.0,0.0,39.68,2026-03-04 11:10:00,2026-03-04 11:10:00,,,0.0,,0,213,True,Partially Paid - Overdue,1,1,CG-JZM,BCA Jazmi Hamzah,dp,ENTRY,0,,0,0,0,,2026-10-03 07:00:00,cancel,INDUSTRI,,,,,,,,,Cancelled invoice has receipt,,,
019cbd63-c538-757a-bd27-9d81d87f810b,CGNM2603050043,2026-03-05 22:55:00.000,2026-03-05 23:55:00.000,cancel,,019cbd62-b652-73bf-a909-861214e794f6,CST84498041,Fitri Virgo,UMKM,UMKM,019490f2-0003-7000-8000-123456789003,CG,Cipta Digital,530000.0,0.0,0.0,0.0,530000.0,300000.0,0.0,300000.0,230000.0,0.0,56.6,2026-03-05 16:46:00,2026-03-05 16:46:00,,,0.0,,0,212,True,Partially Paid - Overdue,1,1,CG-CIB,Cash in Box,dp,ENTRY,0,,0,0,0,,2026-10-03 07:00:00,cancel,UMKM,,,,,,,,,Cancelled invoice has receipt,,,
019d4c30-6cb8-7538-addd-61c16f619f16,CGSB2604020003,2026-04-02 17:08:00.000,2026-04-02 18:08:00.000,cancel,,019b9e31-6b77-741a-b766-564a1dbb05ef,EU2891,Anindya Florist,UMKM,UMKM,019490f2-0003-7000-8000-123456789003,CG,Cipta Digital,35000.0,0.0,0.0,0.0,35000.0,35000.0,0.0,35000.0,0.0,0.0,100.0,2026-04-02 10:16:00,2026-04-02 10:16:00,,,0.0,0.0,0,0,False,Paid - On Time/Early,1,1,CG-JZM,BCA Jazmi Hamzah,paid,ENTRY,0,,0,0,0,,2026-10-03 07:00:00,cancel,UMKM,,,,,,,,,Cancelled invoice has receipt,,,
019d66a3-1847-707e-bc43-92294e4cc959,PKAS2604070005,2026-04-07 17:12:00.000,2026-04-07 18:12:00.000,cancel,,019b91a7-6a08-729d-b8ea-2eec2d9b40d5,USR00480,Maharani (Maharani),EU,END USER,019b8a09-0bf8-7497-98a0-86a53a78e02f,PWK,Cipta Purwakarta,9000.0,0.0,0.0,0.0,9000.0,9000.0,0.0,9000.0,0.0,0.0,100.0,2026-04-07 13:48:00,2026-04-07 13:48:00,,,0.0,0.0,0,0,False,Paid - On Time/Early,1,1,PWK-CIB,Cash in Box,paid,ENTRY,0,,0,0,0,,2026-10-03 07:00:00,cancel,END USER,,,,,,,,,Cancelled invoice has receipt,,,
019d94f1-7831-7370-a5b1-c4dd58c70f0b,CGDP2604160006,2026-04-16 18:41:00.000,2026-04-16 19:41:00.000,cancel,,019d94f0-b49d-72bc-9e52-6a28d8adb110,UMK000538,Dedi Aboh,UMKM,UMKM,019490f2-0003-7000-8000-123456789003,CG,Cipta Digital,20000.0,0.0,0.0,0.0,20000.0,20000.0,0.0,20000.0,0.0,0.0,100.0,2026-04-16 13:19:00,2026-04-16 13:19:00,,,0.0,0.0,0,0,False,Paid - On Time/Early,1,1,CG-CIB,Cash in Box,paid,ENTRY,0,,0,0,0,,2026-10-03 07:00:00,cancel,UMKM,,,,,,,,,Cancelled invoice has receipt,,,
019e001e-80c2-70ed-a6f0-1f8a2ca5a95c,CGRD2605070002,2026-05-07 14:49:00.000,2026-05-07 15:49:00.000,cancel,,019e001e-1e6e-776f-a964-a990af3f69bb,USR000464,Chelsea Nelwan,EU,END USER,019490f2-0003-7000-8000-123456789003,CG,Cipta Digital,86000.0,0.0,0.0,0.0,86000.0,86000.0,0.0,86000.0,0.0,0.0,100.0,2026-05-07 08:53:00,2026-05-07 08:53:00,,,0.0,0.0,0,0,False,Paid - On Time/Early,1,1,CG-JZM,BCA Jazmi Hamzah,paid,ENTRY,0,,0,0,0,,2026-10-03 07:00:00,cancel,END USER,,,,,,,,,Cancelled invoice has receipt,,,
019e3928-aae8-75ea-bf05-7977cb04667c,CGNN2605180002,2026-05-18 16:07:00.000,2026-05-18 17:07:00.000,cancel,,019c470d-26cd-70fe-937a-9e438f2379ca,UMK000119,Euis Ratna Sari,UMKM,UMKM,019490f2-0003-7000-8000-123456789003,CG,Cipta Digital,83000.0,0.0,0.0,0.0,83000.0,83000.0,0.0,83000.0,0.0,0.0,100.0,2026-05-18 10:37:00,2026-05-18 10:37:00,,,0.0,0.0,0,0,False,Paid - On Time/Early,1,1,CG-QRIS,QRIS BCA,paid,ENTRY,0,,0,0,0,,2026-10-03 07:00:00,cancel,UMKM,,,,,,,,,Cancelled invoice has receipt,,,
019e3b1b-ff35-7068-8176-0cf9da1a1e94,CGSB2605180008,2026-05-18 20:52:00.000,2026-05-18 21:52:00.000,cancel,,019dfca4-b7de-7257-9c15-4a27f0957627,DV000003,Sri Bulan Cahyani,DIVISI,DIVISI,019490f2-0003-7000-8000-123456789003,CG,Cipta Digital,80000.0,0.0,0.0,0.0,80000.0,80000.0,0.0,80000.0,0.0,0.0,100.0,2026-05-18 19:42:00,2026-05-18 19:42:00,,,0.0,0.0,0,0,False,Paid - On Time/Early,1,1,CG-JZM,BCA Jazmi Hamzah,paid,ENTRY,0,,0,0,0,,2026-10-03 07:00:00,cancel,DIVISI,,,,,,,,,Cancelled invoice has receipt,,,
019e481e-aa3c-71ef-8e48-9c7da7969ebd,CGSB2605210001,2026-05-21 15:19:00.000,2026-05-21 16:19:00.000,cancel,,019b9dc5-25c8-70e0-9ce1-f7573c49eb7d,IND0078,PT CMWI,INDUSTRI,INDUSTRI,019490f2-0003-7000-8000-123456789003,CG,Cipta Digital,16000.0,0.0,0.0,0.0,16000.0,16000.0,0.0,16000.0,0.0,0.0,100.0,2026-05-21 08:22:00,2026-05-21 08:22:00,,,0.0,0.0,0,0,False,Paid - On Time/Early,1,1,CG-JZM,BCA Jazmi Hamzah,paid,ENTRY,0,,0,0,0,,2026-10-03 07:00:00,cancel,INDUSTRI,,,,,,,,,Cancelled invoice has receipt,,,
019e49d6-f4a8-7048-8bac-762fae534ed9,CGMR2605210005,2026-05-21 16:33:00.000,2026-05-21 17:33:00.000,cancel,,019c5547-748f-7422-8088-9d7de29bf245,UMK000158,Hendi H,UMKM,UMKM,019490f2-0003-7000-8000-123456789003,CG,Cipta Digital,15000.0,0.0,0.0,0.0,15000.0,15000.0,0.0,15000.0,0.0,0.0,100.0,2026-05-21 16:21:00,2026-05-21 16:21:00,,,0.0,0.0,0,0,False,Paid - On Time/Early,1,1,CG-QRIS,QRIS BCA,paid,ENTRY,0,,0,0,0,,2026-10-03 07:00:00,cancel,UMKM,,,,,,,,,Cancelled invoice has receipt,,,
019e4a29-3af4-7418-b2ae-4e167d028700,CGEL2605210005,2026-05-22 00:50:00.000,2026-05-22 01:50:00.000,cancel,,019e4a28-9781-73fd-b4d7-eee21e22f08a,USR000566,Makmur Firmansyah,EU,END USER,019490f2-0003-7000-8000-123456789003,CG,Cipta Digital,29000.0,0.0,0.0,0.0,29000.0,29000.0,0.0,29000.0,0.0,0.0,100.0,2026-05-21 17:51:00,2026-05-21 17:51:00,,,-1.0,-1.0,0,0,False,Paid - On Time/Early,1,1,CG-JZM,BCA Jazmi Hamzah,paid,ENTRY,0,,0,0,0,,2026-10-03 07:00:00,cancel,END USER,,,,,,,,,Cancelled invoice has receipt,,,
019e4a8f-0550-7288-8d56-b78b789403db,CGSB2605210016,2026-05-22 00:50:00.000,2026-05-22 01:50:00.000,cancel,,019e4a8e-a15f-728e-b4f5-ba814dd1af64,USR000569,Afdhal Wahid,EU,END USER,019490f2-0003-7000-8000-123456789003,CG,Cipta Digital,120000.0,0.0,0.0,0.0,120000.0,120000.0,0.0,120000.0,0.0,0.0,100.0,2026-05-22 08:13:00,2026-05-22 08:13:00,,,0.0,0.0,0,0,False,Paid - On Time/Early,1,1,CG-JZM,BCA Jazmi Hamzah,paid,ENTRY,0,,0,0,0,,2026-10-03 07:00:00,cancel,END USER,,,,,,,,,Cancelled invoice has receipt,,,
019e829d-4497-72db-94ea-cb304f0a5b49,CGMR2606010001,2026-06-01 15:21:00.000,2026-06-01 16:21:00.000,cancel,,019e829c-fc00-75de-b93f-0747b2ccf058,INS000406,Didi Slrno,INSTANSI,INSTANSI,019490f2-0003-7000-8000-123456789003,CG,Cipta Digital,12000.0,0.0,0.0,0.0,12000.0,12000.0,0.0,12000.0,0.0,0.0,100.0,2026-06-01 16:56:00,2026-06-01 16:56:00,,,0.0,0.0,0,0,False,Paid - On Time/Early,1,1,CG-CIB,Cash in Box,paid,ENTRY,0,,0,0,0,,2026-10-03 07:00:00,cancel,INSTANSI,,,,,,,,,Cancelled invoice has receipt,,,
019e8b7b-d375-763c-ba81-d298f582904b,PKAS2606030003,2026-06-03 16:34:00.000,2026-06-03 17:34:00.000,cancel,,019cf682-560e-7459-8f67-c93aafdd79ad,USR000235,Bfi Purwakarta,EU,END USER,019b8a09-0bf8-7497-98a0-86a53a78e02f,PWK,Cipta Purwakarta,587500.0,0.0,0.0,0.0,587500.0,587500.0,0.0,587500.0,0.0,0.0,100.0,2026-06-03 10:24:00,2026-06-03 10:24:00,,,0.0,0.0,0,0,False,Paid - On Time/Early,1,1,PWK-BCA,BCA PWK,paid,ENTRY,0,,0,0,0,,2026-10-03 07:00:00,cancel,END USER,,,,,,,,,Cancelled invoice has receipt,,,
019e9b28-2018-7511-9282-b77397fdc9df,GRRA2606060002,2026-06-06 18:19:00.000,2026-06-06 19:19:00.000,cancel,,019b8c17-2582-719d-8d6d-240a0976f1c8,CG0115,Percetakan Anis,AGEN,AGEN,019490f2-0000-7000-8000-123456789000,GRH,Cipta Graha,142500.0,0.0,0.0,0.0,142500.0,142500.0,0.0,142500.0,0.0,0.0,100.0,2026-06-06 11:19:00,2026-06-06 11:19:00,,,0.0,0.0,0,0,False,Paid - On Time/Early,1,1,GRH-CIB,Cash in Box,paid,ENTRY,0,,0,0,0,,2026-10-03 07:00:00,cancel,AGEN,,,,,,,,,Cancelled invoice has receipt,,,
019ed47a-cf31-7539-aa73-3b6cd1ca5e23,CGMP2606170012,2026-06-17 15:11:00.000,2026-06-17 16:11:00.000,cancel,,019c4643-5434-7219-b2c5-ad829fcd8b21,USR000710,Nur Fitri,EU,END USER,019490f2-0003-7000-8000-123456789003,CG,Cipta Digital,133000.0,0.0,0.0,0.0,133000.0,133000.0,0.0,133000.0,0.0,0.0,100.0,2026-06-17 14:28:00,2026-06-17 14:28:00,,,0.0,0.0,0,0,False,Paid - On Time/Early,1,1,CG-QRIS,QRIS BCA,paid,ENTRY,0,,0,0,0,,2026-10-03 07:00:00,cancel,END USER,,,,,,,,,Cancelled invoice has receipt,,,
019ed58d-49d7-76e9-86a4-485a1018db6a,PKAS2606170013,2026-06-17 22:40:00.000,2026-06-17 23:40:00.000,cancel,,019b91a5-4e43-76fd-ab9f-f704e8c7f3d0,CG0049,Dirga (Dirga),AGEN,AGEN,019b8a09-0bf8-7497-98a0-86a53a78e02f,PWK,Cipta Purwakarta,21000.0,0.0,0.0,0.0,21000.0,21000.0,0.0,21000.0,0.0,0.0,100.0,2026-06-17 19:29:00,2026-06-17 19:29:00,,,0.0,0.0,0,0,False,Paid - On Time/Early,1,1,PWK-BCA,BCA PWK,paid,ENTRY,0,,0,0,0,,2026-10-03 07:00:00,cancel,AGEN,,,,,,,,,Cancelled invoice has receipt,,,
019ed885-9b69-700f-9f6f-abb8def73912,PKAS2606180001,2026-06-18 16:17:00.000,2026-06-18 17:17:00.000,cancel,,019b91a5-4e43-76fd-ab9f-caffcecec4c5,CG0030,Bucheri (Bucheri),AGEN,AGEN,019b8a09-0bf8-7497-98a0-86a53a78e02f,PWK,Cipta Purwakarta,10000.0,0.0,0.0,0.0,10000.0,10000.0,0.0,10000.0,0.0,0.0,100.0,2026-06-18 09:27:00,2026-06-18 09:27:00,,,0.0,0.0,0,0,False,Paid - On Time/Early,1,1,PWK-CIB,Cash in Box,paid,ENTRY,0,,0,0,0,,2026-10-03 07:00:00,cancel,AGEN,,,,,,,,,Cancelled invoice has receipt,,,
019f608c-fca6-770a-a7e4-13f50c2ecee3,PKAS2607140003,2026-07-14 20:20:00.000,2026-07-14 21:20:00.000,cancel,,019b91a7-6a0a-74e8-97c4-7870a7dd9708,USR00978,Bobi (Bobi),EU,END USER,019b8a09-0bf8-7497-98a0-86a53a78e02f,PWK,Cipta Purwakarta,24000.0,0.0,0.0,0.0,24000.0,24000.0,0.0,24000.0,0.0,0.0,100.0,2026-07-14 19:14:00,2026-07-14 19:14:00,,,0.0,0.0,0,0,False,Paid - On Time/Early,1,1,PWK-BCA,BCA PWK,paid,ENTRY,0,,0,0,0,,2026-10-03 07:00:00,cancel,END USER,,,,,,,,,Cancelled invoice has receipt,,,
019f6a52-c7ff-7484-9adf-34e80e8d5bcd,CGMP2607160016,2026-07-16 15:05:00.000,2026-07-16 16:05:00.000,cancel,,019cacf1-4ca5-772f-873f-83ffac34b442,USR000157,Zheela Bakery,EU,END USER,019490f2-0003-7000-8000-123456789003,CG,Cipta Digital,84000.0,0.0,0.0,0.0,84000.0,84000.0,0.0,84000.0,0.0,0.0,100.0,2026-07-16 16:48:00,2026-07-16 16:48:00,,,0.0,0.0,0,0,False,Paid - On Time/Early,1,1,CG-CIB,Cash in Box,paid,ENTRY,0,,0,0,0,,2026-10-03 07:00:00,cancel,END USER,,,,,,,,,Cancelled invoice has receipt,,,
019f8364-f65e-7077-a4f8-2e05257a6577,CGRD2607210005,2026-07-21 16:49:00.000,2026-07-21 17:49:00.000,cancel,,019f8361-8a29-762d-9c92-0f0618db967d,USR000893,Merlyn Merlyn,EU,END USER,019490f2-0003-7000-8000-123456789003,CG,Cipta Digital,15000.0,0.0,0.0,0.0,15000.0,15000.0,0.0,15000.0,0.0,0.0,100.0,2026-07-21 13:41:00,2026-07-21 13:41:00,,,0.0,0.0,0,0,False,Paid - On Time/Early,1,1,CG-JZM,BCA Jazmi Hamzah,paid,ENTRY,0,,0,0,0,,2026-10-03 07:00:00,cancel,END USER,,,,,,,,,Cancelled invoice has receipt,,,
019fa165-737f-7236-8a11-fdf0e61db63b,CGMH2607270002,2026-07-27 08:45:00.000,2026-07-27 09:45:00.000,cancel,,019f88b6-59d8-763f-b0c0-427527d55004,UMK001248,Yusuf Irawan,UMKM,UMKM,019490f2-0003-7000-8000-123456789003,CG,Cipta Digital,17000.0,0.0,0.0,0.0,17000.0,17000.0,0.0,17000.0,0.0,0.0,100.0,2026-07-27 09:28:00,2026-07-27 09:28:00,,,0.0,0.0,0,0,False,Paid - On Time/Early,1,1,CG-JZM,BCA Jazmi Hamzah,paid,ENTRY,0,,0,0,0,,2026-10-03 07:00:00,cancel,UMKM,,,,,,,,,Cancelled invoice has receipt,,,
019fb116-f829-72a8-bb68-d6a829683790,CJFO2607300002,2026-07-30 09:16:00.000,2026-07-30 10:16:00.000,cancel,,019f5b39-7ca8-729f-b7e2-307c00c69560,USR001202,Anggi Noviliyani,EU,END USER,019490f2-0002-7000-8000-123456789002,CNJ,Cipta Cianjur,50000.0,0.0,0.0,0.0,50000.0,50000.0,0.0,50000.0,0.0,0.0,100.0,2026-07-30 10:36:00,2026-07-30 10:36:00,,,0.0,0.0,0,0,False,Paid - On Time/Early,1,1,CNJ-CIB,Cash in Box,paid,ENTRY,0,,0,0,0,,2026-10-03 07:00:00,cancel,END USER,,,,,,,,,Cancelled invoice has receipt,,,
01a028ce-d295-75e2-a9bb-55e10f29986a,CJFO2608220003,2026-08-22 07:34:00.000,2026-08-22 17:34:00.000,cancel,,01a028cc-323f-75ac-810a-8e96ceec25f0,USR001299,Patriot Dua Sembilan,EU,END USER,019490f2-0002-7000-8000-123456789002,CNJ,Cipta Cianjur,273000.0,0.0,0.0,0.0,273000.0,273000.0,0.0,273000.0,0.0,0.0,100.0,2026-08-22 17:56:00,2026-08-22 17:56:00,,,0.0,0.0,0,0,False,Paid - On Time/Early,1,1,CNJ-CIB,Cash in Box,paid,ENTRY,0,,0,0,0,,2026-10-03 07:00:00,cancel,END USER,,,,,,,,,Cancelled invoice has receipt,,,
01a04152-8642-77d7-91c2-c0cdd75429c5,CGSB2608270005,2026-08-27 09:11:00.000,2026-08-27 10:11:00.000,cancel,,019b9dc5-25db-712d-b50d-b900458d0bea,INS0008,BFI Finance,INSTANSI,INSTANSI,019490f2-0003-7000-8000-123456789003,CG,Cipta Digital,24000.0,0.0,0.0,0.0,24000.0,24000.0,0.0,24000.0,0.0,0.0,100.0,2026-08-27 10:45:00,2026-08-27 10:45:00,,,0.0,0.0,0,0,False,Paid - On Time/Early,1,1,CG-CIB,Cash in Box,paid,ENTRY,0,,0,0,0,,2026-10-03 07:00:00,cancel,INSTANSI,,,,,,,,,Cancelled invoice has receipt,,,
019bdf00-ebd2-72cf-a9c9-57f15b501adc,CJFA2601210007,2026-01-21 07:00:00.000,2026-01-22 03:20:00.000,paid,,019b8de1-c6b8-75ba-9064-6c6cdbdc107f,INS0040,Polres Cianjur,INSTANSI,INSTANSI,019490f2-0002-7000-8000-123456789002,CNJ,Cipta Cianjur,1570000.0,117000.0,0.0,0.0,1453000.0,1570000.0,0.0,1570000.0,0.0,117000.0,108.05,2026-01-30 21:04:00,2026-01-30 21:04:00,,,9.0,9.0,8,0,False,Paid - Late,1,1,CNJ-BCA,BCA 2201,paid,ENTRY,0,,0,0,0,,2026-10-03 07:00:00,paid,INSTANSI,1453000.0,1570000.0,1453000.0,0.0,117000.0,True,False,0.0,Receipt exceeds invoice value,,,
019be0a4-a033-74a9-b2d9-50c1dba8f006,CGMP2601210016,2026-01-21 07:00:00.000,2026-01-23 00:59:00.000,paid,,019b9e35-f786-759d-a49f-fe8c67c5a7c4,EU4989,Melinda K,EU,END USER,019490f2-0003-7000-8000-123456789003,CG,Cipta Digital,42000.0,0.0,0.0,0.0,42000.0,43000.0,0.0,43000.0,0.0,1000.0,102.38,2026-01-21 20:04:00,2026-01-21 20:04:00,,,0.0,0.0,0,0,False,Paid - On Time/Early,1,1,CG-QRIS,QRIS BCA,paid,ENTRY,0,,0,0,0,,2026-10-03 07:00:00,paid,END USER,42000.0,43000.0,42000.0,0.0,1000.0,True,False,0.0,Receipt exceeds invoice value,,,
019be4b2-4093-777f-af54-10e77dcf84a2,OLAW2601220001,2026-01-22 07:00:00.000,2026-01-24 13:53:00.000,paid,,019be4b1-95da-74bf-b209-51145e93ed38,USR000019,Sri Astuti,EU,END USER,019ab8e3-cb41-7087-92ab-c7596e6780f4,OL,Cipta Online,200000.0,0.0,0.0,0.0,200000.0,240000.0,0.0,240000.0,0.0,40000.0,120.0,2026-01-23 10:15:00,2026-01-23 10:15:00,,,1.0,1.0,0,0,False,Paid - On Time/Early,1,1,OL-FDL,BCA Online,paid,ENTRY,0,,0,0,0,,2026-10-03 07:00:00,paid,END USER,200000.0,240000.0,200000.0,0.0,40000.0,True,False,0.0,Receipt exceeds invoice value,,,
019be507-6d2d-708d-abcc-510f0fdd0433,OLLS2601220003,2026-01-22 07:00:00.000,2026-01-23 07:21:00.000,paid,,019be502-b0fd-740b-9945-143195079b68,USR000020,Yunia Syarah,EU,END USER,019ab8e3-cb41-7087-92ab-c7596e6780f4,OL,Cipta Online,68000.0,0.0,0.0,0.0,68000.0,84000.0,0.0,84000.0,0.0,16000.0,123.53,2026-01-22 16:52:00,2026-01-22 16:52:00,,,0.0,0.0,0,0,False,Paid - On Time/Early,1,1,OL-FDL,BCA Online,paid,ENTRY,0,,0,0,0,,2026-10-03 07:00:00,paid,END USER,68000.0,84000.0,68000.0,0.0,16000.0,True,False,0.0,Receipt exceeds invoice value,,,
019bf3c2-05f5-76e0-aa87-01f48ed3fe23,CGNM2601250013,2026-01-25 07:00:00.000,2026-01-26 04:05:00.000,paid,,019b9e27-67ed-7533-afe1-71342dab33f1,EU0222,Atika Qia,EU,END USER,019490f2-0003-7000-8000-123456789003,CG,Cipta Digital,58000.0,0.0,0.0,0.0,58000.0,64000.0,0.0,64000.0,0.0,6000.0,110.34,2026-01-25 13:07:00,2026-01-25 13:07:00,,,0.0,0.0,0,0,False,Paid - On Time/Early,1,1,CG-JZM,BCA Jazmi Hamzah,paid,ENTRY,0,,0,0,0,,2026-10-03 07:00:00,paid,END USER,58000.0,64000.0,58000.0,0.0,6000.0,True,False,0.0,Receipt exceeds invoice value,,,
019c02f9-cb50-714c-99cd-cfbf292e98fc,OLLS2601280002,2026-01-28 07:00:00.000,2026-01-30 06:54:00.000,paid,,019c02f4-69fb-76f9-83f7-29494104b7f4,USR000036,Selviani (selviani),EU,END USER,019ab8e3-cb41-7087-92ab-c7596e6780f4,OL,Cipta Online,241500.0,0.0,0.0,0.0,241500.0,342000.0,0.0,342000.0,0.0,100500.0,141.61,2026-01-28 12:45:00,2026-01-28 12:45:00,,,0.0,0.0,0,0,False,Paid - On Time/Early,1,1,OL-FDL,BCA Online,paid,ENTRY,0,,0,0,0,,2026-10-03 07:00:00,paid,END USER,241500.0,342000.0,241500.0,0.0,100500.0,True,False,0.0,Receipt exceeds invoice value,,,
019c03fa-cfca-70f2-829c-2af0c93949fe,OLAW2601280002,2026-01-28 07:00:00.000,2026-01-29 09:39:00.000,paid,,019c03f9-af28-77e9-bdec-c00040788a3f,USR000040,Yanti Tranformia,EU,END USER,019ab8e3-cb41-7087-92ab-c7596e6780f4,OL,Cipta Online,275000.0,0.0,0.0,0.0,275000.0,325000.0,0.0,325000.0,0.0,50000.0,118.18,2026-01-28 16:42:00,2026-01-28 16:42:00,,,0.0,0.0,0,0,False,Paid - On Time/Early,1,1,OL-CIB,Cash in Box,paid,ENTRY,0,,0,0,0,,2026-10-03 07:00:00,paid,END USER,275000.0,325000.0,275000.0,0.0,50000.0,True,False,0.0,Receipt exceeds invoice value,,,
019c0cc5-a278-731e-8f9e-656e42877020,GRDN2601300006,2026-01-30 07:00:00.000,2026-01-31 07:38:00.000,paid,,019b8c17-2584-7369-8ac4-52c298498988,CG0343,Agil (Agil),AGEN,AGEN,019490f2-0000-7000-8000-123456789000,GRH,Cipta Graha,475000.0,0.0,0.0,0.0,475000.0,495000.0,0.0,495000.0,0.0,20000.0,104.21,2026-01-30 09:45:00,2026-01-30 09:45:00,,,0.0,0.0,0,0,False,Paid - On Time/Early,1,1,GRH-CIB,Cash in Box,paid,ENTRY,0,,0,0,0,,2026-10-03 07:00:00,paid,AGEN,475000.0,495000.0,475000.0,0.0,20000.0,True,False,0.0,Receipt exceeds invoice value,,,
019c0df0-9164-76cf-ba6a-05f0f7d945ad,PKJA2601300017,2026-01-30 07:00:00.000,2026-02-01 10:01:00.000,paid,,019be8dd-7a0b-739a-ad6c-d19c0b55e127,UMK000017,Uci Atsu Shyreen,UMKM,UMKM,019b8a09-0bf8-7497-98a0-86a53a78e02f,PWK,Cipta Purwakarta,90000.0,0.0,0.0,0.0,90000.0,217000.0,0.0,217000.0,0.0,127000.0,241.11,2026-01-30 15:17:00,2026-01-30 15:17:00,,,0.0,0.0,0,0,False,Paid - On Time/Early,1,1,PWK-BCA,BCA PWK,paid,ENTRY,0,,0,0,0,,2026-10-03 07:00:00,paid,UMKM,90000.0,217000.0,90000.0,0.0,127000.0,True,False,0.0,Receipt exceeds invoice value,,,
019c0e3d-fc42-75b9-a8be-e268130552e3,OLAW2601300002,2026-01-30 07:00:00.000,2026-02-03 15:29:00.000,paid,,019c0e3c-9c83-711f-9ef8-7e55e85d6f48,CST79373251,Vania (sams),EU,END USER,019ab8e3-cb41-7087-92ab-c7596e6780f4,OL,Cipta Online,100000.0,0.0,0.0,0.0,100000.0,125000.0,0.0,125000.0,0.0,25000.0,125.0,2026-01-30 16:44:00,2026-01-30 16:44:00,,,0.0,0.0,0,0,False,Paid - On Time/Early,1,1,OL-FDL,BCA Online,paid,ENTRY,0,,0,0,0,,2026-10-03 07:00:00,paid,END USER,100000.0,125000.0,100000.0,0.0,25000.0,True,False,0.0,Receipt exceeds invoice value,,,
019c1e03-73d1-7048-b537-62b0e2961a37,CGNN2602020010,2026-02-02 07:00:00.000,2026-02-03 09:00:00.000,paid,,019b9e35-f786-759d-a4a1-93c6c89df5ec,EU5090,Mustaji Mulya,EU,END USER,019490f2-0003-7000-8000-123456789003,CG,Cipta Digital,45000.0,0.0,0.0,0.0,45000.0,60000.0,0.0,60000.0,0.0,15000.0,133.33,2026-02-02 18:19:00,2026-02-02 18:19:00,,,0.0,0.0,0,0,False,Paid - On Time/Early,1,1,CG-QRIS,QRIS BCA,paid,ENTRY,0,,0,0,0,,2026-10-03 07:00:00,paid,END USER,45000.0,60000.0,45000.0,0.0,15000.0,True,False,0.0,Receipt exceeds invoice value,,,
019c2131-36c7-7240-af5b-d756d2ac589a,OLLS2602030001,2026-02-03 07:00:00.000,2026-02-03 23:48:00.000,paid,,019bf406-22a3-72ac-a53e-40936456a211,USR000028,Taufiq Sholeh,EU,END USER,019ab8e3-cb41-7087-92ab-c7596e6780f4,OL,Cipta Online,58000.0,0.0,0.0,0.0,58000.0,70000.0,0.0,70000.0,0.0,12000.0,120.69,2026-02-03 08:50:00,2026-02-03 08:50:00,,,0.0,0.0,0,0,False,Paid - On Time/Early,1,1,OL-FDL,BCA Online,paid,ENTRY,0,,0,0,0,,2026-10-03 07:00:00,paid,END USER,58000.0,70000.0,58000.0,0.0,12000.0,True,False,0.0,Receipt exceeds invoice value,,,
019c2c7b-6934-75aa-bfa8-803ae0f36e14,CGSB2602050002,2026-02-05 07:00:00.000,2026-02-06 04:23:00.000,paid,,019c2c7b-3fd7-727e-ad68-785326e83670,USR000071,Cucu Suherni,EU,END USER,019490f2-0003-7000-8000-123456789003,CG,Cipta Digital,130000.0,0.0,0.0,0.0,130000.0,145000.0,0.0,145000.0,0.0,15000.0,111.54,2026-02-05 13:37:00,2026-02-05 13:37:00,,,0.0,0.0,0,0,False,Paid - On Time/Early,1,1,CG-JZM,BCA Jazmi Hamzah,paid,ENTRY,0,,0,0,0,,2026-10-03 07:00:00,paid,END USER,130000.0,145000.0,130000.0,0.0,15000.0,True,False,0.0,Receipt exceeds invoice value,,,
019c4c03-5a0e-75be-b058-5f1d5aaaca41,CGAA2602110002,2026-02-11 07:00:00.000,2026-02-12 21:16:00.000,paid,,019c3bf1-9a4d-7568-8f2b-f900d3a170d9,CST95590087,Yulia A,UMKM,UMKM,019490f2-0003-7000-8000-123456789003,CG,Cipta Digital,380000.0,0.0,0.0,0.0,380000.0,460000.0,0.0,460000.0,0.0,80000.0,121.05,2026-02-12 13:44:00,2026-02-12 13:44:00,,,1.0,1.0,0,0,False,Paid - On Time/Early,1,1,CG-JZM,BCA Jazmi Hamzah,paid,ENTRY,0,,0,0,0,,2026-10-03 07:00:00,paid,UMKM,380000.0,460000.0,380000.0,0.0,80000.0,True,False,0.0,Receipt exceeds invoice value,,,
019c4fa5-4b97-747d-9850-c58e3950babb,OLAW2602120001,2026-02-12 07:00:00.000,2026-02-13 18:57:00.000,paid,,019c215d-fc4b-745d-9695-8ab472745891,CST20691085,Sidan (sidan),EU,END USER,019ab8e3-cb41-7087-92ab-c7596e6780f4,OL,Cipta Online,1050000.0,0.0,0.0,0.0,1050000.0,1090000.0,0.0,1090000.0,0.0,40000.0,103.81,2026-02-12 10:02:00,2026-02-12 10:02:00,,,0.0,0.0,0,0,False,Paid - On Time/Early,1,1,OL-FDL,BCA Online,paid,ENTRY,0,,0,0,0,,2026-10-03 07:00:00,paid,END USER,1050000.0,1090000.0,1050000.0,0.0,40000.0,True,False,0.0,Receipt exceeds invoice value,,,
019c655b-35b8-706d-9318-884f1ef480c1,OLDA2602160001,2026-03-31 07:00:00.000,2026-04-09 05:25:00.000,paid,,019b8dd4-9b05-75bd-b073-23cd1e823be8,USR0777,Putri Ayu,EU,END USER,019ab8e3-cb41-7087-92ab-c7596e6780f4,OL,Cipta Online,3300000.0,0.0,0.0,0.0,3300000.0,4800000.0,0.0,4800000.0,0.0,1500000.0,145.45,2026-04-04 10:25:00,2026-04-30 19:21:00,,,4.0,30.0,21,0,False,Paid - Late,2,1,OL-FDL,BCA Online,"paid, partial",ENTRY,0,,0,0,0,,2026-10-03 07:00:00,paid,END USER,3300000.0,4800000.0,3300000.0,0.0,1500000.0,True,False,0.0,Receipt exceeds invoice value,,,
019c9e4e-adf4-7569-901d-f23cb4befdcc,CGSB2602270007,2026-02-27 07:00:00.000,2026-02-28 06:49:00.000,paid,,019b9e31-6b77-741a-b767-2f212e19a4ba,UMK001579,Yuli Virginia,UMKM,UMKM,019490f2-0003-7000-8000-123456789003,CG,Cipta Digital,180000.0,0.0,0.0,0.0,180000.0,330000.0,0.0,330000.0,0.0,150000.0,183.33,2026-02-28 10:40:00,2026-02-28 10:40:00,,,1.0,1.0,0,0,False,Paid - On Time/Early,1,1,CG-JZM,BCA Jazmi Hamzah,paid,ENTRY,0,,0,0,0,,2026-10-03 07:00:00,paid,UMKM,180000.0,330000.0,180000.0,0.0,150000.0,True,False,0.0,Receipt exceeds invoice value,,,
019ca80b-cb3e-74f1-b566-f53a00f2b5af,OLMR2603010005,2026-03-01 07:00:00.000,2026-03-02 04:15:00.000,paid,,019ca80a-b564-732c-8c92-eb158c724667,USR000186,Dani Bordir,EU,END USER,019ab8e3-cb41-7087-92ab-c7596e6780f4,OL,Cipta Online,580000.0,0.0,0.0,0.0,580000.0,692000.0,0.0,692000.0,0.0,112000.0,119.31,2026-03-01 13:18:00,2026-03-08 11:41:00,,,0.0,7.0,6,0,False,Paid - Late,2,1,OL-CIB,Cash in Box,"dp, paid",ENTRY,0,,0,0,0,,2026-10-03 07:00:00,paid,END USER,580000.0,692000.0,580000.0,0.0,112000.0,True,False,0.0,Receipt exceeds invoice value,,,
019ca826-6fd1-750a-8c41-c6f5fc3b1afa,PKAB2603010007,2026-03-01 07:00:00.000,2026-03-02 23:00:00.000,paid,,019b91a5-4e42-73a9-8abf-9ee4fa42cb87,UMK0314,Linda (Linda),UMKM,UMKM,019b8a09-0bf8-7497-98a0-86a53a78e02f,PWK,Cipta Purwakarta,110000.0,0.0,0.0,0.0,110000.0,130000.0,0.0,130000.0,0.0,20000.0,118.18,2026-03-01 15:00:00,2026-03-01 15:00:00,,,0.0,0.0,0,0,False,Paid - On Time/Early,1,1,PWK-BCA,BCA PWK,paid,ENTRY,0,,0,0,0,,2026-10-03 07:00:00,paid,UMKM,110000.0,130000.0,110000.0,0.0,20000.0,True,False,0.0,Receipt exceeds invoice value,,,
019cb668-02ab-765b-a0e1-91aa3bb1c4ab,OLLS2603040001,2026-03-04 14:58:00.000,2026-03-04 15:58:00.000,paid,,019cb665-72ef-751c-be19-8c8eb428295a,IND000017,Achmad Subban Malik,INDUSTRI,INDUSTRI,019ab8e3-cb41-7087-92ab-c7596e6780f4,OL,Cipta Online,640000.0,0.0,0.0,0.0,640000.0,670000.0,0.0,670000.0,0.0,30000.0,104.69,2026-03-06 19:44:00,2026-03-06 19:44:00,,,2.0,2.0,2,0,False,Paid - Late,1,1,OL-FDL,BCA Online,paid,ENTRY,0,,0,0,0,,2026-10-03 07:00:00,paid,INDUSTRI,640000.0,670000.0,640000.0,0.0,30000.0,True,False,0.0,Receipt exceeds invoice value,,,
019cc36d-78cb-7542-bf1e-0a9b3819682d,OLDA2603060003,2026-03-06 20:48:00.000,2026-03-06 21:48:00.000,paid,,019b8dd4-9af9-74d8-b77e-3fbb3c00c9b3,UMK0043,Dapur Sedep,UMKM,UMKM,019ab8e3-cb41-7087-92ab-c7596e6780f4,OL,Cipta Online,565000.0,0.0,0.0,0.0,565000.0,565050.0,0.0,565050.0,0.0,50.0,100.01,2026-03-07 12:52:00,2026-03-07 12:52:00,,,1.0,1.0,1,0,False,Paid - Late,1,1,OL-FDL,BCA Online,paid,ENTRY,0,,0,0,0,,2026-10-03 07:00:00,paid,UMKM,565000.0,565050.0,565000.0,0.0,50.0,True,False,0.0,Receipt exceeds invoice value,,,
019cc616-5ec2-7310-85cf-d87cc0689ce2,CGMP2603070006,2026-03-07 15:51:00.000,2026-03-07 16:51:00.000,paid,,019c8d8c-97f0-7458-80a9-e5a486376f56,UMK000241,Amel Erflog,UMKM,UMKM,019490f2-0003-7000-8000-123456789003,CG,Cipta Digital,31500.0,500.0,0.0,0.0,31000.0,31500.0,0.0,31500.0,0.0,500.0,101.61,2026-03-07 09:18:00,2026-03-07 09:18:00,,,0.0,0.0,0,0,False,Paid - On Time/Early,1,1,CG-CIB,Cash in Box,paid,ENTRY,0,,0,0,0,,2026-10-03 07:00:00,paid,UMKM,31000.0,31500.0,31000.0,0.0,500.0,True,False,0.0,Receipt exceeds invoice value,,,
019cc65f-5b01-742b-99f6-b1a6f7ba9383,CGEL2603070004,2026-03-07 16:20:00.000,2026-03-07 17:20:00.000,paid,,019b9e27-67ed-7533-afe0-d82e0f043c98,EU0184,Masjid Ubp,EU,END USER,019490f2-0003-7000-8000-123456789003,CG,Cipta Digital,80500.0,0.0,0.0,0.0,80500.0,88000.0,0.0,88000.0,0.0,7500.0,109.32,2026-03-07 13:17:00,2026-03-07 13:17:00,,,0.0,0.0,0,0,False,Paid - On Time/Early,1,1,CG-CIB,Cash in Box,paid,ENTRY,0,,0,0,0,,2026-10-03 07:00:00,paid,END USER,80500.0,88000.0,80500.0,0.0,7500.0,True,False,0.0,Receipt exceeds invoice value,,,
019cc718-2944-7772-bb16-3a7f84909f4b,PKJA2603070020,2026-03-07 15:59:00.000,2026-03-07 22:10:00.000,paid,,019b91a5-4e42-73a9-8ac0-1f207eecea3a,UMK0346,Dadang (Dadang),UMKM,UMKM,019b8a09-0bf8-7497-98a0-86a53a78e02f,PWK,Cipta Purwakarta,52000.0,0.0,0.0,0.0,52000.0,54000.0,0.0,54000.0,0.0,2000.0,103.85,2026-03-07 15:58:00,2026-03-07 15:58:00,,,0.0,0.0,0,0,False,Paid - On Time/Early,1,1,PWK-CIB,Cash in Box,paid,ENTRY,0,,0,0,0,,2026-10-03 07:00:00,paid,UMKM,52000.0,54000.0,52000.0,0.0,2000.0,True,False,0.0,Receipt exceeds invoice value,,,
019ccca0-8d87-766a-8b15-d64376842f35,GRRA2603080004,2026-03-08 21:16:00.000,2026-03-08 22:16:00.000,dp,,019b8c17-2584-7369-8ac3-eb42ddeb304c,CG0317,PJ SABLON DAN KONVEKSI,AGEN,AGEN,019490f2-0000-7000-8000-123456789000,GRH,Cipta Graha,334100.0,0.0,0.0,0.0,334100.0,337000.0,0.0,337000.0,0.0,2900.0,100.87,2026-03-08 15:53:00,2026-03-08 15:53:00,,,0.0,0.0,0,0,False,Paid - On Time/Early,1,1,GRH-CIB,Cash in Box,paid,ENTRY,0,,0,0,0,,2026-10-03 07:00:00,dp,AGEN,334100.0,337000.0,334100.0,0.0,2900.0,True,False,0.0,Receipt exceeds invoice value,,,
019cd6ae-112a-7785-bd8d-b22e6fb523d1,CGRD2603100005,2026-03-10 15:08:00.000,2026-03-10 16:08:00.000,paid,,019cd6ad-299e-765c-8817-42e302e987ee,CST76780597,Kirana Aqudiva,EU,END USER,019490f2-0003-7000-8000-123456789003,CG,Cipta Digital,290000.0,0.0,0.0,0.0,290000.0,410000.0,0.0,410000.0,0.0,120000.0,141.38,2026-03-10 14:37:00,2026-03-10 14:37:00,,,0.0,0.0,0,0,False,Paid - On Time/Early,1,1,CG-QRIS,QRIS BCA,paid,ENTRY,0,,0,0,0,,2026-10-03 07:00:00,paid,END USER,290000.0,410000.0,290000.0,0.0,120000.0,True,False,0.0,Receipt exceeds invoice value,,,
019cdaec-15f5-7128-9b50-193a8ec7b723,GRSA2603110005,2026-03-11 16:45:00.000,2026-03-11 17:45:00.000,dp,,019b8c17-258d-70a9-80b2-d451597995ea,USR0217,PERC ZASKIA,EU,END USER,019490f2-0000-7000-8000-123456789000,GRH,Cipta Graha,200000.0,0.0,0.0,0.0,200000.0,850000.0,0.0,850000.0,0.0,650000.0,425.0,2026-03-11 10:32:00,2026-03-11 10:32:00,,,0.0,0.0,0,0,False,Paid - On Time/Early,1,1,GRH-FTN,BCA Graha (Fathan),dp,ENTRY,0,,0,0,0,,2026-10-03 07:00:00,dp,END USER,200000.0,850000.0,200000.0,0.0,650000.0,True,False,0.0,Receipt exceeds invoice value,,,
019cdb2b-1c2d-77ec-b4ac-d50a0507a610,PKAB2603110004,2026-03-11 17:17:00.000,2026-03-11 18:17:00.000,paid,,019cdb27-18d9-70de-8a0c-9dc697bd18de,CST38422037,Aron Kembar Jaya Motor,EU,END USER,019b8a09-0bf8-7497-98a0-86a53a78e02f,PWK,Cipta Purwakarta,80000.0,30000.0,0.0,0.0,50000.0,80000.0,0.0,80000.0,0.0,30000.0,160.0,2026-03-11 11:46:00,2026-03-11 11:46:00,,,0.0,0.0,0,0,False,Paid - On Time/Early,1,1,PWK-CIB,Cash in Box,paid,ENTRY,0,,0,0,0,,2026-10-03 07:00:00,paid,END USER,50000.0,80000.0,50000.0,0.0,30000.0,True,False,0.0,Receipt exceeds invoice value,,,
019cf483-9c0a-742f-961e-eb4e1528d9aa,CGEL2603160001,2026-03-16 15:46:00.000,2026-03-16 16:46:00.000,paid,,019b9e31-6b78-72ac-9b69-4ee4ba777019,EU3043,Basecamp Cloth,EU,END USER,019490f2-0003-7000-8000-123456789003,CG,Cipta Digital,68000.0,0.0,0.0,0.0,68000.0,80000.0,0.0,80000.0,0.0,12000.0,117.65,2026-03-16 10:03:00,2026-03-16 10:03:00,,,0.0,0.0,0,0,False,Paid - On Time/Early,1,1,CG-JZM,BCA Jazmi Hamzah,paid,ENTRY,0,,0,0,0,,2026-10-03 07:00:00,paid,END USER,68000.0,80000.0,68000.0,0.0,12000.0,True,False,0.0,Receipt exceeds invoice value,,,
019cfff1-afba-755f-b18e-9cd91826066b,OLLS2603180003,2026-03-18 20:51:00.000,2026-03-18 21:51:00.000,paid,,019c6945-eab6-7330-8b71-100f4e45fc10,USR000139,Fuja Fuja,EU,END USER,019ab8e3-cb41-7087-92ab-c7596e6780f4,OL,Cipta Online,110000.0,0.0,0.0,0.0,110000.0,160000.0,0.0,160000.0,0.0,50000.0,145.45,2026-03-18 15:15:00,2026-03-18 15:45:00,,,0.0,0.0,0,0,False,Paid - On Time/Early,2,1,OL-FDL,BCA Online,"dp, paid",ENTRY,0,,0,0,0,,2026-10-03 07:00:00,paid,END USER,110000.0,160000.0,110000.0,0.0,50000.0,True,False,0.0,Receipt exceeds invoice value,,,
019d010c-5b31-754a-bff9-e23de992bad6,CGMP2603180019,2026-03-19 02:50:00.000,2026-03-19 03:50:00.000,paid,,019d010b-d19d-7518-82be-033b35cfafed,INS000171,Ojan Akmal,INSTANSI,INSTANSI,019490f2-0003-7000-8000-123456789003,CG,Cipta Digital,19000.0,0.0,0.0,0.0,19000.0,29000.0,0.0,29000.0,0.0,10000.0,152.63,2026-03-18 20:05:00,2026-03-18 20:05:00,,,-1.0,-1.0,0,0,False,Paid - On Time/Early,1,1,CG-CIB,Cash in Box,paid,ENTRY,0,,0,0,0,,2026-10-03 07:00:00,paid,INSTANSI,19000.0,29000.0,19000.0,0.0,10000.0,True,False,0.0,Receipt exceeds invoice value,,,
019d2f07-f07d-73dd-b887-7ec80d42e18f,CJRR2603270024,2026-03-27 21:17:00.000,2026-03-27 22:17:00.000,paid,,019d2f06-99c1-715b-82c3-e2a82b7fbf1d,USR001028,Regina Putri,EU,END USER,019490f2-0002-7000-8000-123456789002,CNJ,Cipta Cianjur,490000.0,0.0,0.0,0.0,490000.0,565000.0,0.0,565000.0,0.0,75000.0,115.31,2026-03-27 18:25:00,2026-03-27 18:25:00,,,0.0,0.0,0,0,False,Paid - On Time/Early,1,1,CNJ-BCA,BCA 2201,paid,ENTRY,0,,0,0,0,,2026-10-03 07:00:00,paid,END USER,490000.0,565000.0,490000.0,0.0,75000.0,True,False,0.0,Receipt exceeds invoice value,,,
019d487a-34ca-7146-a31a-f9a3e458f862,CGSB2604010005,2026-04-01 19:41:00.000,2026-04-01 20:41:00.000,paid,,019b9dc5-25ef-751e-a9c8-fcf573d025e5,UMK0044,Gina Kosmetik,UMKM,UMKM,019490f2-0003-7000-8000-123456789003,CG,Cipta Digital,32000.0,0.0,0.0,0.0,32000.0,34000.0,0.0,34000.0,0.0,2000.0,106.25,2026-04-01 19:45:00,2026-04-01 19:45:00,,,0.0,0.0,0,0,False,Paid - On Time/Early,1,1,CG-JZM,BCA Jazmi Hamzah,paid,ENTRY,0,,0,0,0,,2026-10-03 07:00:00,paid,UMKM,32000.0,34000.0,32000.0,0.0,2000.0,True,False,0.0,Receipt exceeds invoice value,,,
019d4963-211b-77ab-bf33-b319f9c6465c,CJYR2604010013,2026-04-01 20:29:00.000,2026-04-01 21:29:00.000,paid,,019b8de1-c6bb-707a-8731-10443b465cd1,CG0231,Sadulur Digital Printing,AGEN,AGEN,019490f2-0002-7000-8000-123456789002,CNJ,Cipta Cianjur,247000.0,2000.0,0.0,0.0,245000.0,247000.0,0.0,247000.0,0.0,2000.0,100.82,2026-04-02 08:17:00,2026-04-02 08:17:00,,,1.0,1.0,1,0,False,Paid - Late,1,1,CNJ-CIB,Cash in Box,paid,ENTRY,0,,0,0,0,,2026-10-03 07:00:00,paid,AGEN,245000.0,247000.0,245000.0,0.0,2000.0,True,False,0.0,Receipt exceeds invoice value,,,
019d5b61-39b1-74e8-8a4e-b76237b40a5a,PKAS2604050002,2026-04-05 15:23:00.000,2026-04-05 16:23:00.000,paid,,019b91a5-4e42-73a9-8abf-25422d3f4351,UMK0284,Arofah (Arofah),UMKM,UMKM,019b8a09-0bf8-7497-98a0-86a53a78e02f,PWK,Cipta Purwakarta,60000.0,0.0,0.0,0.0,60000.0,85000.0,0.0,85000.0,0.0,25000.0,141.67,2026-04-05 09:05:00,2026-04-05 09:05:00,,,0.0,0.0,0,0,False,Paid - On Time/Early,1,1,PWK-CIB,Cash in Box,paid,ENTRY,0,,0,0,0,,2026-10-03 07:00:00,paid,UMKM,60000.0,85000.0,60000.0,0.0,25000.0,True,False,0.0,Receipt exceeds invoice value,,,
019d9ef2-f84a-773a-882f-fbfbc379e39f,CGMP2604180010,2026-04-18 18:31:00.000,2026-04-18 19:31:00.000,paid,,019d9ec3-97cc-72d0-8253-152861af471f,INS000238,Opip Opip,INSTANSI,INSTANSI,019490f2-0003-7000-8000-123456789003,CG,Cipta Digital,4000.0,0.0,0.0,0.0,4000.0,10000.0,0.0,10000.0,0.0,6000.0,250.0,2026-04-18 11:56:00,2026-04-18 11:56:00,,,0.0,0.0,0,0,False,Paid - On Time/Early,1,1,CG-JZM,BCA Jazmi Hamzah,paid,ENTRY,0,,0,0,0,,2026-10-03 07:00:00,paid,INSTANSI,4000.0,10000.0,4000.0,0.0,6000.0,True,False,0.0,Receipt exceeds invoice value,,,
019dae70-e767-72b6-b830-1b9c8b99caf7,PKJA2604210007,2026-04-21 16:59:00.000,2026-04-21 17:59:00.000,paid,,019b91a5-4e42-73a9-8ac3-4d22af9c81ff,UMK0550,Ujang (Ujang),UMKM,UMKM,019b8a09-0bf8-7497-98a0-86a53a78e02f,PWK,Cipta Purwakarta,18000.0,0.0,0.0,0.0,18000.0,19000.0,0.0,19000.0,0.0,1000.0,105.56,2026-04-21 20:00:00,2026-04-21 20:00:00,,,0.0,0.0,0,0,False,Paid - On Time/Early,1,1,PWK-BCA,BCA PWK,paid,ENTRY,0,,0,0,0,,2026-10-03 07:00:00,paid,UMKM,18000.0,19000.0,18000.0,0.0,1000.0,True,False,0.0,Receipt exceeds invoice value,,,
019db43d-bd32-7283-a2ad-6dc1b86fc87f,OLLS2604220009,2026-04-22 20:17:00.000,2026-04-22 21:17:00.000,paid,,019db43b-9d2f-700a-a3ca-98544d16d238,USR000546,Azhar Jazilul Fawaid Jaelana,EU,END USER,019ab8e3-cb41-7087-92ab-c7596e6780f4,OL,Cipta Online,220000.0,0.0,0.0,0.0,220000.0,260000.0,0.0,260000.0,0.0,40000.0,118.18,2026-04-22 16:26:00,2026-04-22 16:26:00,,,0.0,0.0,0,0,False,Paid - On Time/Early,1,1,OL-FDL,BCA Online,paid,ENTRY,0,,0,0,0,,2026-10-03 07:00:00,paid,END USER,220000.0,260000.0,220000.0,0.0,40000.0,True,False,0.0,Receipt exceeds invoice value,,,
019db485-689b-774f-9914-2757b741f47f,CGSB2604220006,2026-04-22 21:46:00.000,2026-04-22 22:46:00.000,paid,,019db484-dc49-7289-8407-4a144c29561d,UMK000571,Toserba Best,UMKM,UMKM,019490f2-0003-7000-8000-123456789003,CG,Cipta Digital,84000.0,0.0,0.0,0.0,84000.0,144000.0,0.0,144000.0,0.0,60000.0,171.43,2026-04-23 08:23:00,2026-04-28 17:28:00,,,1.0,6.0,6,0,False,Paid - Late,2,2,"CG-CIB, CG-JZM","BCA Jazmi Hamzah, Cash in Box","dp, paid",ENTRY,0,,0,0,0,,2026-10-03 07:00:00,paid,UMKM,84000.0,144000.0,84000.0,0.0,60000.0,True,False,0.0,Receipt exceeds invoice value,,,
019db496-a4ea-77eb-a270-ac74d4bdfa12,OLLS2604220010,2026-04-22 20:17:00.000,2026-04-22 21:17:00.000,paid,,019db495-4539-74f0-b51d-7c3281421cf1,CG000004,Indihome Telkomsel,AGEN,AGEN,019ab8e3-cb41-7087-92ab-c7596e6780f4,OL,Cipta Online,60000.0,0.0,0.0,0.0,60000.0,72000.0,0.0,72000.0,0.0,12000.0,120.0,2026-04-24 08:14:00,2026-04-24 08:14:00,,,2.0,2.0,2,0,False,Paid - Late,1,1,OL-FDL,BCA Online,paid,ENTRY,0,,0,0,0,,2026-10-03 07:00:00,paid,AGEN,60000.0,72000.0,60000.0,0.0,12000.0,True,False,0.0,Receipt exceeds invoice value,,,
019dce2f-ec2b-7206-bfc0-a24b8e144738,GRDN2604270013,2026-04-27 16:04:00.000,2026-04-27 23:58:00.000,paid,,019b8c17-2590-75dd-bf02-0f167bd84dde,USR0643,Stella (Stella),EU,END USER,019490f2-0000-7000-8000-123456789000,GRH,Cipta Graha,418000.0,0.0,0.0,0.0,418000.0,636000.0,0.0,636000.0,0.0,218000.0,152.15,2026-04-27 10:14:00,2026-04-30 14:22:00,,,0.0,3.0,3,0,False,Paid - Late,2,2,"GRH-FTN, GRH-OFC","BCA Cipta Office, BCA Graha (Fathan)","dp, paid",ENTRY,0,,0,0,0,,2026-10-03 07:00:00,paid,END USER,418000.0,636000.0,418000.0,0.0,218000.0,True,False,0.0,Receipt exceeds invoice value,,,
019dce31-6235-745f-9ee6-7bd40a2fde99,GLVI2604270006,2026-04-27 20:10:00.000,2026-04-27 21:10:00.000,paid,,019dce31-081b-726d-bdf2-a1d91c3885d2,USR000100,Nur Saadah,EU,END USER,019490f2-0001-7000-8000-123456789001,GLH,Cipta Galuh,95000.0,0.0,0.0,0.0,95000.0,190000.0,0.0,190000.0,0.0,95000.0,200.0,2026-04-27 16:49:00,2026-04-27 16:50:00,,,0.0,0.0,0,0,False,Paid - On Time/Early,2,1,GLH-MDR,Mandiri Karawang,paid,ENTRY,0,,0,0,0,,2026-10-03 07:00:00,paid,END USER,95000.0,190000.0,95000.0,0.0,95000.0,True,False,0.0,Receipt exceeds invoice value,,,
019dce96-9b27-770c-85ea-73c303912473,GRDN2604270028,2026-04-28 00:52:00.000,2026-04-28 01:52:00.000,paid,,019d61d9-874f-73fd-b881-1ec24f7435f5,USR000112,Louis Cell,EU,END USER,019490f2-0000-7000-8000-123456789000,GRH,Cipta Graha,784500.0,0.0,0.0,0.0,784500.0,1084500.0,0.0,1084500.0,0.0,300000.0,138.24,2026-04-27 18:10:00,2026-04-29 18:22:00,,,-1.0,1.0,1,0,False,Paid - Late,2,1,GRH-CIB,Cash in Box,"paid, partial",ENTRY,0,,0,0,0,,2026-10-03 07:00:00,paid,END USER,784500.0,1084500.0,784500.0,0.0,300000.0,True,False,0.0,Receipt exceeds invoice value,,,
019dd227-6045-71c8-bacb-b8a3df379f0d,CGPJ2604280002,2026-04-28 16:38:00.000,2026-04-28 17:38:00.000,paid,,019dd226-d343-77fd-9dea-77dce1b0140c,UMK000613,Ardiansyah Ardiansyah,UMKM,UMKM,019490f2-0003-7000-8000-123456789003,CG,Cipta Digital,34000.0,0.0,0.0,0.0,34000.0,68000.0,0.0,68000.0,0.0,34000.0,200.0,2026-04-28 10:37:00,2026-04-28 10:37:00,,,0.0,0.0,0,0,False,Paid - On Time/Early,2,1,CG-JZM,BCA Jazmi Hamzah,paid,ENTRY,0,,0,0,0,,2026-10-03 07:00:00,paid,UMKM,34000.0,68000.0,34000.0,0.0,34000.0,True,False,0.0,Receipt exceeds invoice value,,,
019dd25e-a83a-72d8-ad25-7a9076267024,GLVI2604280002,2026-04-28 18:31:00.000,2026-04-28 19:31:00.000,paid,,019dd25c-bc66-779b-abe5-44048793af11,IND000023,Pt. Wens Energi Nusantara,INDUSTRI,INDUSTRI,019490f2-0001-7000-8000-123456789001,GLH,Cipta Galuh,75000.0,0.0,0.0,0.0,75000.0,150000.0,0.0,150000.0,0.0,75000.0,200.0,2026-04-28 13:47:00,2026-04-28 13:47:00,,,0.0,0.0,0,0,False,Paid - On Time/Early,2,1,GLH-775,BCA 775,paid,ENTRY,0,,0,0,0,,2026-10-03 07:00:00,paid,INDUSTRI,75000.0,150000.0,75000.0,0.0,75000.0,True,False,0.0,Receipt exceeds invoice value,,,
019dd3cd-7ecb-728c-b0c5-150e6c1f28a6,CJYR2604280006,2026-04-28 22:46:00.000,2026-04-28 23:46:00.000,paid,,019bd53d-6916-72fa-bf38-d2b177040299,UMK000002,Moonlight Cafe,UMKM,UMKM,019490f2-0002-7000-8000-123456789002,CNJ,Cipta Cianjur,475000.0,0.0,0.0,0.0,475000.0,950000.0,0.0,950000.0,0.0,475000.0,200.0,2026-04-29 13:41:00,2026-04-29 13:42:00,,,1.0,1.0,1,0,False,Paid - Late,2,1,CNJ-BCA,BCA 2201,paid,ENTRY,0,,0,0,0,,2026-10-03 07:00:00,paid,UMKM,475000.0,950000.0,475000.0,0.0,475000.0,True,False,0.0,Receipt exceeds invoice value,,,
019dd74f-9702-734b-a143-3dc9e8f96d73,CJRR2604290005,2026-04-29 17:36:00.000,2026-04-29 18:36:00.000,paid,,019b8de1-c6ba-72a9-8e2e-9fe5bc622dbc,CG0094,Falah Kaos,AGEN,AGEN,019490f2-0002-7000-8000-123456789002,CNJ,Cipta Cianjur,12000.0,0.0,0.0,0.0,12000.0,24000.0,0.0,24000.0,0.0,12000.0,200.0,2026-04-29 17:22:00,2026-04-29 17:22:00,,,0.0,0.0,0,0,False,Paid - On Time/Early,2,1,CNJ-CIB,Cash in Box,paid,ENTRY,0,,0,0,0,,2026-10-03 07:00:00,paid,AGEN,12000.0,24000.0,12000.0,0.0,12000.0,True,False,0.0,Receipt exceeds invoice value,,,
019dd7c0-c848-7313-bec4-bc222bea41a6,CJRR2604290008,2026-04-29 18:19:00.000,2026-04-29 19:19:00.000,paid,,019c9387-b72c-7104-b224-cb8913dcd375,USR001004,Idola Florist,EU,END USER,019490f2-0002-7000-8000-123456789002,CNJ,Cipta Cianjur,600000.0,0.0,0.0,0.0,600000.0,900000.0,0.0,900000.0,0.0,300000.0,150.0,2026-04-29 12:44:00,2026-04-30 18:12:00,,,0.0,1.0,1,0,False,Paid - Late,2,1,CNJ-BCA,BCA 2201,"dp, paid",ENTRY,0,,0,0,0,,2026-10-03 07:00:00,paid,END USER,600000.0,900000.0,600000.0,0.0,300000.0,True,False,0.0,Receipt exceeds invoice value,,,
019dd80a-5f2a-7492-af14-20842f9a5b6e,CJYR2604290002,2026-04-29 20:31:00.000,2026-04-29 21:31:00.000,paid,,019b8de1-c6ba-72a9-8e2f-70f365c150f9,CG0147,Perc. Sakura,AGEN,AGEN,019490f2-0002-7000-8000-123456789002,CNJ,Cipta Cianjur,90000.0,0.0,0.0,0.0,90000.0,270000.0,0.0,270000.0,0.0,180000.0,300.0,2026-04-29 14:02:00,2026-04-29 14:02:00,,,0.0,0.0,0,0,False,Paid - On Time/Early,3,1,CNJ-CIB,Cash in Box,paid,ENTRY,0,,0,0,0,,2026-10-03 07:00:00,paid,AGEN,90000.0,270000.0,90000.0,0.0,180000.0,True,False,0.0,Receipt exceeds invoice value,,,
019dd84b-2a6f-74d3-adc2-5934b1052ce9,OLDA2604290002,2026-04-29 20:59:00.000,2026-04-29 21:59:00.000,paid,,019dd84a-983a-724c-a16d-abf71def4464,USR000569,Muhammad Zaenal Arifin,EU,END USER,019ab8e3-cb41-7087-92ab-c7596e6780f4,OL,Cipta Online,32000.0,0.0,0.0,0.0,32000.0,64000.0,0.0,64000.0,0.0,32000.0,200.0,2026-04-29 15:14:00,2026-04-29 15:14:00,,,0.0,0.0,0,0,False,Paid - On Time/Early,2,1,OL-FDL,BCA Online,paid,ENTRY,0,,0,0,0,,2026-10-03 07:00:00,paid,END USER,32000.0,64000.0,32000.0,0.0,32000.0,True,False,0.0,Receipt exceeds invoice value,,,
019ddbf5-ff02-721b-a536-b34f8cd25b22,CJFA2604300001,2026-04-30 15:14:00.000,2026-04-30 16:14:00.000,paid,,019ddbf5-6495-73ab-949a-a9abd68c02dc,UMK000041,Nashira Exclusive Niqab,UMKM,UMKM,019490f2-0002-7000-8000-123456789002,CNJ,Cipta Cianjur,40000.0,0.0,0.0,0.0,40000.0,60000.0,0.0,60000.0,0.0,20000.0,150.0,2026-04-30 18:13:00,2026-04-30 18:14:00,,,0.0,0.0,0,0,False,Paid - On Time/Early,2,2,"CNJ-BCA, CNJ-CIB","BCA 2201, Cash in Box","dp, paid",ENTRY,0,,0,0,0,,2026-10-03 07:00:00,paid,UMKM,40000.0,60000.0,40000.0,0.0,20000.0,True,False,0.0,Receipt exceeds invoice value,,,
019ddcae-b35e-756c-b251-929d626a43e2,GLVI2604300003,2026-04-30 18:13:00.000,2026-04-30 19:13:00.000,paid,,019b8de0-01dc-74cd-ba22-d81221c661f7,UMK0206,Konsumen Umum,UMKM,UMKM,019490f2-0001-7000-8000-123456789001,GLH,Cipta Galuh,96000.0,0.0,0.0,0.0,96000.0,192000.0,0.0,192000.0,0.0,96000.0,200.0,2026-04-30 11:39:00,2026-04-30 11:39:00,,,0.0,0.0,0,0,False,Paid - On Time/Early,2,1,GLH-CIB,Cash in Box,paid,ENTRY,0,,0,0,0,,2026-10-03 07:00:00,paid,UMKM,96000.0,192000.0,96000.0,0.0,96000.0,True,False,0.0,Receipt exceeds invoice value,,,
019ddcc0-9edc-70e9-bd40-2b36583d3d53,CJRR2604300011,2026-04-30 15:28:00.000,2026-04-30 16:28:00.000,paid,,019b8de1-c6ba-72a9-8e2e-175634427cbe,CG0060,Perc. Arsyila,AGEN,AGEN,019490f2-0002-7000-8000-123456789002,CNJ,Cipta Cianjur,60000.0,0.0,0.0,0.0,60000.0,120000.0,0.0,120000.0,0.0,60000.0,200.0,2026-04-30 14:51:00,2026-04-30 14:51:00,,,0.0,0.0,0,0,False,Paid - On Time/Early,2,1,CNJ-BCA,BCA 2201,paid,ENTRY,0,,0,0,0,,2026-10-03 07:00:00,paid,AGEN,60000.0,120000.0,60000.0,0.0,60000.0,True,False,0.0,Receipt exceeds invoice value,,,
019ddcfc-1e3b-72ea-9a9c-c499a32ec66a,GLVI2604300004,2026-04-30 19:56:00.000,2026-04-30 20:56:00.000,paid,,019ddcf9-5253-74aa-b6e3-2be2f2b72ebc,USR000103,Tama Mahendra Konsumen,EU,END USER,019490f2-0001-7000-8000-123456789001,GLH,Cipta Galuh,385000.0,0.0,0.0,0.0,385000.0,770000.0,0.0,770000.0,0.0,385000.0,200.0,2026-04-30 14:41:00,2026-04-30 14:41:00,,,0.0,0.0,0,0,False,Paid - On Time/Early,2,1,GLH-MDR,Mandiri Karawang,paid,ENTRY,0,,0,0,0,,2026-10-03 07:00:00,paid,END USER,385000.0,770000.0,385000.0,0.0,385000.0,True,False,0.0,Receipt exceeds invoice value,,,
019de244-6d4b-75ee-947a-799ccad6efa5,OLLS2605010001,2026-05-01 20:25:00.000,2026-05-01 21:25:00.000,paid,,019de243-4bcc-7268-bac8-7d70a4a376e4,USR000573,Nova Mega  Ristin,EU,END USER,019ab8e3-cb41-7087-92ab-c7596e6780f4,OL,Cipta Online,44000.0,0.0,0.0,0.0,44000.0,44500.0,0.0,44500.0,0.0,500.0,101.14,2026-05-01 14:31:00,2026-05-02 07:46:00,,,0.0,1.0,1,0,False,Paid - Late,2,1,OL-FDL,BCA Online,"dp, paid",ENTRY,0,,0,0,0,,2026-10-03 07:00:00,paid,END USER,44000.0,44500.0,44000.0,0.0,500.0,True,False,0.0,Receipt exceeds invoice value,,,
01a0c32d-9dc8-76c5-a2e6-8296ee02d12c,PKAS2609210009,2026-09-21 15:55:00.000,2026-09-24 15:55:00.000,paid,,019b91a5-4e43-76fd-ab9f-14077ea4f1b2,UMK0622,Bpr (Bpr),UMKM,UMKM,019b8a09-0bf8-7497-98a0-86a53a78e02f,PWK,Cipta Purwakarta,94500.0,0.0,0.0,0.0,94500.0,189000.0,0.0,189000.0,0.0,94500.0,200.0,2026-09-22 10:26:00,2026-09-22 10:26:00,,,1.0,1.0,0,0,False,Paid - On Time/Early,1,1,PWK-CIB,Cash in Box,paid,ENTRY,0,,0,0,0,,2026-10-03 07:00:00,paid,UMKM,94500.0,189000.0,94500.0,0.0,94500.0,True,False,0.0,Receipt exceeds invoice value,,,
019bd5ba-2d66-70fb-ac80-16194804f6a1,PKFF2601190008,2026-01-19 07:00:00.000,2026-01-20 08:07:00.000,paid,016/PC-PO/SV/I/2026,019b91a5-4e3f-733e-ad4c-09720e1cbb53,IND000064,Pt Solve It,INDUSTRI,INDUSTRI,019b8a09-0bf8-7497-98a0-86a53a78e02f,PWK,Cipta Purwakarta,720000.0,0.0,79200.0,0.0,799200.0,799200.0,0.0,799200.0,0.0,0.0,100.0,2026-01-09 15:19:00,2026-01-09 15:19:00,,,-10.0,-10.0,0,0,False,Paid - On Time/Early,1,1,PWK-BCA,BCA PWK,paid,ENTRY,0,,0,0,0,,2026-10-03 07:00:00,paid,INDUSTRI,799200.0,799200.0,799200.0,0.0,0.0,True,False,0.0,Payment date earlier than invoice date,Settled,External Customer,False
019bd5c8-e244-7251-8169-22424dd946b6,PKFF2601190021,2026-01-19 07:00:00.000,2026-01-20 08:21:00.000,paid,007/PC-PO/SV/I/2026,019b91a5-4e3f-733e-ad4c-09720e1cbb53,IND000064,Pt Solve It,INDUSTRI,INDUSTRI,019b8a09-0bf8-7497-98a0-86a53a78e02f,PWK,Cipta Purwakarta,540000.0,0.0,59400.0,0.0,599400.0,599400.0,0.0,599400.0,0.0,0.0,100.0,2026-01-09 15:19:00,2026-01-09 15:19:00,,,-10.0,-10.0,0,0,False,Paid - On Time/Early,1,1,PWK-BCA,BCA PWK,paid,ENTRY,0,,0,0,0,,2026-10-03 07:00:00,paid,INDUSTRI,599400.0,599400.0,599400.0,0.0,0.0,True,False,0.0,Payment date earlier than invoice date,Settled,External Customer,False
019bdad8-07fc-708a-b65a-d526eb347473,GRSA2601200011,2026-01-20 07:00:00.000,2026-01-21 00:57:00.000,paid,,019b8c17-2594-7410-846a-ffb0a85f158e,USR1041,LINDA (LINDA),EU,END USER,019490f2-0000-7000-8000-123456789000,GRH,Cipta Graha,120000.0,0.0,0.0,0.0,120000.0,120000.0,0.0,120000.0,0.0,0.0,100.0,2026-01-19 18:21:00,2026-01-19 18:21:00,,,-1.0,-1.0,0,0,False,Paid - On Time/Early,1,1,GRH-FTN,BCA Graha (Fathan),paid,ENTRY,0,,0,0,0,,2026-10-03 07:00:00,paid,END USER,120000.0,120000.0,120000.0,0.0,0.0,True,False,0.0,Payment date earlier than invoice date,Settled,External Customer,False
019bf80a-5d12-713a-9023-02bd9d170d22,PKFF2601220003,2026-01-26 07:00:00.000,2026-01-27 00:01:00.000,paid,019/PC-PO/SV/I/2026,019b91a5-4e3f-733e-ad4c-09720e1cbb53,IND000064,Pt Solve It,INDUSTRI,INDUSTRI,019b8a09-0bf8-7497-98a0-86a53a78e02f,PWK,Cipta Purwakarta,200000.0,0.0,22000.0,0.0,222000.0,222000.0,0.0,222000.0,0.0,0.0,100.0,2026-01-09 15:19:00,2026-01-09 15:19:00,,,-17.0,-17.0,0,0,False,Paid - On Time/Early,1,1,PWK-BCA,BCA PWK,paid,ENTRY,0,,0,0,0,,2026-10-03 07:00:00,paid,INDUSTRI,222000.0,222000.0,222000.0,0.0,0.0,True,False,0.0,Payment date earlier than invoice date,Settled,External Customer,False
019c08ff-e194-75bc-ba5b-58ce1b87b96f,GLVI2601290003,2026-01-29 07:00:00.000,2026-01-29 23:50:00.000,paid,,019b8de0-01dd-75d1-8276-b8b27ff10cad,USR0084,Dania (Dania),EU,END USER,019490f2-0001-7000-8000-123456789001,GLH,Cipta Galuh,131000.0,0.0,0.0,0.0,131000.0,131000.0,0.0,131000.0,0.0,0.0,100.0,2026-01-28 13:02:00,2026-01-28 13:02:00,,,-1.0,-1.0,0,0,False,Paid - On Time/Early,1,1,GLH-775,BCA 775,paid,ENTRY,0,,0,0,0,,2026-10-03 07:00:00,paid,END USER,131000.0,131000.0,131000.0,0.0,0.0,True,False,0.0,Payment date earlier than invoice date,Settled,External Customer,False
019c221c-2b52-74e2-ac43-e9f7327c5a27,PKFF2601300009,2026-02-03 07:00:00.000,2026-02-03 21:06:00.000,paid,032/PC-PO/SV/I/2026,019b91a5-4e3f-733e-ad4c-09720e1cbb53,IND000064,Pt Solve It,INDUSTRI,INDUSTRI,019b8a09-0bf8-7497-98a0-86a53a78e02f,PWK,Cipta Purwakarta,210000.0,0.0,23100.0,0.0,233100.0,233100.0,0.0,233100.0,0.0,0.0,100.0,2026-01-09 15:19:00,2026-01-09 15:19:00,,,-25.0,-25.0,0,0,False,Paid - On Time/Early,1,1,PWK-BCA,BCA PWK,paid,ENTRY,0,,0,0,0,,2026-10-03 07:00:00,paid,INDUSTRI,233100.0,233100.0,233100.0,0.0,0.0,True,False,0.0,Payment date earlier than invoice date,Settled,External Customer,False
019c221d-9ea0-74ae-93ea-e51c2a2c7b14,PKFF2601290013,2026-02-03 07:00:00.000,2026-02-03 21:08:00.000,paid,030/PC-PO/SV/I/2026,019b91a5-4e3f-733e-ad4c-09720e1cbb53,IND000064,Pt Solve It,INDUSTRI,INDUSTRI,019b8a09-0bf8-7497-98a0-86a53a78e02f,PWK,Cipta Purwakarta,200000.0,0.0,22000.0,0.0,222000.0,222000.0,0.0,222000.0,0.0,0.0,100.0,2026-01-09 15:20:00,2026-01-09 15:20:00,,,-25.0,-25.0,0,0,False,Paid - On Time/Early,1,1,PWK-BCA,BCA PWK,paid,ENTRY,0,,0,0,0,,2026-10-03 07:00:00,paid,INDUSTRI,222000.0,222000.0,222000.0,0.0,0.0,True,False,0.0,Payment date earlier than invoice date,Settled,External Customer,False
019c223d-89d0-71cc-8cb5-af0ec7b5a16a,PKDR2601200004,2026-02-03 07:00:00.000,2026-02-04 11:43:00.000,paid,CMWI-K 268 01 2026,019b91a5-4e3c-71d9-847b-989461935fec,IND0005,Pt Central Motor Wheel Indonesia,INDUSTRI,INDUSTRI,019b8a09-0bf8-7497-98a0-86a53a78e02f,PWK,Cipta Purwakarta,9280000.0,0.0,1020800.0,0.0,10300800.0,10300800.0,0.0,10300800.0,0.0,0.0,100.0,2026-01-01 14:25:00,2026-01-01 14:25:00,,,-33.0,-33.0,0,0,False,Paid - On Time/Early,1,1,PWK-OFC,BCA Cipta Office,paid,ENTRY,0,,0,0,0,,2026-10-03 07:00:00,paid,INDUSTRI,10300800.0,10300800.0,10300800.0,0.0,0.0,True,False,0.0,Payment date earlier than invoice date,Settled,External Customer,False
019c30fc-f53a-728b-b284-0bf27417fe33,CJFU2602060002,2026-02-06 07:00:00.000,2026-02-06 18:25:00.000,paid,,019c0dcd-5a7c-7655-b6cd-2f38d61e63be,USR000040,Muhammad Dhafa,EU,END USER,019490f2-0002-7000-8000-123456789002,CNJ,Cipta Cianjur,30000.0,0.0,0.0,0.0,30000.0,30000.0,0.0,30000.0,0.0,0.0,100.0,2026-02-04 10:26:00,2026-02-04 10:26:00,,,-2.0,-2.0,0,0,False,Paid - On Time/Early,1,1,CNJ-BCA,BCA 2201,paid,ENTRY,0,,0,0,0,,2026-10-03 07:00:00,paid,END USER,30000.0,30000.0,30000.0,0.0,0.0,True,False,0.0,Payment date earlier than invoice date,Settled,External Customer,False
019c45a4-b2a9-7792-87a5-76d8be90155a,PKDR2602060001,2026-02-10 07:00:00.000,2026-02-10 18:42:00.000,paid,4400907050,019b91a5-4e3d-702c-bb5c-b25d99ca7535,IND0019,Pt Prysmian Cables Indonesia,INDUSTRI,INDUSTRI,019b8a09-0bf8-7497-98a0-86a53a78e02f,PWK,Cipta Purwakarta,3000000.0,0.0,330000.0,0.0,3330000.0,3330000.0,0.0,3330000.0,0.0,0.0,100.0,2026-02-09 14:43:00,2026-02-09 14:43:00,,,-1.0,-1.0,0,0,False,Paid - On Time/Early,1,1,PWK-BCA,BCA PWK,paid,ENTRY,0,,0,0,0,,2026-10-03 07:00:00,paid,INDUSTRI,3330000.0,3330000.0,3330000.0,0.0,0.0,True,False,0.0,Payment date earlier than invoice date,Settled,External Customer,False
019c4fd4-b5a8-72d8-9c5f-c8edf418eadc,PKFF2602060019,2026-02-12 07:00:00.000,2026-02-13 01:10:00.000,paid,038/PC-PO/SV/II/2026,019b91a5-4e3f-733e-ad4c-09720e1cbb53,IND000064,Pt Solve It,INDUSTRI,INDUSTRI,019b8a09-0bf8-7497-98a0-86a53a78e02f,PWK,Cipta Purwakarta,400000.0,0.0,44000.0,0.0,444000.0,444000.0,0.0,444000.0,0.0,0.0,100.0,2026-01-09 15:20:00,2026-01-09 15:20:00,,,-34.0,-34.0,0,0,False,Paid - On Time/Early,1,1,PWK-BCA,BCA PWK,paid,ENTRY,0,,0,0,0,,2026-10-03 07:00:00,paid,INDUSTRI,444000.0,444000.0,444000.0,0.0,0.0,True,False,0.0,Payment date earlier than invoice date,Settled,External Customer,False
019cac54-43ec-73fd-a8ae-3e3b836e86b3,PKFF2602270009,2026-03-02 07:00:00.000,2026-03-02 17:14:00.000,paid,4400911563,019b91a5-4e3d-702c-bb5c-b25d99ca7535,IND0019,Pt Prysmian Cables Indonesia,INDUSTRI,INDUSTRI,019b8a09-0bf8-7497-98a0-86a53a78e02f,PWK,Cipta Purwakarta,2050000.0,0.0,225500.0,0.0,2275500.0,2275500.0,0.0,2275500.0,0.0,0.0,100.0,2026-02-09 14:43:00,2026-02-09 14:43:00,,,-21.0,-21.0,0,0,False,Paid - On Time/Early,1,1,PWK-BCA,BCA PWK,paid,ENTRY,0,,0,0,0,,2026-10-03 07:00:00,paid,INDUSTRI,2275500.0,2275500.0,2275500.0,0.0,0.0,True,False,0.0,Payment date earlier than invoice date,Settled,External Customer,False
019cb329-9b9c-7250-ac26-752d24e3d1ce,PKFF2603030007,2026-03-04 00:02:00.000,2026-03-04 01:02:00.000,paid,,019cb328-1b2a-70d2-8e69-2268972bbc3b,CST20256547,Punnet Kumar Malik,EU,END USER,019b8a09-0bf8-7497-98a0-86a53a78e02f,PWK,Cipta Purwakarta,85000.0,0.0,0.0,0.0,85000.0,85000.0,0.0,85000.0,0.0,0.0,100.0,2026-03-03 18:47:00,2026-03-03 18:47:00,,,-1.0,-1.0,0,0,False,Paid - On Time/Early,1,1,PWK-BCA,BCA PWK,paid,ENTRY,0,,0,0,0,,2026-10-03 07:00:00,paid,END USER,85000.0,85000.0,85000.0,0.0,0.0,True,False,0.0,Payment date earlier than invoice date,Settled,External Customer,False
019cb355-81ef-775c-ac92-3487e0d2ff09,CGDP2603030013,2026-03-04 00:28:00.000,2026-03-04 01:28:00.000,paid,,019cb355-2b52-758b-80ed-a4c8e774c3f8,UMK000280,Pee Wee Gaskins,UMKM,UMKM,019490f2-0003-7000-8000-123456789003,CG,Cipta Digital,30000.0,0.0,0.0,0.0,30000.0,30000.0,0.0,30000.0,0.0,0.0,100.0,2026-03-03 17:54:00,2026-03-03 17:54:00,,,-1.0,-1.0,0,0,False,Paid - On Time/Early,1,1,CG-CIB,Cash in Box,paid,ENTRY,0,,0,0,0,,2026-10-03 07:00:00,paid,UMKM,30000.0,30000.0,30000.0,0.0,0.0,True,False,0.0,Payment date earlier than invoice date,Settled,External Customer,False
019cb359-dd62-7700-9a22-7b5f09809577,GRDN2603030024,2026-03-04 00:56:00.000,2026-03-04 01:56:00.000,paid,,019b8c17-258b-75fe-aeda-26dde865c457,CG1287,Fajar (Fajar),AGEN,AGEN,019490f2-0000-7000-8000-123456789000,GRH,Cipta Graha,85000.0,0.0,0.0,0.0,85000.0,85000.0,0.0,85000.0,0.0,0.0,100.0,2026-03-03 17:59:00,2026-03-04 16:34:00,,,-1.0,0.0,0,0,False,Paid - On Time/Early,2,1,GRH-CIB,Cash in Box,"dp, paid",ENTRY,0,,0,0,0,,2026-10-03 07:00:00,paid,AGEN,85000.0,85000.0,85000.0,0.0,0.0,True,False,0.0,Payment date earlier than invoice date,Settled,External Customer,True
019cb35b-20e8-70aa-a209-2f5184dde634,CGDP2603030009,2026-03-04 01:00:00.000,2026-03-04 01:28:00.000,dp,,019cb2ca-8c13-73bc-9e7a-49272b757420,CST58234265,Eko Joko Purnomo,UMKM,UMKM,019490f2-0003-7000-8000-123456789003,CG,Cipta Digital,4000000.0,0.0,0.0,0.0,4000000.0,2000000.0,0.0,2000000.0,2000000.0,0.0,50.0,2026-03-03 18:01:00,2026-03-03 18:01:00,,,-1.0,,0,213,True,Partially Paid - Overdue,1,1,CG-JZM,BCA Jazmi Hamzah,paid,ENTRY,0,,0,0,0,,2026-10-03 07:00:00,dp,UMKM,4000000.0,2000000.0,2000000.0,2000000.0,0.0,False,True,2000000.0,Payment date earlier than invoice date,90+ Days,External Customer,False
019cb362-9dbc-7170-a41b-cd55f1bc7420,CJYR2603030002,2026-03-04 01:03:00.000,2026-03-04 02:03:00.000,paid,,019b8de1-c6ba-72a9-8e2e-9fe5bc622dbc,CG0094,Falah Kaos,AGEN,AGEN,019490f2-0002-7000-8000-123456789002,CNJ,Cipta Cianjur,267500.0,0.0,0.0,0.0,267500.0,267500.0,0.0,267500.0,0.0,0.0,100.0,2026-03-03 19:56:00,2026-03-03 19:56:00,,,-1.0,-1.0,0,0,False,Paid - On Time/Early,1,1,CNJ-BCA,BCA 2201,paid,ENTRY,0,,0,0,0,,2026-10-03 07:00:00,paid,AGEN,267500.0,267500.0,267500.0,0.0,0.0,True,False,0.0,Payment date earlier than invoice date,Settled,External Customer,False
019cb364-6bd1-73f9-ab5f-db5e8dc24438,CGDP2603030014,2026-03-04 00:28:00.000,2026-03-04 01:28:00.000,paid,,019b9e2b-9f30-70e4-bf77-339555120c23,EU0778,Dn Parfume,EU,END USER,019490f2-0003-7000-8000-123456789003,CG,Cipta Digital,28000.0,0.0,0.0,0.0,28000.0,28000.0,0.0,28000.0,0.0,0.0,100.0,2026-03-03 18:10:00,2026-03-03 18:10:00,,,-1.0,-1.0,0,0,False,Paid - On Time/Early,1,1,CG-CIB,Cash in Box,paid,ENTRY,0,,0,0,0,,2026-10-03 07:00:00,paid,END USER,28000.0,28000.0,28000.0,0.0,0.0,True,False,0.0,Payment date earlier than invoice date,Settled,External Customer,False
019cb38d-9679-746f-8fa2-2a95521cc669,CGDP2603030016,2026-03-04 01:12:00.000,2026-03-04 02:12:00.000,paid,,019ca88f-a813-7740-a110-8e9899004611,CST59679601,Ulfa Nurbinazir,INSTANSI,INSTANSI,019490f2-0003-7000-8000-123456789003,CG,Cipta Digital,34000.0,0.0,0.0,0.0,34000.0,34000.0,0.0,34000.0,0.0,0.0,100.0,2026-03-03 19:06:00,2026-03-03 19:06:00,,,-1.0,-1.0,0,0,False,Paid - On Time/Early,1,1,CG-QRIS,QRIS BCA,paid,ENTRY,0,,0,0,0,,2026-10-03 07:00:00,paid,INSTANSI,34000.0,34000.0,34000.0,0.0,0.0,True,False,0.0,Payment date earlier than invoice date,Settled,External Customer,False
019cb399-4155-706b-b8b0-6dde4b7e2b9f,CGAA2603030007,2026-03-04 00:36:00.000,2026-03-04 01:36:00.000,paid,,019cb38f-8625-77cb-b1f8-72d755a42311,CST93954711,Afirsta A,UMKM,UMKM,019490f2-0003-7000-8000-123456789003,CG,Cipta Digital,38000.0,0.0,0.0,0.0,38000.0,38000.0,0.0,38000.0,0.0,0.0,100.0,2026-03-03 19:29:00,2026-03-03 19:29:00,,,-1.0,-1.0,0,0,False,Paid - On Time/Early,1,1,CG-CIB,Cash in Box,paid,ENTRY,0,,0,0,0,,2026-10-03 07:00:00,paid,UMKM,38000.0,38000.0,38000.0,0.0,0.0,True,False,0.0,Payment date earlier than invoice date,Settled,External Customer,False
019cb3a2-34fe-76fe-9bc9-0c0af436741e,CGDP2603030018,2026-03-04 01:12:00.000,2026-03-04 02:12:00.000,paid,,019c746f-d034-7011-b425-40fd4dafe418,CST37361714,Cm Hagi,UMKM,UMKM,019490f2-0003-7000-8000-123456789003,CG,Cipta Digital,24000.0,0.0,0.0,0.0,24000.0,24000.0,0.0,24000.0,0.0,0.0,100.0,2026-03-03 19:22:00,2026-03-03 19:22:00,,,-1.0,-1.0,0,0,False,Paid - On Time/Early,1,1,CG-JZM,BCA Jazmi Hamzah,paid,ENTRY,0,,0,0,0,,2026-10-03 07:00:00,paid,UMKM,24000.0,24000.0,24000.0,0.0,0.0,True,False,0.0,Payment date earlier than invoice date,Settled,External Customer,False
019cb3a5-5d4e-76fc-a7d4-d9a434f0b4c8,CGDP2603030019,2026-03-04 01:12:00.000,2026-03-04 02:12:00.000,paid,,019cb3a3-f903-7508-b25c-b0f0d5982d1c,UMK000281,Nindia Nindia,UMKM,UMKM,019490f2-0003-7000-8000-123456789003,CG,Cipta Digital,40000.0,0.0,0.0,0.0,40000.0,40000.0,0.0,40000.0,0.0,0.0,100.0,2026-03-03 20:04:00,2026-03-03 20:04:00,,,-1.0,-1.0,0,0,False,Paid - On Time/Early,1,1,CG-JZM,BCA Jazmi Hamzah,paid,ENTRY,0,,0,0,0,,2026-10-03 07:00:00,paid,UMKM,40000.0,40000.0,40000.0,0.0,0.0,True,False,0.0,Payment date earlier than invoice date,Settled,External Customer,False
019cb3c3-efb5-751a-abdd-2aba2eb73da4,CGDP2603030020,2026-03-04 01:12:00.000,2026-03-04 02:12:00.000,paid,,019cb3bb-dc77-7125-a655-a3bf35fffdb1,UMK000282,Ny Erika,UMKM,UMKM,019490f2-0003-7000-8000-123456789003,CG,Cipta Digital,17000.0,0.0,0.0,0.0,17000.0,17000.0,0.0,17000.0,0.0,0.0,100.0,2026-03-03 19:55:00,2026-03-03 19:55:00,,,-1.0,-1.0,0,0,False,Paid - On Time/Early,1,1,CG-QRIS,QRIS BCA,paid,ENTRY,0,,0,0,0,,2026-10-03 07:00:00,paid,UMKM,17000.0,17000.0,17000.0,0.0,0.0,True,False,0.0,Payment date earlier than invoice date,Settled,External Customer,False
019cb3cc-1309-747b-932a-1fb6ae129c44,CJFA2603030011,2026-03-04 00:57:00.000,2026-03-04 01:57:00.000,paid,,019b8de1-c6ba-72a9-8e2e-0d4f716bab06,CG0058,Perc. Hafidz,AGEN,AGEN,019490f2-0002-7000-8000-123456789002,CNJ,Cipta Cianjur,3000.0,0.0,0.0,0.0,3000.0,3000.0,0.0,3000.0,0.0,0.0,100.0,2026-03-03 20:03:00,2026-03-03 20:03:00,,,-1.0,-1.0,0,0,False,Paid - On Time/Early,1,1,CNJ-CIB,Cash in Box,paid,ENTRY,0,,0,0,0,,2026-10-03 07:00:00,paid,AGEN,3000.0,3000.0,3000.0,0.0,0.0,True,False,0.0,Payment date earlier than invoice date,Settled,External Customer,False
019cb3d8-4a6c-7648-9de0-51a4dd1e4b9e,CGDP2603030022,2026-03-04 03:06:00.000,2026-03-04 04:06:00.000,paid,,019cb3d3-593b-733d-aff4-454444912b85,CST49905439,Handika Shaka,UMKM,UMKM,019490f2-0003-7000-8000-123456789003,CG,Cipta Digital,330000.0,0.0,0.0,0.0,330000.0,330000.0,0.0,330000.0,0.0,0.0,100.0,2026-03-03 20:17:00,2026-03-03 20:17:00,,,-1.0,-1.0,0,0,False,Paid - On Time/Early,1,1,CG-CIB,Cash in Box,paid,ENTRY,0,,0,0,0,,2026-10-03 07:00:00,paid,UMKM,330000.0,330000.0,330000.0,0.0,0.0,True,False,0.0,Payment date earlier than invoice date,Settled,External Customer,False
019cb3f5-6666-77ae-93e5-14e93bcfcb86,CGDP2603030023,2026-03-04 03:06:00.000,2026-03-04 04:06:00.000,paid,,019c4579-424b-740f-9386-09665c65af7e,UMK000106,Rian Septian,UMKM,UMKM,019490f2-0003-7000-8000-123456789003,CG,Cipta Digital,68000.0,0.0,0.0,0.0,68000.0,68000.0,0.0,68000.0,0.0,0.0,100.0,2026-03-03 20:48:00,2026-03-03 20:48:00,,,-1.0,-1.0,0,0,False,Paid - On Time/Early,1,1,CG-CIB,Cash in Box,paid,ENTRY,0,,0,0,0,,2026-10-03 07:00:00,paid,UMKM,68000.0,68000.0,68000.0,0.0,0.0,True,False,0.0,Payment date earlier than invoice date,Settled,External Customer,False
019cb461-4cdf-725d-be96-ac156e4e2a74,CJEF2603030001,2026-03-04 05:43:00.000,2026-03-04 06:43:00.000,paid,,019b8de1-c6b8-75ba-9064-6c6cdbdc107f,INS0040,Polres Cianjur,INSTANSI,INSTANSI,019490f2-0002-7000-8000-123456789002,CNJ,Cipta Cianjur,382000.0,2000.0,0.0,0.0,380000.0,380000.0,0.0,380000.0,0.0,0.0,100.0,2026-03-03 13:46:00,2026-03-03 13:46:00,,,-1.0,-1.0,0,0,False,Paid - On Time/Early,1,1,CNJ-BCA,BCA 2201,paid,ENTRY,0,,0,0,0,,2026-10-03 07:00:00,paid,INSTANSI,380000.0,380000.0,380000.0,0.0,0.0,True,False,0.0,Payment date earlier than invoice date,Settled,External Customer,False
019cb7d1-7a65-767a-91a4-a0b22a14b403,PKDR2603040003,2026-03-04 21:47:00.000,2026-03-04 22:47:00.000,paid,,019b91a5-4e3c-71d9-847b-4b05e121e1ed,DV0002,Cipta Galuh,DIVISI,DIVISI,019b8a09-0bf8-7497-98a0-86a53a78e02f,PWK,Cipta Purwakarta,7800000.0,0.0,0.0,0.0,7800000.0,7800000.0,0.0,7800000.0,0.0,0.0,100.0,2026-02-28 14:10:00,2026-02-28 14:10:00,,,-4.0,-4.0,0,0,False,Paid - On Time/Early,1,1,PWK-BCA,BCA PWK,paid,ENTRY,0,,0,0,0,,2026-10-03 07:00:00,paid,DIVISI,7800000.0,7800000.0,7800000.0,0.0,0.0,True,False,0.0,Payment date earlier than invoice date,Settled,Internal Division,False
019cb7d4-21d9-76e9-bd02-ad9a8309f83d,PKDR2603040004,2026-03-04 21:48:00.000,2026-03-04 22:48:00.000,paid,,019b91a5-4e3c-71d9-847b-4b05e121e1ed,DV0002,Cipta Galuh,DIVISI,DIVISI,019b8a09-0bf8-7497-98a0-86a53a78e02f,PWK,Cipta Purwakarta,4515000.0,0.0,0.0,0.0,4515000.0,4515000.0,0.0,4515000.0,0.0,0.0,100.0,2026-02-28 14:10:00,2026-02-28 14:10:00,,,-4.0,-4.0,0,0,False,Paid - On Time/Early,1,1,PWK-BCA,BCA PWK,paid,ENTRY,0,,0,0,0,,2026-10-03 07:00:00,paid,DIVISI,4515000.0,4515000.0,4515000.0,0.0,0.0,True,False,0.0,Payment date earlier than invoice date,Settled,Internal Division,False
019cb85c-bde3-72e3-a700-e674f656e745,CGSB2603040010,2026-03-05 00:02:00.000,2026-03-05 01:02:00.000,paid,,019cb85b-abf8-71da-be32-2910845a0e82,CST73610689,Woosh Karawang,EU,END USER,019490f2-0003-7000-8000-123456789003,CG,Cipta Digital,80000.0,0.0,0.0,0.0,80000.0,80000.0,0.0,80000.0,0.0,0.0,100.0,2026-03-04 17:51:00,2026-03-04 17:51:00,,,-1.0,-1.0,0,0,False,Paid - On Time/Early,1,1,CG-JZM,BCA Jazmi Hamzah,paid,ENTRY,0,,0,0,0,,2026-10-03 07:00:00,paid,END USER,80000.0,80000.0,80000.0,0.0,0.0,True,False,0.0,Payment date earlier than invoice date,Settled,External Customer,False
019cb85f-f434-7259-b27d-f94f36c3064c,PKJA2603040015,2026-03-05 00:01:00.000,2026-03-05 01:01:00.000,paid,,019b91a5-4e42-73a9-8abf-e5d83b2627fe,UMK0332,Susi (Susi),UMKM,UMKM,019b8a09-0bf8-7497-98a0-86a53a78e02f,PWK,Cipta Purwakarta,78000.0,0.0,0.0,0.0,78000.0,78000.0,0.0,78000.0,0.0,0.0,100.0,2026-03-04 17:37:00,2026-03-04 17:37:00,,,-1.0,-1.0,0,0,False,Paid - On Time/Early,1,1,PWK-BCA,BCA PWK,paid,ENTRY,0,,0,0,0,,2026-10-03 07:00:00,paid,UMKM,78000.0,78000.0,78000.0,0.0,0.0,True,False,0.0,Payment date earlier than invoice date,Settled,External Customer,False
019cb866-8b10-774e-84e1-abd34dfa2b3f,PKJA2603040016,2026-03-05 00:01:00.000,2026-03-05 01:01:00.000,paid,,019ca7c7-5272-741a-991b-2efbd2152833,CST49577722,Dimas Faudzan,EU,END USER,019b8a09-0bf8-7497-98a0-86a53a78e02f,PWK,Cipta Purwakarta,80000.0,0.0,0.0,0.0,80000.0,80000.0,0.0,80000.0,0.0,0.0,100.0,2026-03-04 17:43:00,2026-03-04 17:43:00,,,-1.0,-1.0,0,0,False,Paid - On Time/Early,1,1,PWK-BCA,BCA PWK,paid,ENTRY,0,,0,0,0,,2026-10-03 07:00:00,paid,END USER,80000.0,80000.0,80000.0,0.0,0.0,True,False,0.0,Payment date earlier than invoice date,Settled,External Customer,False
019cb870-4367-71ce-bf17-20bc835c56c0,CGAA2603040006,2026-03-05 00:23:00.000,2026-03-05 01:23:00.000,paid,,019cb86d-4f61-76cd-a9f8-88e0f48f9710,INS000139,Yulia Dmt,INSTANSI,INSTANSI,019490f2-0003-7000-8000-123456789003,CG,Cipta Digital,100000.0,0.0,0.0,0.0,100000.0,100000.0,0.0,100000.0,0.0,0.0,100.0,2026-03-04 18:48:00,2026-03-04 18:48:00,,,-1.0,-1.0,0,0,False,Paid - On Time/Early,1,1,CG-JZM,BCA Jazmi Hamzah,paid,ENTRY,0,,0,0,0,,2026-10-03 07:00:00,paid,INSTANSI,100000.0,100000.0,100000.0,0.0,0.0,True,False,0.0,Payment date earlier than invoice date,Settled,External Customer,False
019cb882-18ec-751a-937c-ca62dabc38e8,CGPJ2603040012,2026-03-05 00:50:00.000,2026-03-05 01:50:00.000,paid,,019c1c03-1164-764b-80e1-b5dc98d23a33,INS000065,Gilang Ramdhany,INSTANSI,INSTANSI,019490f2-0003-7000-8000-123456789003,CG,Cipta Digital,230000.0,0.0,0.0,0.0,230000.0,230000.0,0.0,230000.0,0.0,0.0,100.0,2026-03-04 18:39:00,2026-03-04 18:39:00,,,-1.0,-1.0,0,0,False,Paid - On Time/Early,1,1,CG-JZM,BCA Jazmi Hamzah,paid,ENTRY,0,,0,0,0,,2026-10-03 07:00:00,paid,INSTANSI,230000.0,230000.0,230000.0,0.0,0.0,True,False,0.0,Payment date earlier than invoice date,Settled,External Customer,False
019cb8c9-bcbb-738d-b2c5-a8bab2f945e6,CGAA2603040007,2026-03-05 02:16:00.000,2026-03-05 03:16:00.000,paid,,019cb8c8-ef43-7499-9ed2-b3ba663d05e2,UMK000290,Sella S.,UMKM,UMKM,019490f2-0003-7000-8000-123456789003,CG,Cipta Digital,40000.0,0.0,0.0,0.0,40000.0,40000.0,0.0,40000.0,0.0,0.0,100.0,2026-03-04 19:18:00,2026-03-04 19:18:00,,,-1.0,-1.0,0,0,False,Paid - On Time/Early,1,1,CG-CIB,Cash in Box,paid,ENTRY,0,,0,0,0,,2026-10-03 07:00:00,paid,UMKM,40000.0,40000.0,40000.0,0.0,0.0,True,False,0.0,Payment date earlier than invoice date,Settled,External Customer,False
019cbde6-51bf-753c-96e9-6f5c34cea7cf,CGNM2603050052,2026-03-06 01:09:00.000,2026-03-06 02:09:00.000,paid,,019b9e31-6b7a-7468-acad-9b20eb49c1e2,IND000099,Pt Woori Finance Krw,INDUSTRI,INDUSTRI,019490f2-0003-7000-8000-123456789003,CG,Cipta Digital,35000.0,0.0,0.0,0.0,35000.0,35000.0,0.0,35000.0,0.0,0.0,100.0,2026-03-05 19:09:00,2026-03-05 19:09:00,,,-1.0,-1.0,0,0,False,Paid - On Time/Early,1,1,CG-CIB,Cash in Box,paid,ENTRY,0,,0,0,0,,2026-10-03 07:00:00,paid,INDUSTRI,35000.0,35000.0,35000.0,0.0,0.0,True,False,0.0,Payment date earlier than invoice date,Settled,External Customer,False
019cc2a6-4f50-7712-8ec9-5f46b56d14cd,PKAB2603060012,2026-03-07 00:16:00.000,2026-03-07 01:15:00.000,paid,,019cc284-1388-70ef-96a6-7931a3aa8a5a,CG000004,Vina Rahmah,EU,END USER,019b8a09-0bf8-7497-98a0-86a53a78e02f,PWK,Cipta Purwakarta,270000.0,0.0,0.0,0.0,270000.0,270000.0,0.0,270000.0,0.0,0.0,100.0,2026-03-06 17:16:00,2026-03-11 20:14:00,,,-1.0,4.0,4,0,False,Paid - Late,2,2,"PWK-BCA, PWK-CIB","BCA PWK, Cash in Box","dp, paid",ENTRY,0,,0,0,0,,2026-10-03 07:00:00,paid,END USER,270000.0,270000.0,270000.0,0.0,0.0,True,False,0.0,Payment date earlier than invoice date,Settled,External Customer,True
019cc2c4-1537-77ae-ba0e-a023fcdcf8fe,CJYR2603060018,2026-03-07 00:36:00.000,2026-03-07 01:36:00.000,paid,,019b8de1-c6ba-72a9-8e2e-3f4195136212,CG0070,Iwan Sablon,AGEN,AGEN,019490f2-0002-7000-8000-123456789002,CNJ,Cipta Cianjur,18000.0,0.0,0.0,0.0,18000.0,18000.0,0.0,18000.0,0.0,0.0,100.0,2026-03-06 17:49:00,2026-03-06 17:49:00,,,-1.0,-1.0,0,0,False,Paid - On Time/Early,1,1,CNJ-CIB,Cash in Box,paid,ENTRY,0,,0,0,0,,2026-10-03 07:00:00,paid,AGEN,18000.0,18000.0,18000.0,0.0,0.0,True,False,0.0,Payment date earlier than invoice date,Settled,External Customer,False
019cc2c4-fe35-73bd-a74a-90df2a2a15ed,CJFA2603060009,2026-03-07 00:49:00.000,2026-03-07 01:49:00.000,paid,,019b8de1-c6b9-77e8-a27a-6f87c5386564,UMK0125,Asep Kusnadi Herbal,UMKM,UMKM,019490f2-0002-7000-8000-123456789002,CNJ,Cipta Cianjur,14000.0,0.0,0.0,0.0,14000.0,14000.0,0.0,14000.0,0.0,0.0,100.0,2026-03-06 17:50:00,2026-03-06 17:50:00,,,-1.0,-1.0,0,0,False,Paid - On Time/Early,1,1,CNJ-CIB,Cash in Box,paid,ENTRY,0,,0,0,0,,2026-10-03 07:00:00,paid,UMKM,14000.0,14000.0,14000.0,0.0,0.0,True,False,0.0,Payment date earlier than invoice date,Settled,External Customer,False
019cc2d3-f473-71bc-a6ad-08e8fe0a784f,CJFU2603060012,2026-03-07 00:39:00.000,2026-03-07 01:39:00.000,paid,,019c1d91-00f1-7075-b03f-363ea55078d3,USR000950,Nabila (Nabila),EU,END USER,019490f2-0002-7000-8000-123456789002,CNJ,Cipta Cianjur,75000.0,0.0,0.0,0.0,75000.0,75000.0,0.0,75000.0,0.0,0.0,100.0,2026-03-06 21:01:00,2026-03-06 21:01:00,,,-1.0,-1.0,0,0,False,Paid - On Time/Early,1,1,CNJ-BCA,BCA 2201,paid,ENTRY,0,,0,0,0,,2026-10-03 07:00:00,paid,END USER,75000.0,75000.0,75000.0,0.0,0.0,True,False,0.0,Payment date earlier than invoice date,Settled,External Customer,False
019cc344-5ed5-73ff-992c-7725b546df4a,CJFA2603060010,2026-03-07 03:05:00.000,2026-03-07 04:05:00.000,paid,,019b8de1-c6ba-72a9-8e2e-d712754260a0,CG0108,Abenk Sablon,AGEN,AGEN,019490f2-0002-7000-8000-123456789002,CNJ,Cipta Cianjur,18000.0,0.0,0.0,0.0,18000.0,18000.0,0.0,18000.0,0.0,0.0,100.0,2026-03-06 20:57:00,2026-03-06 20:57:00,,,-1.0,-1.0,0,0,False,Paid - On Time/Early,1,1,CNJ-CIB,Cash in Box,paid,ENTRY,0,,0,0,0,,2026-10-03 07:00:00,paid,AGEN,18000.0,18000.0,18000.0,0.0,0.0,True,False,0.0,Payment date earlier than invoice date,Settled,External Customer,False
019cd05e-b274-76ee-9be8-0bc875030f83,PKFF2603090005,2026-03-09 16:11:00.000,2026-03-09 17:11:00.000,paid,,019b91a5-4e3c-71d9-847b-4b05e121e1ed,DV0002,Cipta Galuh,DIVISI,DIVISI,019b8a09-0bf8-7497-98a0-86a53a78e02f,PWK,Cipta Purwakarta,3030000.0,0.0,0.0,0.0,3030000.0,3030000.0,0.0,3030000.0,0.0,0.0,100.0,2026-02-28 14:10:00,2026-02-28 14:10:00,,,-9.0,-9.0,0,0,False,Paid - On Time/Early,1,1,PWK-BCA,BCA PWK,paid,ENTRY,0,,0,0,0,,2026-10-03 07:00:00,paid,DIVISI,3030000.0,3030000.0,3030000.0,0.0,0.0,True,False,0.0,Payment date earlier than invoice date,Settled,Internal Division,False
019cd178-0fcb-7694-8fd9-ded319b37056,PKDR2603090001,2026-03-09 21:19:00.000,2026-03-09 22:19:00.000,paid,,019b91a5-4e3c-71d9-847b-4b05e121e1ed,DV0002,Cipta Galuh,DIVISI,DIVISI,019b8a09-0bf8-7497-98a0-86a53a78e02f,PWK,Cipta Purwakarta,850000.0,0.0,0.0,0.0,850000.0,850000.0,0.0,850000.0,0.0,0.0,100.0,2026-02-28 14:11:00,2026-02-28 14:11:00,,,-9.0,-9.0,0,0,False,Paid - On Time/Early,1,1,PWK-BCA,BCA PWK,paid,ENTRY,0,,0,0,0,,2026-10-03 07:00:00,paid,DIVISI,850000.0,850000.0,850000.0,0.0,0.0,True,False,0.0,Payment date earlier than invoice date,Settled,Internal Division,False
019cd214-07db-77e9-89e7-690a8b1742ec,CGEL2603090013,2026-03-10 00:07:00.000,2026-03-10 01:07:00.000,paid,,019cd213-b2a2-73e9-bc9e-80a739775d23,CST19120674,Lingga Febriansyah,EU,END USER,019490f2-0003-7000-8000-123456789003,CG,Cipta Digital,80000.0,0.0,0.0,0.0,80000.0,80000.0,0.0,80000.0,0.0,0.0,100.0,2026-03-09 17:10:00,2026-03-09 17:10:00,,,-1.0,-1.0,0,0,False,Paid - On Time/Early,1,1,CG-QRIS,QRIS BCA,paid,ENTRY,0,,0,0,0,,2026-10-03 07:00:00,paid,END USER,80000.0,80000.0,80000.0,0.0,0.0,True,False,0.0,Payment date earlier than invoice date,Settled,External Customer,False
019cd21b-4427-7600-8323-5ae4363b2e37,CJFA2603090013,2026-03-10 00:16:00.000,2026-03-10 01:16:00.000,paid,,019b8de1-c6b8-75ba-9064-33444662cc3e,INS0025,Jitu 300 Shooting And Hunting Club,INSTANSI,INSTANSI,019490f2-0002-7000-8000-123456789002,CNJ,Cipta Cianjur,70000.0,0.0,0.0,0.0,70000.0,70000.0,0.0,70000.0,0.0,0.0,100.0,2026-03-09 17:18:00,2026-03-09 17:18:00,,,-1.0,-1.0,0,0,False,Paid - On Time/Early,1,1,CNJ-BCA,BCA 2201,paid,ENTRY,0,,0,0,0,,2026-10-03 07:00:00,paid,INSTANSI,70000.0,70000.0,70000.0,0.0,0.0,True,False,0.0,Payment date earlier than invoice date,Settled,External Customer,False
019cd223-7d58-773c-b7f9-1ea2ee85963e,CJFU2603090006,2026-03-10 00:27:00.000,2026-03-10 01:27:00.000,paid,,019c1d68-55e7-7649-a646-f02617d61981,USR000372,Nurul Syipa,EU,END USER,019490f2-0002-7000-8000-123456789002,CNJ,Cipta Cianjur,20000.0,0.0,0.0,0.0,20000.0,20000.0,0.0,20000.0,0.0,0.0,100.0,2026-03-09 17:38:00,2026-03-09 17:38:00,,,-1.0,-1.0,0,0,False,Paid - On Time/Early,1,1,CNJ-CIB,Cash in Box,paid,ENTRY,0,,0,0,0,,2026-10-03 07:00:00,paid,END USER,20000.0,20000.0,20000.0,0.0,0.0,True,False,0.0,Payment date earlier than invoice date,Settled,External Customer,False
019cd239-4c5c-724e-ad8a-96382f5aec41,CJFU2603090008,2026-03-10 00:27:00.000,2026-03-10 03:27:00.000,paid,,019b8de1-c6bb-707a-8730-65a0e5cc803b,CG0188,Perc. Sulton Design,AGEN,AGEN,019490f2-0002-7000-8000-123456789002,CNJ,Cipta Cianjur,195000.0,0.0,0.0,0.0,195000.0,195000.0,0.0,195000.0,0.0,0.0,100.0,2026-03-09 20:37:00,2026-03-09 20:38:00,,,-1.0,-1.0,0,0,False,Paid - On Time/Early,2,1,CNJ-BCA,BCA 2201,paid,ENTRY,0,,0,0,0,,2026-10-03 07:00:00,paid,AGEN,195000.0,195000.0,195000.0,0.0,0.0,True,False,0.0,Payment date earlier than invoice date,Settled,External Customer,False
019cd29f-bdde-7348-9d86-2cfdda60c8c9,CJFU2603090009,2026-03-10 00:27:00.000,2026-03-10 01:27:00.000,paid,,019c1d69-ca88-74ed-824b-b6728210cbc1,USR000575,Siti Barkah Sikembar,EU,END USER,019490f2-0002-7000-8000-123456789002,CNJ,Cipta Cianjur,40000.0,0.0,0.0,0.0,40000.0,40000.0,0.0,40000.0,0.0,0.0,100.0,2026-03-09 19:54:00,2026-03-09 19:54:00,,,-1.0,-1.0,0,0,False,Paid - On Time/Early,1,1,CNJ-CIB,Cash in Box,paid,ENTRY,0,,0,0,0,,2026-10-03 07:00:00,paid,END USER,40000.0,40000.0,40000.0,0.0,0.0,True,False,0.0,Payment date earlier than invoice date,Settled,External Customer,False
019cd2ae-ade6-71ca-a74f-5666843065aa,CJFU2603090010,2026-03-10 00:27:00.000,2026-03-10 01:27:00.000,paid,,019b8de1-c6b8-75ba-9064-747249fa7515,INS0042,Dkm Al Islah,INSTANSI,INSTANSI,019490f2-0002-7000-8000-123456789002,CNJ,Cipta Cianjur,5000.0,0.0,0.0,0.0,5000.0,5000.0,0.0,5000.0,0.0,0.0,100.0,2026-03-09 20:00:00,2026-03-09 20:00:00,,,-1.0,-1.0,0,0,False,Paid - On Time/Early,1,1,CNJ-CIB,Cash in Box,paid,ENTRY,0,,0,0,0,,2026-10-03 07:00:00,paid,INSTANSI,5000.0,5000.0,5000.0,0.0,0.0,True,False,0.0,Payment date earlier than invoice date,Settled,External Customer,False
019cd6dc-bc7f-747c-a2ae-7c87b16a82f5,PKDR2603100002,2026-03-10 22:27:00.000,2026-03-10 23:27:00.000,paid,,019b91a5-4e3c-71d9-847b-4b05e121e1ed,DV0002,Cipta Galuh,DIVISI,DIVISI,019b8a09-0bf8-7497-98a0-86a53a78e02f,PWK,Cipta Purwakarta,450000.0,0.0,0.0,0.0,450000.0,450000.0,0.0,450000.0,0.0,0.0,100.0,2026-03-09 15:02:00,2026-03-09 15:02:00,,,-1.0,-1.0,0,0,False,Paid - On Time/Early,1,1,PWK-BCA,BCA PWK,paid,ENTRY,0,,0,0,0,,2026-10-03 07:00:00,paid,DIVISI,450000.0,450000.0,450000.0,0.0,0.0,True,False,0.0,Payment date earlier than invoice date,Settled,Internal Division,False
019cd71b-f624-7508-ab35-d60b53894eff,PKDR2603100005,2026-03-10 23:37:00.000,2026-03-11 00:37:00.000,paid,,019b91a5-4e3c-71d9-847b-4b05e121e1ed,DV0002,Cipta Galuh,DIVISI,DIVISI,019b8a09-0bf8-7497-98a0-86a53a78e02f,PWK,Cipta Purwakarta,1300000.0,0.0,0.0,0.0,1300000.0,1300000.0,0.0,1300000.0,0.0,0.0,100.0,2026-02-28 14:11:00,2026-02-28 14:11:00,,,-10.0,-10.0,0,0,False,Paid - On Time/Early,1,1,PWK-BCA,BCA PWK,paid,ENTRY,0,,0,0,0,,2026-10-03 07:00:00,paid,DIVISI,1300000.0,1300000.0,1300000.0,0.0,0.0,True,False,0.0,Payment date earlier than invoice date,Settled,Internal Division,False
019cd71c-b211-7217-a43f-3afdb25d213a,PKDR2603100006,2026-03-10 23:38:00.000,2026-03-11 00:38:00.000,paid,,019b91a5-4e3c-71d9-847b-4b05e121e1ed,DV0002,Cipta Galuh,DIVISI,DIVISI,019b8a09-0bf8-7497-98a0-86a53a78e02f,PWK,Cipta Purwakarta,676000.0,0.0,0.0,0.0,676000.0,676000.0,0.0,676000.0,0.0,0.0,100.0,2026-03-09 15:02:00,2026-03-09 15:02:00,,,-1.0,-1.0,0,0,False,Paid - On Time/Early,1,1,PWK-BCA,BCA PWK,paid,ENTRY,0,,0,0,0,,2026-10-03 07:00:00,paid,DIVISI,676000.0,676000.0,676000.0,0.0,0.0,True,False,0.0,Payment date earlier than invoice date,Settled,Internal Division,False
019cd74e-5871-70af-a7bb-9acfc91d0abe,CJFA2603100017,2026-03-11 00:29:00.000,2026-03-11 01:29:00.000,paid,,019c1d5c-d645-767b-9b7b-f3eb2e9f4e9d,USR000056,Rendy (Rendy),EU,END USER,019490f2-0002-7000-8000-123456789002,CNJ,Cipta Cianjur,90000.0,0.0,0.0,0.0,90000.0,90000.0,0.0,90000.0,0.0,0.0,100.0,2026-03-10 17:33:00,2026-03-10 17:33:00,,,-1.0,-1.0,0,0,False,Paid - On Time/Early,1,1,CNJ-BCA,BCA 2201,paid,ENTRY,0,,0,0,0,,2026-10-03 07:00:00,paid,END USER,90000.0,90000.0,90000.0,0.0,0.0,True,False,0.0,Payment date earlier than invoice date,Settled,External Customer,False
019cd7b6-31f0-71fd-8b34-18825f6718f6,OLAW2603100002,2026-03-11 00:08:00.000,2026-03-12 04:08:00.000,paid,,019bf3c5-6151-704b-a4a0-90dd4cddfbb2,USR000027,Janu (janu),EU,END USER,019ab8e3-cb41-7087-92ab-c7596e6780f4,OL,Cipta Online,40000.0,0.0,0.0,0.0,40000.0,40000.0,0.0,40000.0,0.0,0.0,100.0,2026-03-10 19:43:00,2026-03-10 19:43:00,,,-1.0,-1.0,0,0,False,Paid - On Time/Early,1,1,OL-FDL,BCA Online,paid,ENTRY,0,,0,0,0,,2026-10-03 07:00:00,paid,END USER,40000.0,40000.0,40000.0,0.0,0.0,True,False,0.0,Payment date earlier than invoice date,Settled,External Customer,False
019cd7bb-b7b4-7128-8d94-263ef17bf16c,CGAA2603100007,2026-03-11 02:20:00.000,2026-03-11 03:20:00.000,paid,,019c077c-d0a6-72b9-bb5a-edc4d9f5a7d5,UMK000062,Syilmi Kedai Pos,UMKM,UMKM,019490f2-0003-7000-8000-123456789003,CG,Cipta Digital,150000.0,0.0,0.0,0.0,150000.0,150000.0,0.0,150000.0,0.0,0.0,100.0,2026-03-10 19:37:00,2026-03-10 19:37:00,,,-1.0,-1.0,0,0,False,Paid - On Time/Early,1,1,CG-JZM,BCA Jazmi Hamzah,paid,ENTRY,0,,0,0,0,,2026-10-03 07:00:00,paid,UMKM,150000.0,150000.0,150000.0,0.0,0.0,True,False,0.0,Payment date earlier than invoice date,Settled,External Customer,False
019cd7ca-34b6-76e8-a55c-93241bfb8aeb,OLAW2603100003,2026-03-11 00:08:00.000,2026-03-11 22:08:00.000,paid,,019cd7c9-afd4-70cd-86ef-784dc7e3688d,USR000216,Alfi Gunawan,EU,END USER,019ab8e3-cb41-7087-92ab-c7596e6780f4,OL,Cipta Online,72000.0,0.0,0.0,0.0,72000.0,72000.0,0.0,72000.0,0.0,0.0,100.0,2026-03-10 19:50:00,2026-03-10 19:50:00,,,-1.0,-1.0,0,0,False,Paid - On Time/Early,1,1,OL-FDL,BCA Online,paid,ENTRY,0,,0,0,0,,2026-10-03 07:00:00,paid,END USER,72000.0,72000.0,72000.0,0.0,0.0,True,False,0.0,Payment date earlier than invoice date,Settled,External Customer,False
019cdc62-9e82-72e9-a6a5-aa7df654390a,PKJA2603110018,2026-03-12 00:02:00.000,2026-03-12 03:04:00.000,paid,,019b91a7-6a12-76db-9ff7-955e848fbac3,USR02495,Okta (Okta),EU,END USER,019b8a09-0bf8-7497-98a0-86a53a78e02f,PWK,Cipta Purwakarta,51000.0,0.0,0.0,0.0,51000.0,51000.0,0.0,51000.0,0.0,0.0,100.0,2026-03-11 19:49:00,2026-03-11 19:49:00,,,-1.0,-1.0,0,0,False,Paid - On Time/Early,1,1,PWK-BCA,BCA PWK,paid,ENTRY,0,,0,0,0,,2026-10-03 07:00:00,paid,END USER,51000.0,51000.0,51000.0,0.0,0.0,True,False,0.0,Payment date earlier than invoice date,Settled,External Customer,False
019cdc65-30a0-7208-89ca-55f60744daf7,PKJA2603110019,2026-03-12 00:02:00.000,2026-03-12 03:02:00.000,paid,,019b91a7-6a12-76db-9ff7-955e848fbac3,USR02495,Okta (Okta),EU,END USER,019b8a09-0bf8-7497-98a0-86a53a78e02f,PWK,Cipta Purwakarta,50000.0,0.0,0.0,0.0,50000.0,50000.0,0.0,50000.0,0.0,0.0,100.0,2026-03-11 19:50:00,2026-03-11 19:50:00,,,-1.0,-1.0,0,0,False,Paid - On Time/Early,1,1,PWK-BCA,BCA PWK,paid,ENTRY,0,,0,0,0,,2026-10-03 07:00:00,paid,END USER,50000.0,50000.0,50000.0,0.0,0.0,True,False,0.0,Payment date earlier than invoice date,Settled,External Customer,False
019cdc7e-fd4d-71d8-9fd5-0908cc10ca9f,CJYR2603110015,2026-03-12 00:11:00.000,2026-03-12 01:11:00.000,paid,,019cdc7e-3367-7193-afb2-ef2b1a700344,UMK000031,Luthfia Bakery,UMKM,UMKM,019490f2-0002-7000-8000-123456789002,CNJ,Cipta Cianjur,30000.0,0.0,0.0,0.0,30000.0,30000.0,0.0,30000.0,0.0,0.0,100.0,2026-03-11 17:52:00,2026-03-11 17:52:00,,,-1.0,-1.0,0,0,False,Paid - On Time/Early,1,1,CNJ-CIB,Cash in Box,paid,ENTRY,0,,0,0,0,,2026-10-03 07:00:00,paid,UMKM,30000.0,30000.0,30000.0,0.0,0.0,True,False,0.0,Payment date earlier than invoice date,Settled,External Customer,False
019cdc81-78f5-711b-a4e0-e2f1d7219b8d,CJYR2603110016,2026-03-12 00:11:00.000,2026-03-12 01:11:00.000,paid,,019b8de1-c6ba-72a9-8e2e-a81cce2f6451,CG0097,Cetakin Foto,AGEN,AGEN,019490f2-0002-7000-8000-123456789002,CNJ,Cipta Cianjur,10000.0,0.0,0.0,0.0,10000.0,10000.0,0.0,10000.0,0.0,0.0,100.0,2026-03-11 18:10:00,2026-03-11 18:10:00,,,-1.0,-1.0,0,0,False,Paid - On Time/Early,1,1,CNJ-CIB,Cash in Box,paid,ENTRY,0,,0,0,0,,2026-10-03 07:00:00,paid,AGEN,10000.0,10000.0,10000.0,0.0,0.0,True,False,0.0,Payment date earlier than invoice date,Settled,External Customer,False
019cdc96-7b9c-730e-bf17-4cac42320419,CJYR2603110017,2026-03-12 00:11:00.000,2026-03-12 01:11:00.000,paid,,019b8de1-c6ba-72a9-8e2c-0e1c27ea0238,UMK0333,Bahiirah Cookies,UMKM,UMKM,019490f2-0002-7000-8000-123456789002,CNJ,Cipta Cianjur,15000.0,0.0,0.0,0.0,15000.0,15000.0,0.0,15000.0,0.0,0.0,100.0,2026-03-11 18:09:00,2026-03-11 18:09:00,,,-1.0,-1.0,0,0,False,Paid - On Time/Early,1,1,CNJ-CIB,Cash in Box,paid,ENTRY,0,,0,0,0,,2026-10-03 07:00:00,paid,UMKM,15000.0,15000.0,15000.0,0.0,0.0,True,False,0.0,Payment date earlier than invoice date,Settled,External Customer,False
019cdc96-dd42-7759-8366-b5a1c57c8bf9,CGDP2603110017,2026-03-12 00:59:00.000,2026-03-12 01:59:00.000,paid,,019b9e35-f781-7188-acfd-3bb2d3e535fa,EU4940,Devan Davis,EU,END USER,019490f2-0003-7000-8000-123456789003,CG,Cipta Digital,24000.0,0.0,0.0,0.0,24000.0,24000.0,0.0,24000.0,0.0,0.0,100.0,2026-03-11 20:36:00,2026-03-11 20:36:00,,,-1.0,-1.0,0,0,False,Paid - On Time/Early,1,1,CG-JZM,BCA Jazmi Hamzah,paid,ENTRY,0,,0,0,0,,2026-10-03 07:00:00,paid,END USER,24000.0,24000.0,24000.0,0.0,0.0,True,False,0.0,Payment date earlier than invoice date,Settled,External Customer,False
019cdca0-f613-77d0-b9c2-5517b166ea63,CJYR2603110018,2026-03-12 01:10:00.000,2026-03-12 02:10:00.000,paid,,019b8de1-c6ba-72a9-8e2d-e534cdfde7ad,CG0048,Perc. Twantana,AGEN,AGEN,019490f2-0002-7000-8000-123456789002,CNJ,Cipta Cianjur,113000.0,0.0,0.0,0.0,113000.0,113000.0,0.0,113000.0,0.0,0.0,100.0,2026-03-11 19:58:00,2026-03-11 19:58:00,,,-1.0,-1.0,0,0,False,Paid - On Time/Early,1,1,CNJ-BCA,BCA 2201,paid,ENTRY,0,,0,0,0,,2026-10-03 07:00:00,paid,AGEN,113000.0,113000.0,113000.0,0.0,0.0,True,False,0.0,Payment date earlier than invoice date,Settled,External Customer,False
019cdcb2-ec79-73d8-bee2-b889d6d0e728,CGSB2603110009,2026-03-12 01:38:00.000,2026-03-12 02:38:00.000,paid,,019c0793-e68b-72ff-b35c-86735be8a1d9,USR000032,Sebastian S,EU,END USER,019490f2-0003-7000-8000-123456789003,CG,Cipta Digital,50000.0,0.0,0.0,0.0,50000.0,27000.0,0.0,27000.0,23000.0,0.0,54.0,2026-03-11 18:45:00,2026-03-11 18:45:00,,,-1.0,,0,205,True,Partially Paid - Overdue,1,1,CG-CIB,Cash in Box,paid,ENTRY,0,,0,0,0,,2026-10-03 07:00:00,paid,END USER,50000.0,27000.0,27000.0,23000.0,0.0,False,True,23000.0,Payment date earlier than invoice date,90+ Days,External Customer,False
019cdce3-be3d-76fc-81b5-5a8004d872fd,CGSB2603110010,2026-03-12 02:31:00.000,2026-03-12 03:31:00.000,paid,,019cdce3-3648-7448-b17c-6d0b0a9d2ffb,USR000182,Farhan Selatan,EU,END USER,019490f2-0003-7000-8000-123456789003,CG,Cipta Digital,25000.0,0.0,0.0,0.0,25000.0,25000.0,0.0,25000.0,0.0,0.0,100.0,2026-03-11 19:39:00,2026-03-11 19:39:00,,,-1.0,-1.0,0,0,False,Paid - On Time/Early,1,1,CG-QRIS,QRIS BCA,paid,ENTRY,0,,0,0,0,,2026-10-03 07:00:00,paid,END USER,25000.0,25000.0,25000.0,0.0,0.0,True,False,0.0,Payment date earlier than invoice date,Settled,External Customer,False
019cdcfc-734a-714f-983a-2c72057eaa2e,CJFA2603110014,2026-03-12 02:19:00.000,2026-03-12 03:19:00.000,paid,,019c1d5c-d645-767b-9b7c-54021cfc81df,USR000081,Gilang Seleb,EU,END USER,019490f2-0002-7000-8000-123456789002,CNJ,Cipta Cianjur,40000.0,0.0,0.0,0.0,40000.0,40000.0,0.0,40000.0,0.0,0.0,100.0,2026-03-11 20:01:00,2026-03-11 20:01:00,,,-1.0,-1.0,0,0,False,Paid - On Time/Early,1,1,CNJ-BCA,BCA 2201,paid,ENTRY,0,,0,0,0,,2026-10-03 07:00:00,paid,END USER,40000.0,40000.0,40000.0,0.0,0.0,True,False,0.0,Payment date earlier than invoice date,Settled,External Customer,False
019cdd03-03a0-738c-8458-2e8c74eb9529,CJFA2603110015,2026-03-12 02:19:00.000,2026-03-12 03:19:00.000,paid,,019c1d5f-dd3f-71ec-871d-ede1a61af64c,USR000173,Sulton Munajat,EU,END USER,019490f2-0002-7000-8000-123456789002,CNJ,Cipta Cianjur,12500.0,0.0,0.0,0.0,12500.0,12500.0,0.0,12500.0,0.0,0.0,100.0,2026-03-11 20:35:00,2026-03-11 20:35:00,,,-1.0,-1.0,0,0,False,Paid - On Time/Early,1,1,CNJ-BCA,BCA 2201,paid,ENTRY,0,,0,0,0,,2026-10-03 07:00:00,paid,END USER,12500.0,12500.0,12500.0,0.0,0.0,True,False,0.0,Payment date earlier than invoice date,Settled,External Customer,False
019cdd09-5932-7650-ae4f-00401e2e720c,CGDP2603110020,2026-03-12 02:59:00.000,2026-03-12 03:59:00.000,paid,,019c7911-6998-730c-bcd7-e33a790e1243,UMK000213,Dwi Gewin,UMKM,UMKM,019490f2-0003-7000-8000-123456789003,CG,Cipta Digital,75000.0,0.0,0.0,0.0,75000.0,75000.0,0.0,75000.0,0.0,0.0,100.0,2026-03-11 20:15:00,2026-03-11 20:15:00,,,-1.0,-1.0,0,0,False,Paid - On Time/Early,1,1,CG-QRIS,QRIS BCA,paid,ENTRY,0,,0,0,0,,2026-10-03 07:00:00,paid,UMKM,75000.0,75000.0,75000.0,0.0,0.0,True,False,0.0,Payment date earlier than invoice date,Settled,External Customer,False
019cdd0e-07c9-73f0-95e1-347f450ed0de,CGDP2603110021,2026-03-12 03:18:00.000,2026-03-12 04:18:00.000,paid,,019b9e2f-1677-73df-8f99-89dcbc3428d4,EU1925,Mama Bilqis,EU,END USER,019490f2-0003-7000-8000-123456789003,CG,Cipta Digital,40000.0,0.0,0.0,0.0,40000.0,40000.0,0.0,40000.0,0.0,0.0,100.0,2026-03-11 20:41:00,2026-03-11 20:41:00,,,-1.0,-1.0,0,0,False,Paid - On Time/Early,1,1,CG-JZM,BCA Jazmi Hamzah,paid,ENTRY,0,,0,0,0,,2026-10-03 07:00:00,paid,END USER,40000.0,40000.0,40000.0,0.0,0.0,True,False,0.0,Payment date earlier than invoice date,Settled,External Customer,False
019cdd12-9aad-709f-9444-9c27da1cf098,CJFA2603110016,2026-03-12 03:23:00.000,2026-03-12 04:23:00.000,paid,,019c1d5c-d645-767b-9b7b-f3eb2e9f4e9d,USR000056,Rendy (Rendy),EU,END USER,019490f2-0002-7000-8000-123456789002,CNJ,Cipta Cianjur,15000.0,0.0,0.0,0.0,15000.0,15000.0,0.0,15000.0,0.0,0.0,100.0,2026-03-11 20:25:00,2026-03-11 20:25:00,,,-1.0,-1.0,0,0,False,Paid - On Time/Early,1,1,CNJ-CIB,Cash in Box,paid,ENTRY,0,,0,0,0,,2026-10-03 07:00:00,paid,END USER,15000.0,15000.0,15000.0,0.0,0.0,True,False,0.0,Payment date earlier than invoice date,Settled,External Customer,False
019cdd1b-4a90-771b-8402-4e12d0f91914,CGSB2603110011,2026-03-12 02:31:00.000,2026-03-12 03:31:00.000,paid,,019b9e31-6b77-741a-b767-2f212e19a4ba,UMK001579,Yuli Virginia,UMKM,UMKM,019490f2-0003-7000-8000-123456789003,CG,Cipta Digital,264000.0,0.0,0.0,0.0,264000.0,264000.0,0.0,264000.0,0.0,0.0,100.0,2026-03-11 20:34:00,2026-03-12 14:08:00,,,-1.0,0.0,0,0,False,Paid - On Time/Early,2,1,CG-JZM,BCA Jazmi Hamzah,paid,ENTRY,0,,0,0,0,,2026-10-03 07:00:00,paid,UMKM,264000.0,264000.0,264000.0,0.0,0.0,True,False,0.0,Payment date earlier than invoice date,Settled,External Customer,True
019cdd1b-965a-70e7-8264-d8de0a6b4184,CJFA2603110017,2026-03-12 03:23:00.000,2026-03-12 04:23:00.000,paid,,019b8de1-c6b9-77e8-a27b-3da6307bcd4b,UMK0177,Gadung Sablon,UMKM,UMKM,019490f2-0002-7000-8000-123456789002,CNJ,Cipta Cianjur,10000.0,0.0,0.0,0.0,10000.0,10000.0,0.0,10000.0,0.0,0.0,100.0,2026-03-11 20:35:00,2026-03-11 20:35:00,,,-1.0,-1.0,0,0,False,Paid - On Time/Early,1,1,CNJ-CIB,Cash in Box,paid,ENTRY,0,,0,0,0,,2026-10-03 07:00:00,paid,UMKM,10000.0,10000.0,10000.0,0.0,0.0,True,False,0.0,Payment date earlier than invoice date,Settled,External Customer,False
019cdd1f-1681-710c-90c0-df027c4d747e,CJFA2603110018,2026-03-12 03:23:00.000,2026-03-12 04:23:00.000,paid,,019b8de1-c6bb-707a-8730-65a0e5cc803b,CG0188,Perc. Sulton Design,AGEN,AGEN,019490f2-0002-7000-8000-123456789002,CNJ,Cipta Cianjur,7000.0,0.0,0.0,0.0,7000.0,7000.0,0.0,7000.0,0.0,0.0,100.0,2026-03-11 20:39:00,2026-03-11 20:39:00,,,-1.0,-1.0,0,0,False,Paid - On Time/Early,1,1,CNJ-CIB,Cash in Box,paid,ENTRY,0,,0,0,0,,2026-10-03 07:00:00,paid,AGEN,7000.0,7000.0,7000.0,0.0,0.0,True,False,0.0,Payment date earlier than invoice date,Settled,External Customer,False
019ce0c6-5127-7688-bdb0-6799363e6910,CJFU2603100001,2026-03-12 20:39:00.000,2026-03-17 16:10:00.000,paid,,019b8de1-c6b8-75ba-9065-7c6410068ab6,INS0108,Bulog Cianjur,INSTANSI,INSTANSI,019490f2-0002-7000-8000-123456789002,CNJ,Cipta Cianjur,36000000.0,0.0,0.0,0.0,36000000.0,36000000.0,0.0,36000000.0,0.0,0.0,100.0,2026-03-08 13:40:00,2026-04-10 19:58:00,,,-4.0,29.0,24,0,False,Paid - Late,3,1,CNJ-BCA,BCA 2201,"dp, paid",ENTRY,0,,0,0,0,,2026-10-03 07:00:00,paid,INSTANSI,36000000.0,36000000.0,36000000.0,0.0,0.0,True,False,0.0,Payment date earlier than invoice date,Settled,External Customer,True
019ce186-96c4-748a-ba7e-65746e3238ef,PKFF2603120008,2026-03-13 00:08:00.000,2026-03-13 01:08:00.000,paid,,019b91a7-6a0e-754f-800f-ab5bc886d255,USR01802,Iyus (Iyus),EU,END USER,019b8a09-0bf8-7497-98a0-86a53a78e02f,PWK,Cipta Purwakarta,25000.0,0.0,0.0,0.0,25000.0,25000.0,0.0,25000.0,0.0,0.0,100.0,2026-03-12 19:02:00,2026-03-12 19:02:00,,,-1.0,-1.0,0,0,False,Paid - On Time/Early,1,1,PWK-CIB,Cash in Box,paid,ENTRY,0,,0,0,0,,2026-10-03 07:00:00,paid,END USER,25000.0,25000.0,25000.0,0.0,0.0,True,False,0.0,Payment date earlier than invoice date,Settled,External Customer,False
019ce199-b7fb-763e-bc97-1a23b60fa524,PKJA2603120021,2026-03-13 00:21:00.000,2026-03-13 01:21:00.000,paid,,019b91a5-4e43-76fd-aba0-0563a203cdf1,CG0053,Umama (Umama),AGEN,AGEN,019b8a09-0bf8-7497-98a0-86a53a78e02f,PWK,Cipta Purwakarta,24000.0,0.0,0.0,0.0,24000.0,24000.0,0.0,24000.0,0.0,0.0,100.0,2026-03-12 17:38:00,2026-03-12 17:38:00,,,-1.0,-1.0,0,0,False,Paid - On Time/Early,1,1,PWK-CIB,Cash in Box,paid,ENTRY,0,,0,0,0,,2026-10-03 07:00:00,paid,AGEN,24000.0,24000.0,24000.0,0.0,0.0,True,False,0.0,Payment date earlier than invoice date,Settled,External Customer,False
019ce19e-7729-775c-9ff6-e785376d74af,PKJA2603120022,2026-03-13 00:21:00.000,2026-03-13 03:21:00.000,paid,,019bf43b-4b29-760f-82fe-6e4cc7db9b1b,UMK000029,Dolay Sablon,UMKM,UMKM,019b8a09-0bf8-7497-98a0-86a53a78e02f,PWK,Cipta Purwakarta,132000.0,0.0,0.0,0.0,132000.0,132000.0,0.0,132000.0,0.0,0.0,100.0,2026-03-12 17:44:00,2026-03-12 17:53:00,,,-1.0,-1.0,0,0,False,Paid - On Time/Early,2,2,"PWK-BCA, PWK-CIB","BCA PWK, Cash in Box","dp, paid",ENTRY,0,,0,0,0,,2026-10-03 07:00:00,paid,UMKM,132000.0,132000.0,132000.0,0.0,0.0,True,False,0.0,Payment date earlier than invoice date,Settled,External Customer,False
019ce1a2-7b5c-778a-a2a2-ba3331492074,PKJA2603120023,2026-03-13 00:21:00.000,2026-03-13 01:21:00.000,paid,,019b91a7-6a0b-747a-9c27-fb1c3f5cf220,USR01175,Sahrel (Sahrel),EU,END USER,019b8a09-0bf8-7497-98a0-86a53a78e02f,PWK,Cipta Purwakarta,20000.0,0.0,0.0,0.0,20000.0,20000.0,0.0,20000.0,0.0,0.0,100.0,2026-03-12 18:07:00,2026-03-12 18:07:00,,,-1.0,-1.0,0,0,False,Paid - On Time/Early,1,1,PWK-CIB,Cash in Box,paid,ENTRY,0,,0,0,0,,2026-10-03 07:00:00,paid,END USER,20000.0,20000.0,20000.0,0.0,0.0,True,False,0.0,Payment date earlier than invoice date,Settled,External Customer,False
019ce1b6-c7bf-77c9-8d8b-9108104fe81e,PKJA2603120024,2026-03-13 00:21:00.000,2026-03-13 03:21:00.000,paid,,019b91a5-4e40-7661-9517-2966ccc21633,UMK0122,Euis (Euis),UMKM,UMKM,019b8a09-0bf8-7497-98a0-86a53a78e02f,PWK,Cipta Purwakarta,30000.0,0.0,0.0,0.0,30000.0,30000.0,0.0,30000.0,0.0,0.0,100.0,2026-03-12 18:07:00,2026-03-12 18:07:00,,,-1.0,-1.0,0,0,False,Paid - On Time/Early,1,1,PWK-CIB,Cash in Box,paid,ENTRY,0,,0,0,0,,2026-10-03 07:00:00,paid,UMKM,30000.0,30000.0,30000.0,0.0,0.0,True,False,0.0,Payment date earlier than invoice date,Settled,External Customer,False
019ce1b7-5fae-7578-b926-e36e6e50e707,CGNM2603120017,2026-03-13 00:54:00.000,2026-03-13 01:54:00.000,paid,,019cdb96-7220-713e-ab71-67f273f01bf1,CST23228300,Aylins Cake,INSTANSI,INSTANSI,019490f2-0003-7000-8000-123456789003,CG,Cipta Digital,30000.0,0.0,0.0,0.0,30000.0,30000.0,0.0,30000.0,0.0,0.0,100.0,2026-03-12 18:04:00,2026-03-12 18:04:00,,,-1.0,-1.0,0,0,False,Paid - On Time/Early,1,1,CG-JZM,BCA Jazmi Hamzah,paid,ENTRY,0,,0,0,0,,2026-10-03 07:00:00,paid,INSTANSI,30000.0,30000.0,30000.0,0.0,0.0,True,False,0.0,Payment date earlier than invoice date,Settled,External Customer,False
019ce1de-123b-718d-a992-dc07e2c148b9,PKJA2603120026,2026-03-13 00:21:00.000,2026-03-13 03:21:00.000,paid,,019b91a7-6a09-7539-b6ed-647b8e7b196e,USR00617,Dwiki Knb,EU,END USER,019b8a09-0bf8-7497-98a0-86a53a78e02f,PWK,Cipta Purwakarta,60000.0,0.0,0.0,0.0,60000.0,60000.0,0.0,60000.0,0.0,0.0,100.0,2026-03-12 19:25:00,2026-03-12 19:25:00,,,-1.0,-1.0,0,0,False,Paid - On Time/Early,1,1,PWK-CIB,Cash in Box,paid,ENTRY,0,,0,0,0,,2026-10-03 07:00:00,paid,END USER,60000.0,60000.0,60000.0,0.0,0.0,True,False,0.0,Payment date earlier than invoice date,Settled,External Customer,False
019ce1ee-f8e6-7628-89fa-349b2aeac113,CGNM2603120019,2026-03-13 00:54:00.000,2026-03-13 01:54:00.000,paid,,019bf91f-1177-7258-b7b2-7c605febfab0,UMK000045,Ang Amin,UMKM,UMKM,019490f2-0003-7000-8000-123456789003,CG,Cipta Digital,145000.0,0.0,0.0,0.0,145000.0,145000.0,0.0,145000.0,0.0,0.0,100.0,2026-03-12 19:04:00,2026-03-12 19:04:00,,,-1.0,-1.0,0,0,False,Paid - On Time/Early,1,1,CG-CIB,Cash in Box,paid,ENTRY,0,,0,0,0,,2026-10-03 07:00:00,paid,UMKM,145000.0,145000.0,145000.0,0.0,0.0,True,False,0.0,Payment date earlier than invoice date,Settled,External Customer,False
019ce200-5e39-7681-b406-3c630abb654e,CJFA2603120012,2026-03-13 02:17:00.000,2026-03-13 03:17:00.000,paid,,019c1d5c-d645-767b-9b7b-f3eb2e9f4e9d,USR000056,Rendy (Rendy),EU,END USER,019490f2-0002-7000-8000-123456789002,CNJ,Cipta Cianjur,10000.0,0.0,0.0,0.0,10000.0,10000.0,0.0,10000.0,0.0,0.0,100.0,2026-03-12 19:23:00,2026-03-12 19:23:00,,,-1.0,-1.0,0,0,False,Paid - On Time/Early,1,1,CNJ-CIB,Cash in Box,paid,ENTRY,0,,0,0,0,,2026-10-03 07:00:00,paid,END USER,10000.0,10000.0,10000.0,0.0,0.0,True,False,0.0,Payment date earlier than invoice date,Settled,External Customer,False
019ce21b-4882-7702-a763-2df56f7cd4ea,CGNM2603120022,2026-03-13 00:54:00.000,2026-03-13 01:54:00.000,paid,,019ce219-8c2b-727c-a64a-94737be87700,UMK000336,Dandi Abdul Ghani,UMKM,UMKM,019490f2-0003-7000-8000-123456789003,CG,Cipta Digital,60000.0,0.0,0.0,0.0,60000.0,60000.0,0.0,60000.0,0.0,0.0,100.0,2026-03-12 19:57:00,2026-03-12 19:57:00,,,-1.0,-1.0,0,0,False,Paid - On Time/Early,1,1,CG-JZM,BCA Jazmi Hamzah,paid,ENTRY,0,,0,0,0,,2026-10-03 07:00:00,paid,UMKM,60000.0,60000.0,60000.0,0.0,0.0,True,False,0.0,Payment date earlier than invoice date,Settled,External Customer,False
019ce25b-ae60-7568-b3fd-35ae28ff1945,CJFA2603120015,2026-03-13 02:17:00.000,2026-03-13 03:17:00.000,paid,,019b8de1-c6b8-75ba-9066-d3d2b3b40cf9,UMK0084,Tysar (Tysar),UMKM,UMKM,019490f2-0002-7000-8000-123456789002,CNJ,Cipta Cianjur,26000.0,0.0,0.0,0.0,26000.0,26000.0,0.0,26000.0,0.0,0.0,100.0,2026-03-12 21:06:00,2026-03-12 21:06:00,,,-1.0,-1.0,0,0,False,Paid - On Time/Early,1,1,CNJ-BCA,BCA 2201,paid,ENTRY,0,,0,0,0,,2026-10-03 07:00:00,paid,UMKM,26000.0,26000.0,26000.0,0.0,0.0,True,False,0.0,Payment date earlier than invoice date,Settled,External Customer,False
019cea21-93f9-760e-b760-4e7c7aa53f42,PKDR2602180002,2026-03-14 16:16:00.000,2026-03-15 16:13:00.000,paid,4502328804,019b91a5-4e3d-702c-bb5c-b25d99ca7535,IND0019,Pt Prysmian Cables Indonesia,INDUSTRI,INDUSTRI,019b8a09-0bf8-7497-98a0-86a53a78e02f,PWK,Cipta Purwakarta,3450000.0,0.0,379500.0,0.0,3829500.0,3829500.0,0.0,3829500.0,0.0,0.0,100.0,2026-02-09 14:43:00,2026-02-09 14:43:00,,,-33.0,-33.0,0,0,False,Paid - On Time/Early,1,1,PWK-BCA,BCA PWK,paid,ENTRY,0,,0,0,0,,2026-10-03 07:00:00,paid,INDUSTRI,3829500.0,3829500.0,3829500.0,0.0,0.0,True,False,0.0,Payment date earlier than invoice date,Settled,External Customer,False
019cea82-03ef-76be-99fc-6b28e70fd423,PKDR2603140002,2026-03-14 18:00:00.000,2026-03-14 19:00:00.000,paid,,019b91a5-4e3c-71d9-847b-4b05e121e1ed,DV0002,Cipta Galuh,DIVISI,DIVISI,019b8a09-0bf8-7497-98a0-86a53a78e02f,PWK,Cipta Purwakarta,1950000.0,0.0,0.0,0.0,1950000.0,1950000.0,0.0,1950000.0,0.0,0.0,100.0,2026-02-28 14:11:00,2026-02-28 14:11:00,,,-14.0,-14.0,0,0,False,Paid - On Time/Early,1,1,PWK-BCA,BCA PWK,paid,ENTRY,0,,0,0,0,,2026-10-03 07:00:00,paid,DIVISI,1950000.0,1950000.0,1950000.0,0.0,0.0,True,False,0.0,Payment date earlier than invoice date,Settled,Internal Division,False
019ceaa3-7727-733e-bd48-5c8712f259ca,PKDR2603140011,2026-03-14 18:37:00.000,2026-03-14 19:37:00.000,paid,,019b91a5-4e3c-71d9-847b-4b05e121e1ed,DV0002,Cipta Galuh,DIVISI,DIVISI,019b8a09-0bf8-7497-98a0-86a53a78e02f,PWK,Cipta Purwakarta,360000.0,0.0,0.0,0.0,360000.0,360000.0,0.0,360000.0,0.0,0.0,100.0,2026-03-09 15:03:00,2026-03-09 15:03:00,,,-5.0,-5.0,0,0,False,Paid - On Time/Early,1,1,PWK-BCA,BCA PWK,paid,ENTRY,0,,0,0,0,,2026-10-03 07:00:00,paid,DIVISI,360000.0,360000.0,360000.0,0.0,0.0,True,False,0.0,Payment date earlier than invoice date,Settled,Internal Division,False
019ceaa8-bdfd-73fb-8462-47b93c188d5b,PKDR2603140013,2026-03-14 18:43:00.000,2026-03-14 19:43:00.000,paid,,019b91a5-4e3c-71d9-847b-4b05e121e1ed,DV0002,Cipta Galuh,DIVISI,DIVISI,019b8a09-0bf8-7497-98a0-86a53a78e02f,PWK,Cipta Purwakarta,300000.0,0.0,0.0,0.0,300000.0,300000.0,0.0,300000.0,0.0,0.0,100.0,2026-03-09 15:04:00,2026-03-09 15:04:00,,,-5.0,-5.0,0,0,False,Paid - On Time/Early,1,1,PWK-BCA,BCA PWK,paid,ENTRY,0,,0,0,0,,2026-10-03 07:00:00,paid,DIVISI,300000.0,300000.0,300000.0,0.0,0.0,True,False,0.0,Payment date earlier than invoice date,Settled,Internal Division,False
019ceaaa-8a9f-71fb-805b-ac01c4012ea0,PKDR2603140015,2026-03-14 18:45:00.000,2026-03-14 19:45:00.000,paid,,019b91a5-4e3c-71d9-847b-4b05e121e1ed,DV0002,Cipta Galuh,DIVISI,DIVISI,019b8a09-0bf8-7497-98a0-86a53a78e02f,PWK,Cipta Purwakarta,546000.0,0.0,0.0,0.0,546000.0,546000.0,0.0,546000.0,0.0,0.0,100.0,2026-03-09 15:04:00,2026-03-09 15:04:00,,,-5.0,-5.0,0,0,False,Paid - On Time/Early,1,1,PWK-BCA,BCA PWK,paid,ENTRY,0,,0,0,0,,2026-10-03 07:00:00,paid,DIVISI,546000.0,546000.0,546000.0,0.0,0.0,True,False,0.0,Payment date earlier than invoice date,Settled,Internal Division,False
019cf109-f548-74d1-a83b-3f5b8eb1afc2,CJYR2603150004,2026-03-16 00:27:00.000,2026-03-16 01:27:00.000,paid,,019b8de1-c6b9-77e8-a27b-6fe7db5edb47,UMK0189,Cipta Rasa,UMKM,UMKM,019490f2-0002-7000-8000-123456789002,CNJ,Cipta Cianjur,100000.0,0.0,0.0,0.0,100000.0,100000.0,0.0,100000.0,0.0,0.0,100.0,2026-03-15 17:28:00,2026-03-15 17:28:00,,,-1.0,-1.0,0,0,False,Paid - On Time/Early,1,1,CNJ-CIB,Cash in Box,paid,ENTRY,0,,0,0,0,,2026-10-03 07:00:00,paid,UMKM,100000.0,100000.0,100000.0,0.0,0.0,True,False,0.0,Payment date earlier than invoice date,Settled,External Customer,False
019cf629-6bb7-769b-82b5-05643175cddb,PKAS2603160004,2026-03-17 00:20:00.000,2026-03-19 05:15:00.000,paid,,019b91a7-6a0c-7497-8320-7ec325f357ee,USR01498,Nijma (Nijma),EU,END USER,019b8a09-0bf8-7497-98a0-86a53a78e02f,PWK,Cipta Purwakarta,682000.0,0.0,0.0,0.0,682000.0,682000.0,0.0,682000.0,0.0,0.0,100.0,2026-03-16 17:20:00,2026-04-06 14:57:00,,,-1.0,20.0,18,0,False,Paid - Late,2,1,PWK-CIB,Cash in Box,"dp, paid",ENTRY,0,,0,0,0,,2026-10-03 07:00:00,paid,END USER,682000.0,682000.0,682000.0,0.0,0.0,True,False,0.0,Payment date earlier than invoice date,Settled,External Customer,True
019cf636-ceb5-74f9-8a85-79c759644dcd,CGSB2603160008,2026-03-17 00:33:00.000,2026-03-17 01:33:00.000,paid,,019b9e33-a445-735c-aeb2-360e6404cd84,EU4089,Giris Gardenia,EU,END USER,019490f2-0003-7000-8000-123456789003,CG,Cipta Digital,195000.0,0.0,0.0,0.0,195000.0,195000.0,0.0,195000.0,0.0,0.0,100.0,2026-03-16 17:36:00,2026-03-16 17:36:00,,,-1.0,-1.0,0,0,False,Paid - On Time/Early,1,1,CG-JZM,BCA Jazmi Hamzah,paid,ENTRY,0,,0,0,0,,2026-10-03 07:00:00,paid,END USER,195000.0,195000.0,195000.0,0.0,0.0,True,False,0.0,Payment date earlier than invoice date,Settled,External Customer,False
019cf65a-23a1-714a-af28-cb90468f4931,CGDP2603160008,2026-03-17 00:11:00.000,2026-03-17 01:11:00.000,paid,,019cf64d-b6a4-736e-9eb0-006998dc0054,UMK000365,Firman Dimsum,UMKM,UMKM,019490f2-0003-7000-8000-123456789003,CG,Cipta Digital,142500.0,0.0,0.0,0.0,142500.0,142500.0,0.0,142500.0,0.0,0.0,100.0,2026-03-16 18:13:00,2026-03-16 18:13:00,,,-1.0,-1.0,0,0,False,Paid - On Time/Early,1,1,CG-QRIS,QRIS BCA,paid,ENTRY,0,,0,0,0,,2026-10-03 07:00:00,paid,UMKM,142500.0,142500.0,142500.0,0.0,0.0,True,False,0.0,Payment date earlier than invoice date,Settled,External Customer,False
019cf6a5-f2c3-7778-912d-1bac5a1e05f8,CJYR2603160011,2026-03-17 02:23:00.000,2026-03-17 03:23:00.000,paid,,019ce25c-062e-735d-aea8-84c8c85a2976,IND000010,Klinik Harapan Sehat,INDUSTRI,INDUSTRI,019490f2-0002-7000-8000-123456789002,CNJ,Cipta Cianjur,15000.0,0.0,0.0,0.0,15000.0,15000.0,0.0,15000.0,0.0,0.0,100.0,2026-03-16 19:36:00,2026-03-16 19:36:00,,,-1.0,-1.0,0,0,False,Paid - On Time/Early,1,1,CNJ-BCA,BCA 2201,paid,ENTRY,0,,0,0,0,,2026-10-03 07:00:00,paid,INDUSTRI,15000.0,15000.0,15000.0,0.0,0.0,True,False,0.0,Payment date earlier than invoice date,Settled,External Customer,False
019cf6ca-7ba6-71e1-90af-6df8f30554a8,CJFA2603160005,2026-03-17 03:05:00.000,2026-03-17 04:05:00.000,paid,,019cf6c8-1528-73fe-b714-a2c82a5726ca,USR001024,Gitami Aulia,EU,END USER,019490f2-0002-7000-8000-123456789002,CNJ,Cipta Cianjur,40000.0,0.0,0.0,0.0,40000.0,40000.0,0.0,40000.0,0.0,0.0,100.0,2026-03-16 22:04:00,2026-03-17 19:19:00,,,-1.0,0.0,0,0,False,Paid - On Time/Early,2,2,"CNJ-BCA, CNJ-CIB","BCA 2201, Cash in Box","dp, paid",ENTRY,0,,0,0,0,,2026-10-03 07:00:00,paid,END USER,40000.0,40000.0,40000.0,0.0,0.0,True,False,0.0,Payment date earlier than invoice date,Settled,External Customer,True
019cf6cb-9ef7-73ca-9ee3-a0ad6096c4ab,CJYR2603160012,2026-03-17 02:23:00.000,2026-03-17 03:23:00.000,paid,,019b8de1-c6b8-75ba-9063-bf69ee66241b,IND0017,Mandala Finance,INDUSTRI,INDUSTRI,019490f2-0002-7000-8000-123456789002,CNJ,Cipta Cianjur,850000.0,0.0,0.0,0.0,850000.0,850000.0,0.0,850000.0,0.0,0.0,100.0,2026-03-16 21:15:00,2026-03-19 12:11:00,,,-1.0,2.0,2,0,False,Paid - Late,2,1,CNJ-BCA,BCA 2201,"dp, paid",ENTRY,0,,0,0,0,,2026-10-03 07:00:00,paid,INDUSTRI,850000.0,850000.0,850000.0,0.0,0.0,True,False,0.0,Payment date earlier than invoice date,Settled,External Customer,True
019cf711-a006-71fb-98fc-103ea783b512,CJFA2603160006,2026-03-17 03:05:00.000,2026-03-17 04:05:00.000,paid,,019b8de1-c6ba-72a9-8e2d-4e9df76024f7,CG0010,Perc. Dang'S 2000,AGEN,AGEN,019490f2-0002-7000-8000-123456789002,CNJ,Cipta Cianjur,70000.0,0.0,0.0,0.0,70000.0,70000.0,0.0,70000.0,0.0,0.0,100.0,2026-03-16 21:35:00,2026-03-16 21:35:00,,,-1.0,-1.0,0,0,False,Paid - On Time/Early,1,1,CNJ-BCA,BCA 2201,paid,ENTRY,0,,0,0,0,,2026-10-03 07:00:00,paid,AGEN,70000.0,70000.0,70000.0,0.0,0.0,True,False,0.0,Payment date earlier than invoice date,Settled,External Customer,False
019cf729-6056-74d3-8dec-cf34277e37c2,CJFA2603160007,2026-03-17 03:05:00.000,2026-03-17 04:05:00.000,paid,,019b8de1-c6bb-707a-872f-f101b70244bf,CG0159,Perc. Yusuf Invita Digital,AGEN,AGEN,019490f2-0002-7000-8000-123456789002,CNJ,Cipta Cianjur,5000.0,0.0,0.0,0.0,5000.0,5000.0,0.0,5000.0,0.0,0.0,100.0,2026-03-16 22:00:00,2026-03-16 22:00:00,,,-1.0,-1.0,0,0,False,Paid - On Time/Early,1,1,CNJ-CIB,Cash in Box,paid,ENTRY,0,,0,0,0,,2026-10-03 07:00:00,paid,AGEN,5000.0,5000.0,5000.0,0.0,0.0,True,False,0.0,Payment date earlier than invoice date,Settled,External Customer,False
019cf72b-05d3-7697-b616-a6462a35075a,CJFA2603160008,2026-03-17 03:05:00.000,2026-03-17 04:05:00.000,paid,,019c1d66-6da6-722a-a5d6-4f0471520d1b,USR000266,Novia (Novia),EU,END USER,019490f2-0002-7000-8000-123456789002,CNJ,Cipta Cianjur,30000.0,0.0,0.0,0.0,30000.0,30000.0,0.0,30000.0,0.0,0.0,100.0,2026-03-16 22:02:00,2026-03-16 22:02:00,,,-1.0,-1.0,0,0,False,Paid - On Time/Early,1,1,CNJ-CIB,Cash in Box,paid,ENTRY,0,,0,0,0,,2026-10-03 07:00:00,paid,END USER,30000.0,30000.0,30000.0,0.0,0.0,True,False,0.0,Payment date earlier than invoice date,Settled,External Customer,False
019cfb99-5603-70fc-9a1b-40479c40c605,CJYR2603170017,2026-03-18 01:00:00.000,2026-03-18 02:00:00.000,paid,,019b8de1-c6bb-707a-8730-2b5deca67604,CG0173,Perc. Global,AGEN,AGEN,019490f2-0002-7000-8000-123456789002,CNJ,Cipta Cianjur,8000.0,0.0,0.0,0.0,8000.0,8000.0,0.0,8000.0,0.0,0.0,100.0,2026-03-17 18:41:00,2026-03-17 18:41:00,,,-1.0,-1.0,0,0,False,Paid - On Time/Early,1,1,CNJ-CIB,Cash in Box,paid,ENTRY,0,,0,0,0,,2026-10-03 07:00:00,paid,AGEN,8000.0,8000.0,8000.0,0.0,0.0,True,False,0.0,Payment date earlier than invoice date,Settled,External Customer,False
019d007f-7438-7745-8e05-cbdf1835fd35,PKFF2603180002,2026-03-19 00:30:00.000,2026-03-19 01:30:00.000,paid,,019be911-78cb-76f6-84e1-b233ed34c121,USR000050,Fulan (Fulan),EU,END USER,019b8a09-0bf8-7497-98a0-86a53a78e02f,PWK,Cipta Purwakarta,12000.0,0.0,0.0,0.0,12000.0,12000.0,0.0,12000.0,0.0,0.0,100.0,2026-03-18 17:30:00,2026-03-18 17:30:00,,,-1.0,-1.0,0,0,False,Paid - On Time/Early,1,1,PWK-CIB,Cash in Box,paid,ENTRY,0,,0,0,0,,2026-10-03 07:00:00,paid,END USER,12000.0,12000.0,12000.0,0.0,0.0,True,False,0.0,Payment date earlier than invoice date,Settled,External Customer,False
019d0086-c0ab-714d-af9b-58bc0cafaf5a,OLLS2603180005,2026-03-19 00:33:00.000,2026-03-19 01:33:00.000,paid,,019d0084-684f-7173-bc6e-d469aac6637e,USR001182,Abdul Goni,EU,END USER,019ab8e3-cb41-7087-92ab-c7596e6780f4,OL,Cipta Online,66000.0,0.0,0.0,0.0,66000.0,66000.0,0.0,66000.0,0.0,0.0,100.0,2026-03-18 17:43:00,2026-03-18 17:43:00,,,-1.0,-1.0,0,0,False,Paid - On Time/Early,1,1,OL-CIB,Cash in Box,paid,ENTRY,0,,0,0,0,,2026-10-03 07:00:00,paid,END USER,66000.0,66000.0,66000.0,0.0,0.0,True,False,0.0,Payment date earlier than invoice date,Settled,External Customer,False
019d010c-5b31-754a-bff9-e23de992bad6,CGMP2603180019,2026-03-19 02:50:00.000,2026-03-19 03:50:00.000,paid,,019d010b-d19d-7518-82be-033b35cfafed,INS000171,Ojan Akmal,INSTANSI,INSTANSI,019490f2-0003-7000-8000-123456789003,CG,Cipta Digital,19000.0,0.0,0.0,0.0,19000.0,29000.0,0.0,29000.0,0.0,10000.0,152.63,2026-03-18 20:05:00,2026-03-18 20:05:00,,,-1.0,-1.0,0,0,False,Paid - On Time/Early,1,1,CG-CIB,Cash in Box,paid,ENTRY,0,,0,0,0,,2026-10-03 07:00:00,paid,INSTANSI,19000.0,29000.0,19000.0,0.0,10000.0,True,False,0.0,Payment date earlier than invoice date,Settled,External Customer,False
019d2dfc-aa9e-76e8-82a6-9402d67a6b2d,CGNM2603160013,2026-03-28 20:30:00.000,2026-03-30 21:08:00.000,paid,,019bdf97-4798-75e8-885c-50faf76a3e5c,IND000003,Kso Alfa Trin,INDUSTRI,INDUSTRI,019490f2-0003-7000-8000-123456789003,CG,Cipta Digital,516000.0,0.0,56760.0,0.0,572760.0,572760.0,0.0,572760.0,0.0,0.0,100.0,2026-03-27 16:10:00,2026-03-27 16:10:00,,,-1.0,-1.0,0,0,False,Paid - On Time/Early,1,1,CG-OFC,BCA Cipta Office,paid,ENTRY,0,,0,0,0,,2026-10-03 07:00:00,paid,INDUSTRI,572760.0,572760.0,572760.0,0.0,0.0,True,False,0.0,Payment date earlier than invoice date,Settled,External Customer,False
019d2f1c-6016-761b-9c8b-aaf8bf90f3f1,CJYR2603270008,2026-03-28 01:44:00.000,2026-03-28 02:44:00.000,paid,,019c1d6d-94e9-72e3-bd9e-4bcdff7dcd50,USR000793,Agung (Agung),EU,END USER,019490f2-0002-7000-8000-123456789002,CNJ,Cipta Cianjur,50000.0,0.0,0.0,0.0,50000.0,50000.0,0.0,50000.0,0.0,0.0,100.0,2026-03-27 19:46:00,2026-03-27 19:46:00,,,-1.0,-1.0,0,0,False,Paid - On Time/Early,1,1,CNJ-CIB,Cash in Box,paid,ENTRY,0,,0,0,0,,2026-10-03 07:00:00,paid,END USER,50000.0,50000.0,50000.0,0.0,0.0,True,False,0.0,Payment date earlier than invoice date,Settled,External Customer,False
019d2f42-3ae5-71fe-b480-735d712dbdd1,CJFA2603270016,2026-03-28 02:11:00.000,2026-03-28 03:11:00.000,paid,,019b8de1-c6b8-75ba-9065-ea41c23fe51f,UMK0026,Edelwis Planner,UMKM,UMKM,019490f2-0002-7000-8000-123456789002,CNJ,Cipta Cianjur,25000.0,0.0,0.0,0.0,25000.0,25000.0,0.0,25000.0,0.0,0.0,100.0,2026-03-27 19:26:00,2026-03-30 15:32:00,,,-1.0,2.0,2,0,False,Paid - Late,2,2,"CNJ-BCA, CNJ-CIB","BCA 2201, Cash in Box","dp, paid",ENTRY,0,,0,0,0,,2026-10-03 07:00:00,paid,UMKM,25000.0,25000.0,25000.0,0.0,0.0,True,False,0.0,Payment date earlier than invoice date,Settled,External Customer,True
019d2f45-4819-7168-9e56-525109e70d38,CJYR2603270009,2026-03-28 02:09:00.000,2026-03-28 03:09:00.000,paid,,019c1dd5-139e-7788-8037-94ade1bbf7ef,CST49832799,Slide Isac,EU,END USER,019490f2-0002-7000-8000-123456789002,CNJ,Cipta Cianjur,96000.0,0.0,0.0,0.0,96000.0,96000.0,0.0,96000.0,0.0,0.0,100.0,2026-03-27 19:41:00,2026-03-27 19:41:00,,,-1.0,-1.0,0,0,False,Paid - On Time/Early,1,1,CNJ-BCA,BCA 2201,paid,ENTRY,0,,0,0,0,,2026-10-03 07:00:00,paid,END USER,96000.0,96000.0,96000.0,0.0,0.0,True,False,0.0,Payment date earlier than invoice date,Settled,External Customer,False
019d2f5e-373a-7217-8397-43a683f51b5d,CJFA2603270017,2026-03-28 02:11:00.000,2026-03-28 03:11:00.000,paid,,019b8de1-c6ba-72a9-8e2f-0142f56d841d,CG0119,Obvious Atep Sablon,AGEN,AGEN,019490f2-0002-7000-8000-123456789002,CNJ,Cipta Cianjur,3000.0,0.0,0.0,0.0,3000.0,3000.0,0.0,3000.0,0.0,0.0,100.0,2026-03-27 19:56:00,2026-03-27 19:56:00,,,-1.0,-1.0,0,0,False,Paid - On Time/Early,1,1,CNJ-CIB,Cash in Box,paid,ENTRY,0,,0,0,0,,2026-10-03 07:00:00,paid,AGEN,3000.0,3000.0,3000.0,0.0,0.0,True,False,0.0,Payment date earlier than invoice date,Settled,External Customer,False
019d2f5e-c551-72e1-a955-2a3da50b7661,CJYR2603270012,2026-03-28 02:41:00.000,2026-03-28 03:41:00.000,paid,,019c1d91-00f1-7075-b03f-2ec9e825d9af,USR000948,Asep (Asep),EU,END USER,019490f2-0002-7000-8000-123456789002,CNJ,Cipta Cianjur,15000.0,0.0,0.0,0.0,15000.0,15000.0,0.0,15000.0,0.0,0.0,100.0,2026-03-27 19:57:00,2026-03-27 19:57:00,,,-1.0,-1.0,0,0,False,Paid - On Time/Early,1,1,CNJ-CIB,Cash in Box,paid,ENTRY,0,,0,0,0,,2026-10-03 07:00:00,paid,END USER,15000.0,15000.0,15000.0,0.0,0.0,True,False,0.0,Payment date earlier than invoice date,Settled,External Customer,False
019d39ba-4c5f-761c-a404-54618d3201e5,CJFA2603290013,2026-03-30 03:12:00.000,2026-03-30 04:12:00.000,paid,,019c1d6d-94e8-762e-a51d-1c648ed4ae50,USR000751,Eli (Eli),EU,END USER,019490f2-0002-7000-8000-123456789002,CNJ,Cipta Cianjur,80000.0,0.0,0.0,0.0,80000.0,80000.0,0.0,80000.0,0.0,0.0,100.0,2026-03-29 20:13:00,2026-03-30 13:29:00,,,-1.0,0.0,0,0,False,Paid - On Time/Early,2,1,CNJ-CIB,Cash in Box,paid,ENTRY,0,,0,0,0,,2026-10-03 07:00:00,paid,END USER,80000.0,80000.0,80000.0,0.0,0.0,True,False,0.0,Payment date earlier than invoice date,Settled,External Customer,True
019d3c76-2823-70bf-83f2-62aa9e2dc1af,GLVI2603160001,2026-03-29 15:59:00.000,2026-04-29 16:59:00.000,paid,,019cc5e8-2786-7529-aa2e-027601aeee20,INS000003,Pt. Leader Kontraktor Indonesia,INSTANSI,INSTANSI,019490f2-0001-7000-8000-123456789001,GLH,Cipta Galuh,1580000.0,0.0,0.0,0.0,1580000.0,1580000.0,0.0,1580000.0,0.0,0.0,100.0,2026-03-27 09:07:00,2026-03-27 09:07:00,,,-2.0,-2.0,0,0,False,Paid - On Time/Early,1,1,GLH-775,BCA 775,paid,ENTRY,0,,0,0,0,,2026-10-03 07:00:00,paid,INSTANSI,1580000.0,1580000.0,1580000.0,0.0,0.0,True,False,0.0,Payment date earlier than invoice date,Settled,External Customer,False
019d3c77-47a8-7551-8a4d-48a83658ebc3,GLVI2603290001,2026-03-29 15:59:00.000,2026-04-29 16:59:00.000,paid,,019b8de0-01dc-74cd-ba22-028a1af60e83,UMK0152,Hafsari (Hafsari),UMKM,UMKM,019490f2-0001-7000-8000-123456789001,GLH,Cipta Galuh,75000.0,0.0,0.0,0.0,75000.0,75000.0,0.0,75000.0,0.0,0.0,100.0,2026-03-28 09:06:00,2026-03-28 09:06:00,,,-1.0,-1.0,0,0,False,Paid - On Time/Early,1,1,GLH-MDR,Mandiri Karawang,paid,ENTRY,0,,0,0,0,,2026-10-03 07:00:00,paid,UMKM,75000.0,75000.0,75000.0,0.0,0.0,True,False,0.0,Payment date earlier than invoice date,Settled,External Customer,False
019d3de7-39b2-733f-9445-25b96ef358b2,CJFU2603300011,2026-03-30 22:38:00.000,2026-03-30 23:38:00.000,paid,,019c1d6d-94e8-762e-a51d-1401348faa56,USR000749,Iman (Iman),EU,END USER,019490f2-0002-7000-8000-123456789002,CNJ,Cipta Cianjur,95000.0,0.0,0.0,0.0,95000.0,95000.0,0.0,95000.0,0.0,0.0,100.0,2026-03-17 10:56:00,2026-03-17 10:56:00,,,-13.0,-13.0,0,0,False,Paid - On Time/Early,1,1,CNJ-BCA,BCA 2201,paid,ENTRY,0,,0,0,0,,2026-10-03 07:00:00,paid,END USER,95000.0,95000.0,95000.0,0.0,0.0,True,False,0.0,Payment date earlier than invoice date,Settled,External Customer,False
019d3e47-057d-75e7-959c-4c22f82491cd,CJYR2603300014,2026-03-31 00:04:00.000,2026-03-31 01:04:00.000,paid,,019c1d66-6da6-722a-a5d6-71f90c61de17,USR000275,A Ridwan (A Ridwan),EU,END USER,019490f2-0002-7000-8000-123456789002,CNJ,Cipta Cianjur,16000.0,0.0,0.0,0.0,16000.0,16000.0,0.0,16000.0,0.0,0.0,100.0,2026-03-30 17:26:00,2026-03-30 17:26:00,,,-1.0,-1.0,0,0,False,Paid - On Time/Early,1,1,CNJ-CIB,Cash in Box,paid,ENTRY,0,,0,0,0,,2026-10-03 07:00:00,paid,END USER,16000.0,16000.0,16000.0,0.0,0.0,True,False,0.0,Payment date earlier than invoice date,Settled,External Customer,False
019d3e50-b8ce-70e3-823c-c2e4f1640631,OLDA2603300002,2026-03-31 00:35:00.000,2026-03-31 01:35:00.000,paid,,019c4abb-30b6-7369-8ac2-c80120d63cfa,USR000113,Helga Helga,EU,END USER,019ab8e3-cb41-7087-92ab-c7596e6780f4,OL,Cipta Online,68000.0,0.0,0.0,0.0,68000.0,68000.0,0.0,68000.0,0.0,0.0,100.0,2026-03-30 17:38:00,2026-03-30 17:38:00,,,-1.0,-1.0,0,0,False,Paid - On Time/Early,1,1,OL-FDL,BCA Online,paid,ENTRY,0,,0,0,0,,2026-10-03 07:00:00,paid,END USER,68000.0,68000.0,68000.0,0.0,0.0,True,False,0.0,Payment date earlier than invoice date,Settled,External Customer,False
019d3e80-c550-7102-afac-07cf5912d097,PKJA2603300017,2026-03-31 01:28:00.000,2026-04-03 00:28:00.000,paid,,019b91a7-6a08-729d-b8ea-015a9cd35a99,USR00469,Elvan (Elvan),EU,END USER,019b8a09-0bf8-7497-98a0-86a53a78e02f,PWK,Cipta Purwakarta,500000.0,0.0,0.0,0.0,500000.0,500000.0,0.0,500000.0,0.0,0.0,100.0,2026-03-30 18:28:00,2026-03-30 18:28:00,,,-1.0,-1.0,0,0,False,Paid - On Time/Early,1,1,PWK-BCA,BCA PWK,paid,ENTRY,0,,0,0,0,,2026-10-03 07:00:00,paid,END USER,500000.0,500000.0,500000.0,0.0,0.0,True,False,0.0,Payment date earlier than invoice date,Settled,External Customer,False
019d3ea9-cb12-729e-89a9-963c823aa342,GRDN2603300019,2026-03-31 00:00:00.000,2026-03-31 01:00:00.000,paid,,019b8c17-2595-7589-9527-9a6604d4cc04,USR1189,DEDEN NOTARIS,EU,END USER,019490f2-0000-7000-8000-123456789000,GRH,Cipta Graha,450000.0,0.0,0.0,0.0,450000.0,450000.0,0.0,450000.0,0.0,0.0,100.0,2026-03-30 19:14:00,2026-03-31 11:09:00,,,-1.0,0.0,0,0,False,Paid - On Time/Early,2,1,GRH-CIB,Cash in Box,"dp, paid",ENTRY,0,,0,0,0,,2026-10-03 07:00:00,paid,END USER,450000.0,450000.0,450000.0,0.0,0.0,True,False,0.0,Payment date earlier than invoice date,Settled,External Customer,True
019d428a-6e48-75ff-8b48-73201f36013b,PKDR2601260002,2026-03-31 20:17:00.000,2026-04-01 18:46:00.000,paid,4400903535,019b91a5-4e3d-702c-bb5c-b25d99ca7535,IND0019,Pt Prysmian Cables Indonesia,INDUSTRI,INDUSTRI,019b8a09-0bf8-7497-98a0-86a53a78e02f,PWK,Cipta Purwakarta,4325000.0,0.0,475750.0,0.0,4800750.0,4800750.0,0.0,4800750.0,0.0,0.0,100.0,2026-02-09 14:43:00,2026-02-09 14:43:00,,,-50.0,-50.0,0,0,False,Paid - On Time/Early,1,1,PWK-BCA,BCA PWK,paid,ENTRY,0,,0,0,0,,2026-10-03 07:00:00,paid,INDUSTRI,4800750.0,4800750.0,4800750.0,0.0,0.0,True,False,0.0,Payment date earlier than invoice date,Settled,External Customer,False
019d4297-5780-713b-b495-9e78b788e3c4,PKDR2601270001,2026-03-31 20:31:00.000,2026-04-01 18:46:00.000,paid,4400903536,019b91a5-4e3d-702c-bb5c-b25d99ca7535,IND0019,Pt Prysmian Cables Indonesia,INDUSTRI,INDUSTRI,019b8a09-0bf8-7497-98a0-86a53a78e02f,PWK,Cipta Purwakarta,950000.0,0.0,104500.0,0.0,1054500.0,1054500.0,0.0,1054500.0,0.0,0.0,100.0,2026-02-28 14:45:00,2026-02-28 14:45:00,,,-31.0,-31.0,0,0,False,Paid - On Time/Early,1,1,PWK-BCA,BCA PWK,paid,ENTRY,0,,0,0,0,,2026-10-03 07:00:00,paid,INDUSTRI,1054500.0,1054500.0,1054500.0,0.0,0.0,True,False,0.0,Payment date earlier than invoice date,Settled,External Customer,False
019d429c-e0a1-754f-9ca3-5832e6b30679,PKDR2603090002,2026-03-31 20:36:00.000,2026-04-01 18:46:00.000,paid,4502338286,019b91a5-4e3d-702c-bb5c-b25d99ca7535,IND0019,Pt Prysmian Cables Indonesia,INDUSTRI,INDUSTRI,019b8a09-0bf8-7497-98a0-86a53a78e02f,PWK,Cipta Purwakarta,1440000.0,0.0,158400.0,0.0,1598400.0,1598400.0,0.0,1598400.0,0.0,0.0,100.0,2026-02-09 14:46:00,2026-02-09 14:46:00,,,-50.0,-50.0,0,0,False,Paid - On Time/Early,1,1,PWK-BCA,BCA PWK,paid,ENTRY,0,,0,0,0,,2026-10-03 07:00:00,paid,INDUSTRI,1598400.0,1598400.0,1598400.0,0.0,0.0,True,False,0.0,Payment date earlier than invoice date,Settled,External Customer,False
019d4396-6622-7084-ae9b-e2bf6ae34dde,CJFA2603310010,2026-04-01 01:05:00.000,2026-04-01 02:05:00.000,paid,,019b8de1-c6ba-72a9-8e2e-87a6b1b15702,CG0088,Aang Yogya,AGEN,AGEN,019490f2-0002-7000-8000-123456789002,CNJ,Cipta Cianjur,15000.0,0.0,0.0,0.0,15000.0,15000.0,0.0,15000.0,0.0,0.0,100.0,2026-03-31 20:01:00,2026-03-31 20:01:00,,,-1.0,-1.0,0,0,False,Paid - On Time/Early,1,1,CNJ-BCA,BCA 2201,paid,ENTRY,0,,0,0,0,,2026-10-03 07:00:00,paid,AGEN,15000.0,15000.0,15000.0,0.0,0.0,True,False,0.0,Payment date earlier than invoice date,Settled,External Customer,False
019d43c2-a8f2-73a3-88c2-bf7d5e4a4705,CJYR2603310016,2026-04-01 01:47:00.000,2026-04-01 02:47:00.000,paid,,019c1d66-6da6-722a-a5d5-b4efebdf82ad,USR000228,A Dedy (A Dedy),EU,END USER,019490f2-0002-7000-8000-123456789002,CNJ,Cipta Cianjur,75000.0,0.0,0.0,0.0,75000.0,75000.0,0.0,75000.0,0.0,0.0,100.0,2026-03-31 18:59:00,2026-03-31 18:59:00,,,-1.0,-1.0,0,0,False,Paid - On Time/Early,1,1,CNJ-CIB,Cash in Box,paid,ENTRY,0,,0,0,0,,2026-10-03 07:00:00,paid,END USER,75000.0,75000.0,75000.0,0.0,0.0,True,False,0.0,Payment date earlier than invoice date,Settled,External Customer,False
019d43c6-b752-7171-930b-d9ef0c28b0bc,CJYR2603310017,2026-04-01 01:47:00.000,2026-04-01 02:47:00.000,paid,,019c1d66-6da6-722a-a5d6-71f90c61de17,USR000275,A Ridwan (A Ridwan),EU,END USER,019490f2-0002-7000-8000-123456789002,CNJ,Cipta Cianjur,40000.0,0.0,0.0,0.0,40000.0,40000.0,0.0,40000.0,0.0,0.0,100.0,2026-03-31 19:03:00,2026-03-31 19:03:00,,,-1.0,-1.0,0,0,False,Paid - On Time/Early,1,1,CNJ-CIB,Cash in Box,paid,ENTRY,0,,0,0,0,,2026-10-03 07:00:00,paid,END USER,40000.0,40000.0,40000.0,0.0,0.0,True,False,0.0,Payment date earlier than invoice date,Settled,External Customer,False
019d43d2-8a7d-77c1-9196-0c30b4d0bfa4,PKJA2603310015,2026-04-01 01:50:00.000,2026-04-01 02:50:00.000,paid,,019b91a5-4e42-73a9-8ac2-838645e86445,UMK0499,Roni (Roni),UMKM,UMKM,019b8a09-0bf8-7497-98a0-86a53a78e02f,PWK,Cipta Purwakarta,40000.0,0.0,0.0,0.0,40000.0,40000.0,0.0,40000.0,0.0,0.0,100.0,2026-03-31 19:18:00,2026-03-31 19:18:00,,,-1.0,-1.0,0,0,False,Paid - On Time/Early,1,1,PWK-BCA,BCA PWK,paid,ENTRY,0,,0,0,0,,2026-10-03 07:00:00,paid,UMKM,40000.0,40000.0,40000.0,0.0,0.0,True,False,0.0,Payment date earlier than invoice date,Settled,External Customer,False
019d43d6-68c7-7420-9b04-f5400df21847,CJFA2603310012,2026-04-01 01:11:00.000,2026-04-01 02:11:00.000,paid,,019c1d69-ca88-74ed-824c-8fd6f121e566,USR000629,Hilal Hamdi,EU,END USER,019490f2-0002-7000-8000-123456789002,CNJ,Cipta Cianjur,70000.0,0.0,0.0,0.0,70000.0,70000.0,0.0,70000.0,0.0,0.0,100.0,2026-03-31 19:30:00,2026-03-31 19:30:00,,,-1.0,-1.0,0,0,False,Paid - On Time/Early,1,1,CNJ-BCA,BCA 2201,paid,ENTRY,0,,0,0,0,,2026-10-03 07:00:00,paid,END USER,70000.0,70000.0,70000.0,0.0,0.0,True,False,0.0,Payment date earlier than invoice date,Settled,External Customer,False
019d43f1-3797-776d-b3f7-a5d3e1f6e0db,CGRD2603310007,2026-04-01 02:30:00.000,2026-04-01 03:30:00.000,paid,,019b9e2f-167a-7126-9181-111380d6ca43,EU2524,Dhila Rahma Safira,EU,END USER,019490f2-0003-7000-8000-123456789003,CG,Cipta Digital,150000.0,0.0,0.0,0.0,150000.0,150000.0,0.0,150000.0,0.0,0.0,100.0,2026-03-31 19:53:00,2026-03-31 19:53:00,,,-1.0,-1.0,0,0,False,Paid - On Time/Early,1,1,CG-QRIS,QRIS BCA,paid,ENTRY,0,,0,0,0,,2026-10-03 07:00:00,paid,END USER,150000.0,150000.0,150000.0,0.0,0.0,True,False,0.0,Payment date earlier than invoice date,Settled,External Customer,False
019d4406-63a8-71dd-aacf-50e3fed31f37,PKJA2603310017,2026-04-01 01:50:00.000,2026-04-01 02:50:00.000,paid,,019b91a7-6a0c-7497-8320-b32bcd982945,USR01511,Dera (Dera),EU,END USER,019b8a09-0bf8-7497-98a0-86a53a78e02f,PWK,Cipta Purwakarta,15000.0,0.0,0.0,0.0,15000.0,15000.0,0.0,15000.0,0.0,0.0,100.0,2026-03-31 20:12:00,2026-03-31 20:12:00,,,-1.0,-1.0,0,0,False,Paid - On Time/Early,1,1,PWK-CIB,Cash in Box,paid,ENTRY,0,,0,0,0,,2026-10-03 07:00:00,paid,END USER,15000.0,15000.0,15000.0,0.0,0.0,True,False,0.0,Payment date earlier than invoice date,Settled,External Customer,False
019d48bd-4695-705e-bd6d-cc99e96d2e7d,PKJA2604010028,2026-04-02 01:08:00.000,2026-04-02 02:08:00.000,paid,,019b91a5-4e40-7661-9515-f03f379b69b7,UMK0044,Asep (Asep),UMKM,UMKM,019b8a09-0bf8-7497-98a0-86a53a78e02f,PWK,Cipta Purwakarta,950000.0,0.0,0.0,0.0,950000.0,950000.0,0.0,950000.0,0.0,0.0,100.0,2026-04-01 18:11:00,2026-04-02 19:29:00,,,-1.0,0.0,0,0,False,Paid - On Time/Early,2,1,PWK-BCA,BCA PWK,"dp, paid",ENTRY,0,,0,0,0,,2026-10-03 07:00:00,paid,UMKM,950000.0,950000.0,950000.0,0.0,0.0,True,False,0.0,Payment date earlier than invoice date,Settled,External Customer,True
019d48ca-1985-7404-bce4-4703a5a1446a,GRDN2604010021,2026-04-02 00:31:00.000,2026-04-02 01:31:00.000,dp,,019d48c5-feb9-72cc-bafa-71c94c6151fc,USR000104,Deni Kuriawan,EU,END USER,019490f2-0000-7000-8000-123456789000,GRH,Cipta Graha,935000.0,0.0,0.0,0.0,935000.0,500000.0,0.0,500000.0,435000.0,0.0,53.48,2026-04-01 18:50:00,2026-04-01 18:50:00,,,-1.0,,0,184,True,Partially Paid - Overdue,1,1,GRH-FTN,BCA Graha (Fathan),dp,ENTRY,0,,0,0,0,,2026-10-03 07:00:00,dp,END USER,935000.0,500000.0,500000.0,435000.0,0.0,False,True,435000.0,Payment date earlier than invoice date,90+ Days,External Customer,False
019d48ca-579c-74ef-a448-22e54d02a713,PKJA2604010029,2026-04-02 01:08:00.000,2026-04-02 02:08:00.000,paid,,019b91a7-6a0a-74e8-97c4-7870a7dd9708,USR00978,Bobi (Bobi),EU,END USER,019b8a09-0bf8-7497-98a0-86a53a78e02f,PWK,Cipta Purwakarta,14000.0,0.0,0.0,0.0,14000.0,14000.0,0.0,14000.0,0.0,0.0,100.0,2026-04-01 18:31:00,2026-04-01 18:31:00,,,-1.0,-1.0,0,0,False,Paid - On Time/Early,1,1,PWK-CIB,Cash in Box,paid,ENTRY,0,,0,0,0,,2026-10-03 07:00:00,paid,END USER,14000.0,14000.0,14000.0,0.0,0.0,True,False,0.0,Payment date earlier than invoice date,Settled,External Customer,False
019d48df-001a-726e-a0b0-23c3a2c6ee1b,OLLS2604010007,2026-04-02 01:46:00.000,2026-04-02 02:46:00.000,paid,,019d48de-6681-70da-86b7-1da098946600,USR000477,Ais Nurkamilah,EU,END USER,019ab8e3-cb41-7087-92ab-c7596e6780f4,OL,Cipta Online,75000.0,0.0,0.0,0.0,75000.0,75000.0,0.0,75000.0,0.0,0.0,100.0,2026-04-01 19:47:00,2026-04-01 19:47:00,,,-1.0,-1.0,0,0,False,Paid - On Time/Early,1,1,OL-FDL,BCA Online,paid,ENTRY,0,,0,0,0,,2026-10-03 07:00:00,paid,END USER,75000.0,75000.0,75000.0,0.0,0.0,True,False,0.0,Payment date earlier than invoice date,Settled,External Customer,False
019d4beb-803e-7138-8f4e-debb1dfbcbd1,PKJA2604020001,2026-04-03 04:11:00.000,2026-04-03 17:08:00.000,paid,,019b91a5-4e42-73a9-8abf-6f2404aa5344,UMK0302,Dian (Dian),UMKM,UMKM,019b8a09-0bf8-7497-98a0-86a53a78e02f,PWK,Cipta Purwakarta,44000.0,0.0,0.0,0.0,44000.0,44000.0,0.0,44000.0,0.0,0.0,100.0,2026-04-02 10:23:00,2026-04-02 10:23:00,,,-1.0,-1.0,0,0,False,Paid - On Time/Early,1,1,PWK-BCA,BCA PWK,paid,ENTRY,0,,0,0,0,,2026-10-03 07:00:00,paid,UMKM,44000.0,44000.0,44000.0,0.0,0.0,True,False,0.0,Payment date earlier than invoice date,Settled,External Customer,False
019d4c94-bbd5-749f-a1cb-5aa8ca51391c,PKAS2604020002,2026-04-02 19:04:00.000,2026-04-03 18:46:00.000,paid,4502345731,019b91a5-4e3d-702c-bb5c-b25d99ca7535,IND0019,Pt Prysmian Cables Indonesia,INDUSTRI,INDUSTRI,019b8a09-0bf8-7497-98a0-86a53a78e02f,PWK,Cipta Purwakarta,2670000.0,0.0,293700.0,0.0,2963700.0,2963700.0,0.0,2963700.0,0.0,0.0,100.0,2026-02-28 14:46:00,2026-02-28 14:46:00,,,-33.0,-33.0,0,0,False,Paid - On Time/Early,1,1,PWK-BCA,BCA PWK,paid,ENTRY,0,,0,0,0,,2026-10-03 07:00:00,paid,INDUSTRI,2963700.0,2963700.0,2963700.0,0.0,0.0,True,False,0.0,Payment date earlier than invoice date,Settled,External Customer,False
019d4dc7-1816-707d-b7d2-8073b3790775,PKAS2604020008,2026-04-03 00:39:00.000,2026-04-03 19:37:00.000,paid,,019b91a5-4e42-73a9-8ac2-647853950d36,UMK0492,Rifky (Rifky),UMKM,UMKM,019b8a09-0bf8-7497-98a0-86a53a78e02f,PWK,Cipta Purwakarta,188000.0,0.0,0.0,0.0,188000.0,188000.0,0.0,188000.0,0.0,0.0,100.0,2026-04-02 17:39:00,2026-04-02 17:39:00,,,-1.0,-1.0,0,0,False,Paid - On Time/Early,1,1,PWK-BCA,BCA PWK,paid,ENTRY,0,,0,0,0,,2026-10-03 07:00:00,paid,UMKM,188000.0,188000.0,188000.0,0.0,0.0,True,False,0.0,Payment date earlier than invoice date,Settled,External Customer,False
019d4e25-838f-72d8-ac62-081670d7db73,CGNM2604020018,2026-04-03 01:28:00.000,2026-04-03 02:28:00.000,paid,,019b9e27-67f0-7080-9a22-6a5d4c9b1f77,EU0353,Pajero Stylepham,EU,END USER,019490f2-0003-7000-8000-123456789003,CG,Cipta Digital,18000.0,0.0,0.0,0.0,18000.0,18000.0,0.0,18000.0,0.0,0.0,100.0,2026-04-02 19:23:00,2026-04-02 19:23:00,,,-1.0,-1.0,0,0,False,Paid - On Time/Early,1,1,CG-CIB,Cash in Box,paid,ENTRY,0,,0,0,0,,2026-10-03 07:00:00,paid,END USER,18000.0,18000.0,18000.0,0.0,0.0,True,False,0.0,Payment date earlier than invoice date,Settled,External Customer,False
019d4e38-0e73-745a-bb6d-a2605e435a9c,CGNM2604020019,2026-04-03 01:28:00.000,2026-04-03 02:28:00.000,paid,,019c2d67-f169-706b-87d1-001cb1da2580,CST37102685,Chandra Budi,UMKM,UMKM,019490f2-0003-7000-8000-123456789003,CG,Cipta Digital,20000.0,0.0,0.0,0.0,20000.0,20000.0,0.0,20000.0,0.0,0.0,100.0,2026-04-02 19:44:00,2026-04-02 19:44:00,,,-1.0,-1.0,0,0,False,Paid - On Time/Early,1,1,CG-JZM,BCA Jazmi Hamzah,paid,ENTRY,0,,0,0,0,,2026-10-03 07:00:00,paid,UMKM,20000.0,20000.0,20000.0,0.0,0.0,True,False,0.0,Payment date earlier than invoice date,Settled,External Customer,False
019d4e59-b222-7386-b156-2830f2ea5c57,CGNM2604020021,2026-04-03 03:05:00.000,2026-04-03 04:05:00.000,paid,,019d4ca2-9e9a-7188-8b57-f3343c2533af,USR000256,Yadi Isman,EU,END USER,019490f2-0003-7000-8000-123456789003,CG,Cipta Digital,20000.0,0.0,0.0,0.0,20000.0,20000.0,0.0,20000.0,0.0,0.0,100.0,2026-04-02 20:20:00,2026-04-02 20:20:00,,,-1.0,-1.0,0,0,False,Paid - On Time/Early,1,1,CG-JZM,BCA Jazmi Hamzah,paid,ENTRY,0,,0,0,0,,2026-10-03 07:00:00,paid,END USER,20000.0,20000.0,20000.0,0.0,0.0,True,False,0.0,Payment date earlier than invoice date,Settled,External Customer,False
019d512a-a110-7072-b5af-1e4f26ff2e7f,OLMR2604030001,2026-04-04 00:11:00.000,2026-04-04 01:11:00.000,paid,,019d5125-d916-75e1-98d8-7b57cbb84e2c,USR000482,Herstore Karawang,EU,END USER,019ab8e3-cb41-7087-92ab-c7596e6780f4,OL,Cipta Online,262000.0,0.0,0.0,0.0,262000.0,262000.0,0.0,262000.0,0.0,0.0,100.0,2026-04-03 13:52:00,2026-04-03 15:16:00,,,-1.0,-1.0,0,0,False,Paid - On Time/Early,2,1,OL-OFC,BCA Cipta Office,paid,ENTRY,0,,0,0,0,,2026-10-03 07:00:00,paid,END USER,262000.0,262000.0,262000.0,0.0,0.0,True,False,0.0,Payment date earlier than invoice date,Settled,External Customer,False
019d5201-b3a5-715e-9219-0357819f35f1,OLMR2604030002,2026-04-04 00:11:00.000,2026-04-04 01:11:00.000,paid,,019b8dd4-9b01-7266-b335-2087318f05d4,USR0490,Vivi Modiz,EU,END USER,019ab8e3-cb41-7087-92ab-c7596e6780f4,OL,Cipta Online,200000.0,0.0,0.0,0.0,200000.0,200000.0,0.0,200000.0,0.0,0.0,100.0,2026-04-03 14:01:00,2026-04-04 14:44:00,,,-1.0,0.0,0,0,False,Paid - On Time/Early,2,2,"OL-FDL, OL-OFC","BCA Cipta Office, BCA Online",paid,ENTRY,0,,0,0,0,,2026-10-03 07:00:00,paid,END USER,200000.0,200000.0,200000.0,0.0,0.0,True,False,0.0,Payment date earlier than invoice date,Settled,External Customer,True
019d52d8-855e-77b5-9567-fa0a7fd47c63,PKJA2604030013,2026-04-04 00:16:00.000,2026-04-04 01:16:00.000,paid,,019b91a5-4e42-73a9-8abf-0a94f02f4cd7,UMK0277,Andre (Andre),UMKM,UMKM,019b8a09-0bf8-7497-98a0-86a53a78e02f,PWK,Cipta Purwakarta,13000.0,0.0,0.0,0.0,13000.0,13000.0,0.0,13000.0,0.0,0.0,100.0,2026-04-03 17:18:00,2026-04-03 17:18:00,,,-1.0,-1.0,0,0,False,Paid - On Time/Early,1,1,PWK-CIB,Cash in Box,paid,ENTRY,0,,0,0,0,,2026-10-03 07:00:00,paid,UMKM,13000.0,13000.0,13000.0,0.0,0.0,True,False,0.0,Payment date earlier than invoice date,Settled,External Customer,False
019d52df-ee90-70d6-b4c6-ebe091d6c709,PKJA2604030014,2026-04-04 00:16:00.000,2026-04-04 03:16:00.000,paid,,019b91a7-6a0d-71db-81f8-2f2178033e2a,USR01710,Ludianto (Ludianto),EU,END USER,019b8a09-0bf8-7497-98a0-86a53a78e02f,PWK,Cipta Purwakarta,53000.0,0.0,0.0,0.0,53000.0,53000.0,0.0,53000.0,0.0,0.0,100.0,2026-04-03 17:25:00,2026-04-03 17:25:00,,,-1.0,-1.0,0,0,False,Paid - On Time/Early,1,1,PWK-BCA,BCA PWK,paid,ENTRY,0,,0,0,0,,2026-10-03 07:00:00,paid,END USER,53000.0,53000.0,53000.0,0.0,0.0,True,False,0.0,Payment date earlier than invoice date,Settled,External Customer,False
019d5313-0b5d-74fd-a2f4-a1de462ebba6,PKJA2604030016,2026-04-04 00:16:00.000,2026-04-04 01:16:00.000,paid,,019b91a5-4e40-7661-9516-1a6d7e804659,UMK0054,Ani (Ani),UMKM,UMKM,019b8a09-0bf8-7497-98a0-86a53a78e02f,PWK,Cipta Purwakarta,10000.0,0.0,0.0,0.0,10000.0,10000.0,0.0,10000.0,0.0,0.0,100.0,2026-04-03 18:20:00,2026-04-03 18:20:00,,,-1.0,-1.0,0,0,False,Paid - On Time/Early,1,1,PWK-CIB,Cash in Box,paid,ENTRY,0,,0,0,0,,2026-10-03 07:00:00,paid,UMKM,10000.0,10000.0,10000.0,0.0,0.0,True,False,0.0,Payment date earlier than invoice date,Settled,External Customer,False
019d5320-3b49-747a-865f-853a64754ca4,PKAB2604030005,2026-04-04 01:35:00.000,2026-04-04 02:34:00.000,paid,,019d520c-f972-7708-9113-6a4d01a92c63,USR000283,M. Wahyudin,EU,END USER,019b8a09-0bf8-7497-98a0-86a53a78e02f,PWK,Cipta Purwakarta,1000000.0,0.0,0.0,0.0,1000000.0,1000000.0,0.0,1000000.0,0.0,0.0,100.0,2026-04-03 18:35:00,2026-04-03 18:35:00,,,-1.0,-1.0,0,0,False,Paid - On Time/Early,1,1,PWK-MDR,Mandiri Purwakarta,paid,ENTRY,0,,0,0,0,,2026-10-03 07:00:00,paid,END USER,1000000.0,1000000.0,1000000.0,0.0,0.0,True,False,0.0,Payment date earlier than invoice date,Settled,External Customer,False
019d5330-cc3a-72a1-b7ff-8c86924ce14a,PKJA2604030018,2026-04-04 00:16:00.000,2026-04-04 01:16:00.000,paid,,019b91a7-6a0b-747a-9c29-a82067f1ed74,USR01283,Dzikri (Dzikri),EU,END USER,019b8a09-0bf8-7497-98a0-86a53a78e02f,PWK,Cipta Purwakarta,20000.0,0.0,0.0,0.0,20000.0,20000.0,0.0,20000.0,0.0,0.0,100.0,2026-04-03 18:53:00,2026-04-03 18:53:00,,,-1.0,-1.0,0,0,False,Paid - On Time/Early,1,1,PWK-CIB,Cash in Box,paid,ENTRY,0,,0,0,0,,2026-10-03 07:00:00,paid,END USER,20000.0,20000.0,20000.0,0.0,0.0,True,False,0.0,Payment date earlier than invoice date,Settled,External Customer,False
019d5345-8014-713b-8588-11454c044044,CGSB2604030006,2026-04-04 02:14:00.000,2026-04-04 03:14:00.000,paid,,019d519d-4901-73f9-b96a-fe1e8b056042,INS000197,Pt Anas Zaen,INSTANSI,INSTANSI,019490f2-0003-7000-8000-123456789003,CG,Cipta Digital,40000.0,0.0,0.0,0.0,40000.0,40000.0,0.0,40000.0,0.0,0.0,100.0,2026-04-03 19:42:00,2026-04-03 19:42:00,,,-1.0,-1.0,0,0,False,Paid - On Time/Early,1,1,CG-JZM,BCA Jazmi Hamzah,paid,ENTRY,0,,0,0,0,,2026-10-03 07:00:00,paid,INSTANSI,40000.0,40000.0,40000.0,0.0,0.0,True,False,0.0,Payment date earlier than invoice date,Settled,External Customer,False
019d5349-d6aa-70b9-b7b4-92ec1e29eaf2,PKAB2604030006,2026-04-04 01:34:00.000,2026-04-04 02:34:00.000,paid,,019b91a5-4e43-76fd-ab9e-5806e9f4df64,UMK0575,Putri (Putri),UMKM,UMKM,019b8a09-0bf8-7497-98a0-86a53a78e02f,PWK,Cipta Purwakarta,11000.0,0.0,0.0,0.0,11000.0,11000.0,0.0,11000.0,0.0,0.0,100.0,2026-04-03 19:33:00,2026-04-03 19:33:00,,,-1.0,-1.0,0,0,False,Paid - On Time/Early,1,1,PWK-CIB,Cash in Box,paid,ENTRY,0,,0,0,0,,2026-10-03 07:00:00,paid,UMKM,11000.0,11000.0,11000.0,0.0,0.0,True,False,0.0,Payment date earlier than invoice date,Settled,External Customer,False
019d534b-ad39-765f-aa6d-5213de5f9553,PKAB2604030007,2026-04-04 01:34:00.000,2026-04-04 02:34:00.000,paid,,019b91a7-6a0b-747a-9c2a-130fbbde14a7,USR01309,Aca (Aca),EU,END USER,019b8a09-0bf8-7497-98a0-86a53a78e02f,PWK,Cipta Purwakarta,50000.0,0.0,0.0,0.0,50000.0,50000.0,0.0,50000.0,0.0,0.0,100.0,2026-04-03 19:22:00,2026-04-03 19:22:00,,,-1.0,-1.0,0,0,False,Paid - On Time/Early,1,1,PWK-CIB,Cash in Box,paid,ENTRY,0,,0,0,0,,2026-10-03 07:00:00,paid,END USER,50000.0,50000.0,50000.0,0.0,0.0,True,False,0.0,Payment date earlier than invoice date,Settled,External Customer,False
019d5362-fe7e-746b-bcfd-2490a38110d1,PKAB2604030009,2026-04-04 01:34:00.000,2026-04-04 02:34:00.000,paid,,019cd0a5-0318-74fc-94a4-9e1763a16170,USR000183,Risma Cake Cookies,EU,END USER,019b8a09-0bf8-7497-98a0-86a53a78e02f,PWK,Cipta Purwakarta,102000.0,0.0,0.0,0.0,102000.0,102000.0,0.0,102000.0,0.0,0.0,100.0,2026-04-03 19:55:00,2026-04-03 19:55:00,,,-1.0,-1.0,0,0,False,Paid - On Time/Early,1,1,PWK-BCA,BCA PWK,paid,ENTRY,0,,0,0,0,,2026-10-03 07:00:00,paid,END USER,102000.0,102000.0,102000.0,0.0,0.0,True,False,0.0,Payment date earlier than invoice date,Settled,External Customer,False
019d5c80-0520-700e-a222-7ff617988ac2,CGNM2604050016,2026-04-06 17:09:00.000,2026-04-07 18:09:00.000,paid,,019b9dc5-25d1-70de-bfdb-aa1572a4c3d6,IND0197,PT Maha Karya Reksawarga,INDUSTRI,INDUSTRI,019490f2-0003-7000-8000-123456789003,CG,Cipta Digital,311000.0,0.0,34210.0,0.0,345210.0,345210.0,0.0,345210.0,0.0,0.0,100.0,2026-04-05 14:32:00,2026-04-05 14:32:00,,,-1.0,-1.0,0,0,False,Paid - On Time/Early,1,1,CG-JZM,BCA Jazmi Hamzah,paid,ENTRY,0,,0,0,0,,2026-10-03 07:00:00,paid,INDUSTRI,345210.0,345210.0,345210.0,0.0,0.0,True,False,0.0,Payment date earlier than invoice date,Settled,External Customer,False
019d6256-0002-7602-9076-26f6ae8091b0,CGDP2604060015,2026-04-07 00:19:00.000,2026-04-07 01:19:00.000,paid,,019d6254-b239-72fe-969a-6da9c04577d2,UMK000463,Ku Hanun,UMKM,UMKM,019490f2-0003-7000-8000-123456789003,CG,Cipta Digital,7500.0,0.0,0.0,0.0,7500.0,7500.0,0.0,7500.0,0.0,0.0,100.0,2026-04-06 17:28:00,2026-04-06 17:28:00,,,-1.0,-1.0,0,0,False,Paid - On Time/Early,1,1,CG-CIB,Cash in Box,paid,ENTRY,0,,0,0,0,,2026-10-03 07:00:00,paid,UMKM,7500.0,7500.0,7500.0,0.0,0.0,True,False,0.0,Payment date earlier than invoice date,Settled,External Customer,False
019d6257-1a22-7498-ac75-7305988322a6,OLAW2604060007,2026-04-07 00:23:00.000,2026-04-07 02:23:00.000,paid,,019d624d-b46f-7178-9d7d-bd9af460fc6e,USR000500,Pt. Dame Alam Sejahtera,EU,END USER,019ab8e3-cb41-7087-92ab-c7596e6780f4,OL,Cipta Online,371000.0,0.0,0.0,0.0,371000.0,371000.0,0.0,371000.0,0.0,0.0,100.0,2026-04-06 17:41:00,2026-04-06 20:32:00,,,-1.0,-1.0,0,0,False,Paid - On Time/Early,2,1,OL-FDL,BCA Online,paid,ENTRY,0,,0,0,0,,2026-10-03 07:00:00,paid,END USER,371000.0,371000.0,371000.0,0.0,0.0,True,False,0.0,Payment date earlier than invoice date,Settled,External Customer,False
019d6298-93cd-7106-94b3-4d10b775d897,CGDP2604060016,2026-04-07 00:19:00.000,2026-04-07 01:19:00.000,paid,,019d6297-e1fd-7549-b59e-7600e15308cf,UMK000464,Roy Setiawan,UMKM,UMKM,019490f2-0003-7000-8000-123456789003,CG,Cipta Digital,34000.0,0.0,0.0,0.0,34000.0,34000.0,0.0,34000.0,0.0,0.0,100.0,2026-04-06 18:42:00,2026-04-06 18:42:00,,,-1.0,-1.0,0,0,False,Paid - On Time/Early,1,1,CG-JZM,BCA Jazmi Hamzah,paid,ENTRY,0,,0,0,0,,2026-10-03 07:00:00,paid,UMKM,34000.0,34000.0,34000.0,0.0,0.0,True,False,0.0,Payment date earlier than invoice date,Settled,External Customer,False
019d629a-1caf-777c-afe8-b9a5c956e652,PKJA2604060021,2026-04-07 01:31:00.000,2026-04-07 02:31:00.000,paid,,019b91a7-6a0f-728f-88a1-120ac7f918d4,USR02003,Felis (Felis),EU,END USER,019b8a09-0bf8-7497-98a0-86a53a78e02f,PWK,Cipta Purwakarta,8000.0,0.0,0.0,0.0,8000.0,8000.0,0.0,8000.0,0.0,0.0,100.0,2026-04-06 19:46:00,2026-04-06 19:46:00,,,-1.0,-1.0,0,0,False,Paid - On Time/Early,1,1,PWK-BCA,BCA PWK,paid,ENTRY,0,,0,0,0,,2026-10-03 07:00:00,paid,END USER,8000.0,8000.0,8000.0,0.0,0.0,True,False,0.0,Payment date earlier than invoice date,Settled,External Customer,False
019d62a7-8e69-753e-bcc7-b0f179e0aac4,PKJA2604060022,2026-04-07 01:31:00.000,2026-04-07 02:31:00.000,paid,,019d62a6-2bf3-713c-a674-d161f0032fa0,USR000301,Afni A.,EU,END USER,019b8a09-0bf8-7497-98a0-86a53a78e02f,PWK,Cipta Purwakarta,48000.0,0.0,0.0,0.0,48000.0,48000.0,0.0,48000.0,0.0,0.0,100.0,2026-04-06 19:02:00,2026-04-06 19:02:00,,,-1.0,-1.0,0,0,False,Paid - On Time/Early,1,1,PWK-BCA,BCA PWK,paid,ENTRY,0,,0,0,0,,2026-10-03 07:00:00,paid,END USER,48000.0,48000.0,48000.0,0.0,0.0,True,False,0.0,Payment date earlier than invoice date,Settled,External Customer,False
019d62c9-94cd-771d-a616-81e635ba74e2,PKJA2604060024,2026-04-07 02:04:00.000,2026-04-07 03:04:00.000,paid,,019b91a7-6a0a-74e8-97c4-7870a7dd9708,USR00978,Bobi (Bobi),EU,END USER,019b8a09-0bf8-7497-98a0-86a53a78e02f,PWK,Cipta Purwakarta,14000.0,0.0,0.0,0.0,14000.0,14000.0,0.0,14000.0,0.0,0.0,100.0,2026-04-06 19:44:00,2026-04-06 19:44:00,,,-1.0,-1.0,0,0,False,Paid - On Time/Early,1,1,PWK-BCA,BCA PWK,paid,ENTRY,0,,0,0,0,,2026-10-03 07:00:00,paid,END USER,14000.0,14000.0,14000.0,0.0,0.0,True,False,0.0,Payment date earlier than invoice date,Settled,External Customer,False
019d62e6-00f1-71f3-8cdc-e331ccf5d1e3,PKJA2604060025,2026-04-07 02:04:00.000,2026-04-07 03:04:00.000,paid,,019d62e4-4514-7195-859f-b55e2d8137f8,USR000302,Akash A.,EU,END USER,019b8a09-0bf8-7497-98a0-86a53a78e02f,PWK,Cipta Purwakarta,20000.0,0.0,0.0,0.0,20000.0,20000.0,0.0,20000.0,0.0,0.0,100.0,2026-04-06 20:07:00,2026-04-06 20:07:00,,,-1.0,-1.0,0,0,False,Paid - On Time/Early,1,1,PWK-BCA,BCA PWK,paid,ENTRY,0,,0,0,0,,2026-10-03 07:00:00,paid,END USER,20000.0,20000.0,20000.0,0.0,0.0,True,False,0.0,Payment date earlier than invoice date,Settled,External Customer,False
019d676b-d3b2-717c-a239-74661ca0656a,CGPJ2604070008,2026-04-08 00:06:00.000,2026-04-08 01:06:00.000,paid,,019c16aa-159b-74f9-bf4b-245f7f58dc0b,USR000044,Muhammad Husein,EU,END USER,019490f2-0003-7000-8000-123456789003,CG,Cipta Digital,1500000.0,0.0,0.0,0.0,1500000.0,1500000.0,0.0,1500000.0,0.0,0.0,100.0,2026-04-07 17:14:00,2026-04-07 17:14:00,,,-1.0,-1.0,0,0,False,Paid - On Time/Early,1,1,CG-JZM,BCA Jazmi Hamzah,paid,ENTRY,0,,0,0,0,,2026-10-03 07:00:00,paid,END USER,1500000.0,1500000.0,1500000.0,0.0,0.0,True,False,0.0,Payment date earlier than invoice date,Settled,External Customer,False
019d677b-b8b1-7018-b5f6-c78b60acba74,CGPJ2604070009,2026-04-08 00:06:00.000,2026-04-08 01:06:00.000,paid,,019c16aa-159b-74f9-bf4b-245f7f58dc0b,USR000044,Muhammad Husein,EU,END USER,019490f2-0003-7000-8000-123456789003,CG,Cipta Digital,1406000.0,0.0,0.0,0.0,1406000.0,1406000.0,0.0,1406000.0,0.0,0.0,100.0,2026-04-07 17:41:00,2026-04-07 17:41:00,,,-1.0,-1.0,0,0,False,Paid - On Time/Early,1,1,CG-JZM,BCA Jazmi Hamzah,paid,ENTRY,0,,0,0,0,,2026-10-03 07:00:00,paid,END USER,1406000.0,1406000.0,1406000.0,0.0,0.0,True,False,0.0,Payment date earlier than invoice date,Settled,External Customer,False
019d6787-b500-756b-bf0c-c14f0c84a9fc,PKJA2604070018,2026-04-08 00:16:00.000,2026-04-08 01:16:00.000,paid,,019d6787-1d5a-734c-8ccb-2039fe422d20,USR000306,Rizik Muhammad,EU,END USER,019b8a09-0bf8-7497-98a0-86a53a78e02f,PWK,Cipta Purwakarta,50000.0,0.0,0.0,0.0,50000.0,50000.0,0.0,50000.0,0.0,0.0,100.0,2026-04-07 17:40:00,2026-04-07 17:40:00,,,-1.0,-1.0,0,0,False,Paid - On Time/Early,1,1,PWK-CIB,Cash in Box,paid,ENTRY,0,,0,0,0,,2026-10-03 07:00:00,paid,END USER,50000.0,50000.0,50000.0,0.0,0.0,True,False,0.0,Payment date earlier than invoice date,Settled,External Customer,False
019d6798-3a83-749c-8e03-deaba2a5f7e3,GRDN2604070020,2026-04-08 00:38:00.000,2026-04-08 01:38:00.000,paid,,019b8c17-2594-7410-846a-334368c7b004,USR0990,ARMAN (ARMAN),EU,END USER,019490f2-0000-7000-8000-123456789000,GRH,Cipta Graha,24000.0,0.0,0.0,0.0,24000.0,24000.0,0.0,24000.0,0.0,0.0,100.0,2026-04-07 18:11:00,2026-04-07 18:11:00,,,-1.0,-1.0,0,0,False,Paid - On Time/Early,1,1,GRH-CIB,Cash in Box,paid,ENTRY,0,,0,0,0,,2026-10-03 07:00:00,paid,END USER,24000.0,24000.0,24000.0,0.0,0.0,True,False,0.0,Payment date earlier than invoice date,Settled,External Customer,False
019d679e-d2db-777e-8e0e-63b555e05cb5,GRDN2604070021,2026-04-08 00:38:00.000,2026-04-08 01:38:00.000,paid,,019d679e-2ff8-7732-a1cc-986153f0dd1d,USR000120,Eggi Cheisar,EU,END USER,019490f2-0000-7000-8000-123456789000,GRH,Cipta Graha,66000.0,0.0,0.0,0.0,66000.0,66000.0,0.0,66000.0,0.0,0.0,100.0,2026-04-07 18:11:00,2026-04-07 18:11:00,,,-1.0,-1.0,0,0,False,Paid - On Time/Early,1,1,GRH-CIB,Cash in Box,paid,ENTRY,0,,0,0,0,,2026-10-03 07:00:00,paid,END USER,66000.0,66000.0,66000.0,0.0,0.0,True,False,0.0,Payment date earlier than invoice date,Settled,External Customer,False
019d67a0-75a9-734c-a51b-beee074285f6,GRDN2604070022,2026-04-08 00:38:00.000,2026-04-08 01:38:00.000,paid,,019b8c17-258d-70a9-80b2-7cf84e58d937,USR0195,Irwanto (Irwanto),EU,END USER,019490f2-0000-7000-8000-123456789000,GRH,Cipta Graha,65000.0,0.0,0.0,0.0,65000.0,65000.0,0.0,65000.0,0.0,0.0,100.0,2026-04-07 18:10:00,2026-04-07 18:10:00,,,-1.0,-1.0,0,0,False,Paid - On Time/Early,1,1,GRH-CIB,Cash in Box,paid,ENTRY,0,,0,0,0,,2026-10-03 07:00:00,paid,END USER,65000.0,65000.0,65000.0,0.0,0.0,True,False,0.0,Payment date earlier than invoice date,Settled,External Customer,False
019d67af-9c60-75eb-8302-6df633cf534d,CGRD2604070009,2026-04-08 01:20:00.000,2026-04-08 02:20:00.000,paid,,019b9e33-a447-734c-a6ff-6956dee555fa,EU4331,Novi Sandi,EU,END USER,019490f2-0003-7000-8000-123456789003,CG,Cipta Digital,7000.0,0.0,0.0,0.0,7000.0,7000.0,0.0,7000.0,0.0,0.0,100.0,2026-04-07 18:24:00,2026-04-07 18:24:00,,,-1.0,-1.0,0,0,False,Paid - On Time/Early,1,1,CG-QRIS,QRIS BCA,paid,ENTRY,0,,0,0,0,,2026-10-03 07:00:00,paid,END USER,7000.0,7000.0,7000.0,0.0,0.0,True,False,0.0,Payment date earlier than invoice date,Settled,External Customer,False
019d67c8-d831-705f-b55d-1b32f1e3d383,PKJA2604070019,2026-04-08 00:16:00.000,2026-04-08 01:16:00.000,paid,,019d42b3-9615-73e5-9a95-0afa50dcbf5e,USR000270,Naia Ap,EU,END USER,019b8a09-0bf8-7497-98a0-86a53a78e02f,PWK,Cipta Purwakarta,20000.0,0.0,0.0,0.0,20000.0,20000.0,0.0,20000.0,0.0,0.0,100.0,2026-04-07 18:55:00,2026-04-07 18:55:00,,,-1.0,-1.0,0,0,False,Paid - On Time/Early,1,1,PWK-BCA,BCA PWK,paid,ENTRY,0,,0,0,0,,2026-10-03 07:00:00,paid,END USER,20000.0,20000.0,20000.0,0.0,0.0,True,False,0.0,Payment date earlier than invoice date,Settled,External Customer,False
019d67d0-cfc1-7238-9e3e-f2df3209a8ab,CJFU2604070009,2026-04-08 01:59:00.000,2026-04-08 02:59:00.000,paid,,019b8de1-c6b8-75ba-9064-6c6cdbdc107f,INS0040,Polres Cianjur,INSTANSI,INSTANSI,019490f2-0002-7000-8000-123456789002,CNJ,Cipta Cianjur,120000.0,0.0,0.0,0.0,120000.0,120000.0,0.0,120000.0,0.0,0.0,100.0,2026-04-07 20:09:00,2026-04-07 20:09:00,,,-1.0,-1.0,0,0,False,Paid - On Time/Early,1,1,CNJ-BCA,BCA 2201,paid,ENTRY,0,,0,0,0,,2026-10-03 07:00:00,paid,INSTANSI,120000.0,120000.0,120000.0,0.0,0.0,True,False,0.0,Payment date earlier than invoice date,Settled,External Customer,False
019d67d7-bdc1-736b-a989-23252e0dd91a,CGMP2604070018,2026-04-08 01:45:00.000,2026-04-08 02:45:00.000,paid,,019b9e35-f77a-7522-9c86-7e0a5cfc19a1,EU4715,Titin Sutinah,EU,END USER,019490f2-0003-7000-8000-123456789003,CG,Cipta Digital,94000.0,0.0,0.0,0.0,94000.0,94000.0,0.0,94000.0,0.0,0.0,100.0,2026-04-07 19:23:00,2026-04-07 19:23:00,,,-1.0,-1.0,0,0,False,Paid - On Time/Early,1,1,CG-JZM,BCA Jazmi Hamzah,paid,ENTRY,0,,0,0,0,,2026-10-03 07:00:00,paid,END USER,94000.0,94000.0,94000.0,0.0,0.0,True,False,0.0,Payment date earlier than invoice date,Settled,External Customer,False
019d6804-4eee-760a-9851-1311d9e3b8a7,PKJA2604070020,2026-04-08 01:57:00.000,2026-04-08 02:57:00.000,paid,,019d5743-c32e-7688-87bd-9bd3f9471a5d,USR000294,Nining Bongas Senang,EU,END USER,019b8a09-0bf8-7497-98a0-86a53a78e02f,PWK,Cipta Purwakarta,25000.0,0.0,0.0,0.0,25000.0,25000.0,0.0,25000.0,0.0,0.0,100.0,2026-04-07 19:56:00,2026-04-07 19:56:00,,,-1.0,-1.0,0,0,False,Paid - On Time/Early,1,1,PWK-CIB,Cash in Box,paid,ENTRY,0,,0,0,0,,2026-10-03 07:00:00,paid,END USER,25000.0,25000.0,25000.0,0.0,0.0,True,False,0.0,Payment date earlier than invoice date,Settled,External Customer,False
019d6b76-5ea3-705d-88cd-cdfb475fa182,CJYR2604080005,2026-04-08 14:58:00.000,2026-04-08 15:58:00.000,paid,,019b8de1-c6ba-72a9-8e2e-43977cf4daf0,CG0071,Sun Project Iyan,AGEN,AGEN,019490f2-0002-7000-8000-123456789002,CNJ,Cipta Cianjur,33000.0,0.0,0.0,0.0,33000.0,33000.0,0.0,33000.0,0.0,0.0,100.0,2026-03-13 11:10:00,2026-04-20 16:54:00,,,-26.0,12.0,12,0,False,Paid - Late,2,1,CNJ-BCA,BCA 2201,"dp, paid",ENTRY,0,,0,0,0,,2026-10-03 07:00:00,paid,AGEN,33000.0,33000.0,33000.0,0.0,0.0,True,False,0.0,Payment date earlier than invoice date,Settled,External Customer,True
019d6c9b-bd0f-779e-8fa0-0cddadfc9107,CJYR2604080020,2026-04-09 00:05:00.000,2026-04-09 01:05:00.000,paid,,019c1d66-6da6-722a-a5d6-71f90c61de17,USR000275,A Ridwan (A Ridwan),EU,END USER,019490f2-0002-7000-8000-123456789002,CNJ,Cipta Cianjur,25000.0,0.0,0.0,0.0,25000.0,25000.0,0.0,25000.0,0.0,0.0,100.0,2026-04-08 17:21:00,2026-04-08 17:21:00,,,-1.0,-1.0,0,0,False,Paid - On Time/Early,1,1,CNJ-CIB,Cash in Box,paid,ENTRY,0,,0,0,0,,2026-10-03 07:00:00,paid,END USER,25000.0,25000.0,25000.0,0.0,0.0,True,False,0.0,Payment date earlier than invoice date,Settled,External Customer,False
019d6ca1-af69-735c-b25c-204233058897,CGNN2604080002,2026-04-09 00:27:00.000,2026-04-09 01:00:00.000,paid,,019d6c65-854f-776d-be25-579b458e075d,UMK000479,Karunia Laila,UMKM,UMKM,019490f2-0003-7000-8000-123456789003,CG,Cipta Digital,1120000.0,0.0,0.0,0.0,1120000.0,1120000.0,0.0,1120000.0,0.0,0.0,100.0,2026-04-08 17:27:00,2026-04-08 19:24:00,,,-1.0,-1.0,0,0,False,Paid - On Time/Early,2,2,"CG-CIB, CG-JZM","BCA Jazmi Hamzah, Cash in Box",paid,ENTRY,0,,0,0,0,,2026-10-03 07:00:00,paid,UMKM,1120000.0,1120000.0,1120000.0,0.0,0.0,True,False,0.0,Payment date earlier than invoice date,Settled,External Customer,False
019d6ce9-016f-74cf-bdc7-52874b0489c4,GRAS2604080002,2026-04-09 01:37:00.000,2026-04-09 02:37:00.000,paid,,019b8c17-2582-719d-8d6b-c585696d8204,CG0027,Waskita (Waskita),AGEN,AGEN,019490f2-0000-7000-8000-123456789000,GRH,Cipta Graha,37500.0,0.0,0.0,0.0,37500.0,20000.0,0.0,20000.0,17500.0,0.0,53.33,2026-04-08 18:45:00,2026-04-08 18:45:00,,,-1.0,,0,177,True,Partially Paid - Overdue,1,1,GRH-CIB,Cash in Box,paid,ENTRY,0,,0,0,0,,2026-10-03 07:00:00,paid,AGEN,37500.0,20000.0,20000.0,17500.0,0.0,False,True,17500.0,Payment date earlier than invoice date,90+ Days,External Customer,False
019d6cf3-2ddf-7427-b856-ad30b7a1ca5c,CJFA2604080004,2026-04-09 01:54:00.000,2026-04-09 02:54:00.000,paid,,019d6cf2-2b1a-7274-a04b-35dac01b220e,USR001039,Zihadda Amel,EU,END USER,019490f2-0002-7000-8000-123456789002,CNJ,Cipta Cianjur,15000.0,0.0,0.0,0.0,15000.0,15000.0,0.0,15000.0,0.0,0.0,100.0,2026-04-08 19:16:00,2026-04-08 19:16:00,,,-1.0,-1.0,0,0,False,Paid - On Time/Early,1,1,CNJ-BCA,BCA 2201,paid,ENTRY,0,,0,0,0,,2026-10-03 07:00:00,paid,END USER,15000.0,15000.0,15000.0,0.0,0.0,True,False,0.0,Payment date earlier than invoice date,Settled,External Customer,False
019d6d30-b32f-70cb-a5a6-be9d0933048b,CJFA2604080005,2026-04-09 02:58:00.000,2026-04-09 03:58:00.000,paid,,019c1d6d-94e8-762e-a51d-7a3cc753e168,USR000774,Atep (Atep),EU,END USER,019490f2-0002-7000-8000-123456789002,CNJ,Cipta Cianjur,8000.0,0.0,0.0,0.0,8000.0,8000.0,0.0,8000.0,0.0,0.0,100.0,2026-04-08 20:03:00,2026-04-08 20:03:00,,,-1.0,-1.0,0,0,False,Paid - On Time/Early,1,1,CNJ-CIB,Cash in Box,paid,ENTRY,0,,0,0,0,,2026-10-03 07:00:00,paid,END USER,8000.0,8000.0,8000.0,0.0,0.0,True,False,0.0,Payment date earlier than invoice date,Settled,External Customer,False
019d71af-06d3-70fe-b5bb-c30ddfe7f342,CJYR2604090013,2026-04-09 23:06:00.000,2026-04-10 00:06:00.000,paid,,019b8de1-c6ba-72a9-8e2e-43977cf4daf0,CG0071,Sun Project Iyan,AGEN,AGEN,019490f2-0002-7000-8000-123456789002,CNJ,Cipta Cianjur,121000.0,0.0,0.0,0.0,121000.0,121000.0,0.0,121000.0,0.0,0.0,100.0,2026-03-13 11:10:00,2026-03-13 11:10:00,,,-27.0,-27.0,0,0,False,Paid - On Time/Early,1,1,CNJ-BCA,BCA 2201,paid,ENTRY,0,,0,0,0,,2026-10-03 07:00:00,paid,AGEN,121000.0,121000.0,121000.0,0.0,0.0,True,False,0.0,Payment date earlier than invoice date,Settled,External Customer,False
019d71c7-80f6-726b-a8c7-22a2b7263013,CGNN2604090009,2026-04-10 00:25:00.000,2026-04-10 01:25:00.000,paid,,019b9e35-f781-7188-acfc-c299fde0ff70,EU4910,Reza Firmansyah,EU,END USER,019490f2-0003-7000-8000-123456789003,CG,Cipta Digital,18000.0,0.0,0.0,0.0,18000.0,18000.0,0.0,18000.0,0.0,0.0,100.0,2026-04-09 17:26:00,2026-04-09 17:26:00,,,-1.0,-1.0,0,0,False,Paid - On Time/Early,1,1,CG-QRIS,QRIS BCA,paid,ENTRY,0,,0,0,0,,2026-10-03 07:00:00,paid,END USER,18000.0,18000.0,18000.0,0.0,0.0,True,False,0.0,Payment date earlier than invoice date,Settled,External Customer,False
019d71ee-4df8-76c8-969e-bd7e0a7e3ce9,PKJA2604090022,2026-04-10 00:15:00.000,2026-04-10 01:15:00.000,paid,,019b91a7-6a07-732e-8b0c-bd1155b5769b,USR00143,Ramdan (Ramdan),EU,END USER,019b8a09-0bf8-7497-98a0-86a53a78e02f,PWK,Cipta Purwakarta,34000.0,0.0,0.0,0.0,34000.0,34000.0,0.0,34000.0,0.0,0.0,100.0,2026-04-09 19:20:00,2026-04-09 19:20:00,,,-1.0,-1.0,0,0,False,Paid - On Time/Early,1,1,PWK-BCA,BCA PWK,paid,ENTRY,0,,0,0,0,,2026-10-03 07:00:00,paid,END USER,34000.0,34000.0,34000.0,0.0,0.0,True,False,0.0,Payment date earlier than invoice date,Settled,External Customer,False
019d71f8-5daf-71b1-9780-e9f5b2535fc4,CGNN2604090011,2026-04-10 00:25:00.000,2026-04-10 01:25:00.000,paid,,019d71f7-9bc3-744f-b634-66002a7be921,UMK000493,Misbah Haeruman,UMKM,UMKM,019490f2-0003-7000-8000-123456789003,CG,Cipta Digital,144000.0,0.0,0.0,0.0,144000.0,144000.0,0.0,144000.0,0.0,0.0,100.0,2026-04-09 18:20:00,2026-04-09 18:20:00,,,-1.0,-1.0,0,0,False,Paid - On Time/Early,1,1,CG-QRIS,QRIS BCA,paid,ENTRY,0,,0,0,0,,2026-10-03 07:00:00,paid,UMKM,144000.0,144000.0,144000.0,0.0,0.0,True,False,0.0,Payment date earlier than invoice date,Settled,External Customer,False
019d763a-ae5a-7189-8a3d-172b1db00191,GLVI2604090003,2026-04-22 21:10:00.000,2026-04-22 21:40:00.000,paid,,019b8de0-01db-741f-ab42-56cf35a995e9,IND0619,PT. Cemerlang Multimedia,INDUSTRI,INDUSTRI,019490f2-0001-7000-8000-123456789001,GLH,Cipta Galuh,685000.0,0.0,75350.0,0.0,760350.0,760350.0,0.0,760350.0,0.0,0.0,100.0,2026-04-15 09:12:00,2026-04-15 09:12:00,,,-7.0,-7.0,0,0,False,Paid - On Time/Early,1,1,GLH-OFC,BCA Cipta Office,paid,ENTRY,0,,0,0,0,,2026-10-03 07:00:00,paid,INDUSTRI,760350.0,760350.0,760350.0,0.0,0.0,True,False,0.0,Payment date earlier than invoice date,Settled,External Customer,False
019d7725-9604-761a-ab4a-1470dd965e7c,CJFA2604100013,2026-04-11 00:49:00.000,2026-04-11 01:49:00.000,paid,,019b8de1-c6b8-75ba-9066-9b980b633417,UMK0070,Sinar Mulya Ibu,UMKM,UMKM,019490f2-0002-7000-8000-123456789002,CNJ,Cipta Cianjur,45000.0,0.0,0.0,0.0,45000.0,45000.0,0.0,45000.0,0.0,0.0,100.0,2026-04-10 19:28:00,2026-04-10 19:28:00,,,-1.0,-1.0,0,0,False,Paid - On Time/Early,1,1,CNJ-CIB,Cash in Box,paid,ENTRY,0,,0,0,0,,2026-10-03 07:00:00,paid,UMKM,45000.0,45000.0,45000.0,0.0,0.0,True,False,0.0,Payment date earlier than invoice date,Settled,External Customer,False
019d773b-dc74-7653-950d-e6c79e108b18,CJFA2604100014,2026-04-11 00:49:00.000,2026-04-11 01:49:00.000,paid,,019c1d5f-dd3f-71ec-871d-fe6803ecd0e8,USR000177,Fadli Art,EU,END USER,019490f2-0002-7000-8000-123456789002,CNJ,Cipta Cianjur,45000.0,0.0,0.0,0.0,45000.0,45000.0,0.0,45000.0,0.0,0.0,100.0,2026-04-10 18:53:00,2026-04-10 18:53:00,,,-1.0,-1.0,0,0,False,Paid - On Time/Early,1,1,CNJ-BCA,BCA 2201,paid,ENTRY,0,,0,0,0,,2026-10-03 07:00:00,paid,END USER,45000.0,45000.0,45000.0,0.0,0.0,True,False,0.0,Payment date earlier than invoice date,Settled,External Customer,False
019d773d-a8a3-709f-a2d7-6d80ba644b37,CJFA2604100015,2026-04-11 00:49:00.000,2026-04-11 01:49:00.000,paid,,019bff12-c940-710e-bf2f-118173105c1d,USR000031,Al Faris,EU,END USER,019490f2-0002-7000-8000-123456789002,CNJ,Cipta Cianjur,25000.0,0.0,0.0,0.0,25000.0,25000.0,0.0,25000.0,0.0,0.0,100.0,2026-04-10 20:15:00,2026-04-10 20:15:00,,,-1.0,-1.0,0,0,False,Paid - On Time/Early,1,1,CNJ-BCA,BCA 2201,paid,ENTRY,0,,0,0,0,,2026-10-03 07:00:00,paid,END USER,25000.0,25000.0,25000.0,0.0,0.0,True,False,0.0,Payment date earlier than invoice date,Settled,External Customer,False
019d7756-2abc-71c2-8d2e-1779db7978c5,CJFA2604100016,2026-04-11 00:49:00.000,2026-04-11 01:49:00.000,paid,,019b8de1-c6b9-77e8-a27b-3da6307bcd4b,UMK0177,Gadung Sablon,UMKM,UMKM,019490f2-0002-7000-8000-123456789002,CNJ,Cipta Cianjur,64000.0,0.0,0.0,0.0,64000.0,64000.0,0.0,64000.0,0.0,0.0,100.0,2026-04-10 19:20:00,2026-04-10 19:20:00,,,-1.0,-1.0,0,0,False,Paid - On Time/Early,1,1,CNJ-CIB,Cash in Box,paid,ENTRY,0,,0,0,0,,2026-10-03 07:00:00,paid,UMKM,64000.0,64000.0,64000.0,0.0,0.0,True,False,0.0,Payment date earlier than invoice date,Settled,External Customer,False
019d7c00-19cc-734d-8591-3d82e3ad7581,CGMR2604110006,2026-04-12 00:02:00.000,2026-04-12 01:02:00.000,paid,,019b9e27-67f0-7080-9a22-b99ab0d8ea80,EU0373,Fauzan Azhar,EU,END USER,019490f2-0003-7000-8000-123456789003,CG,Cipta Digital,100000.0,0.0,0.0,0.0,100000.0,100000.0,0.0,100000.0,0.0,0.0,100.0,2026-04-11 17:10:00,2026-04-11 17:10:00,,,-1.0,-1.0,0,0,False,Paid - On Time/Early,1,1,CG-QRIS,QRIS BCA,paid,ENTRY,0,,0,0,0,,2026-10-03 07:00:00,paid,END USER,100000.0,100000.0,100000.0,0.0,0.0,True,False,0.0,Payment date earlier than invoice date,Settled,External Customer,False
019d7c04-a604-719d-9169-5ef109139f2c,CGMR2604110007,2026-04-12 00:02:00.000,2026-04-12 01:02:00.000,paid,,019b9e27-67f0-7080-9a22-b99ab0d8ea80,EU0373,Fauzan Azhar,EU,END USER,019490f2-0003-7000-8000-123456789003,CG,Cipta Digital,100000.0,0.0,0.0,0.0,100000.0,100000.0,0.0,100000.0,0.0,0.0,100.0,2026-04-11 17:10:00,2026-04-11 17:10:00,,,-1.0,-1.0,0,0,False,Paid - On Time/Early,1,1,CG-QRIS,QRIS BCA,paid,ENTRY,0,,0,0,0,,2026-10-03 07:00:00,paid,END USER,100000.0,100000.0,100000.0,0.0,0.0,True,False,0.0,Payment date earlier than invoice date,Settled,External Customer,False
019d7f51-d557-7511-a841-43aac09fdd78,CJYR2604120001,2026-04-12 15:30:00.000,2026-04-12 16:30:00.000,paid,,019b8de1-c6ba-72a9-8e2e-43977cf4daf0,CG0071,Sun Project Iyan,AGEN,AGEN,019490f2-0002-7000-8000-123456789002,CNJ,Cipta Cianjur,24000.0,0.0,0.0,0.0,24000.0,24000.0,0.0,24000.0,0.0,0.0,100.0,2026-03-13 11:11:00,2026-03-13 11:11:00,,,-30.0,-30.0,0,0,False,Paid - On Time/Early,1,1,CNJ-BCA,BCA 2201,paid,ENTRY,0,,0,0,0,,2026-10-03 07:00:00,paid,AGEN,24000.0,24000.0,24000.0,0.0,0.0,True,False,0.0,Payment date earlier than invoice date,Settled,External Customer,False
019d812c-5cfe-77dc-903d-c8bc9df20f98,CJYR2604120010,2026-04-13 00:09:00.000,2026-04-13 01:09:00.000,paid,,019c1d86-2fd4-74e3-9196-a414c1879e0c,USR000867,Narti Dahliawati,EU,END USER,019490f2-0002-7000-8000-123456789002,CNJ,Cipta Cianjur,60000.0,0.0,0.0,0.0,60000.0,60000.0,0.0,60000.0,0.0,0.0,100.0,2026-04-12 17:37:00,2026-04-12 17:37:00,,,-1.0,-1.0,0,0,False,Paid - On Time/Early,1,1,CNJ-CIB,Cash in Box,paid,ENTRY,0,,0,0,0,,2026-10-03 07:00:00,paid,END USER,60000.0,60000.0,60000.0,0.0,0.0,True,False,0.0,Payment date earlier than invoice date,Settled,External Customer,False
019d8143-39c3-7749-bfc5-eed91c84f0db,CJYR2604120011,2026-04-13 00:09:00.000,2026-04-13 01:09:00.000,paid,,019b8de1-c6ba-72a9-8e2d-09545981049d,UMK0396,Biqinkaos (Biqinkaos),UMKM,UMKM,019490f2-0002-7000-8000-123456789002,CNJ,Cipta Cianjur,15000.0,0.0,0.0,0.0,15000.0,15000.0,0.0,15000.0,0.0,0.0,100.0,2026-04-12 17:36:00,2026-04-12 17:36:00,,,-1.0,-1.0,0,0,False,Paid - On Time/Early,1,1,CNJ-BCA,BCA 2201,paid,ENTRY,0,,0,0,0,,2026-10-03 07:00:00,paid,UMKM,15000.0,15000.0,15000.0,0.0,0.0,True,False,0.0,Payment date earlier than invoice date,Settled,External Customer,False
019d815d-33c3-76a6-9561-b72797d68a3b,CJYR2604120012,2026-04-13 00:09:00.000,2026-04-13 01:09:00.000,paid,,019c1d66-6da6-722a-a5d5-b4efebdf82ad,USR000228,A Dedy (A Dedy),EU,END USER,019490f2-0002-7000-8000-123456789002,CNJ,Cipta Cianjur,30000.0,0.0,0.0,0.0,30000.0,30000.0,0.0,30000.0,0.0,0.0,100.0,2026-04-12 18:12:00,2026-04-12 18:12:00,,,-1.0,-1.0,0,0,False,Paid - On Time/Early,1,1,CNJ-CIB,Cash in Box,paid,ENTRY,0,,0,0,0,,2026-10-03 07:00:00,paid,END USER,30000.0,30000.0,30000.0,0.0,0.0,True,False,0.0,Payment date earlier than invoice date,Settled,External Customer,False
019d8179-9d04-740c-ab55-dbba50e2e001,CJYR2604120013,2026-04-13 00:09:00.000,2026-04-13 01:09:00.000,paid,,019c1d86-2fd4-74e3-9196-68ef581adc7c,USR000852,Devyana (Devyana),EU,END USER,019490f2-0002-7000-8000-123456789002,CNJ,Cipta Cianjur,60000.0,0.0,0.0,0.0,60000.0,60000.0,0.0,60000.0,0.0,0.0,100.0,2026-04-12 18:35:00,2026-04-12 18:35:00,,,-1.0,-1.0,0,0,False,Paid - On Time/Early,1,1,CNJ-CIB,Cash in Box,paid,ENTRY,0,,0,0,0,,2026-10-03 07:00:00,paid,END USER,60000.0,60000.0,60000.0,0.0,0.0,True,False,0.0,Payment date earlier than invoice date,Settled,External Customer,False
019d818f-e0c6-7382-8aaf-da358e3c3fc9,CJYR2604120014,2026-04-13 00:09:00.000,2026-04-13 01:09:00.000,paid,,019c1d66-6da6-722a-a5d6-71f90c61de17,USR000275,A Ridwan (A Ridwan),EU,END USER,019490f2-0002-7000-8000-123456789002,CNJ,Cipta Cianjur,30000.0,0.0,0.0,0.0,30000.0,30000.0,0.0,30000.0,0.0,0.0,100.0,2026-04-12 19:07:00,2026-04-12 19:07:00,,,-1.0,-1.0,0,0,False,Paid - On Time/Early,1,1,CNJ-CIB,Cash in Box,paid,ENTRY,0,,0,0,0,,2026-10-03 07:00:00,paid,END USER,30000.0,30000.0,30000.0,0.0,0.0,True,False,0.0,Payment date earlier than invoice date,Settled,External Customer,False
019d8666-207d-73d5-b550-5bb09028554b,CGSB2604130005,2026-04-14 00:31:00.000,2026-04-14 01:31:00.000,paid,,019d8665-a213-750b-adcb-b02f38e8640f,USR000321,Ko William,EU,END USER,019490f2-0003-7000-8000-123456789003,CG,Cipta Digital,30000.0,0.0,0.0,0.0,30000.0,30000.0,0.0,30000.0,0.0,0.0,100.0,2026-04-13 17:56:00,2026-04-13 17:56:00,,,-1.0,-1.0,0,0,False,Paid - On Time/Early,1,1,CG-JZM,BCA Jazmi Hamzah,paid,ENTRY,0,,0,0,0,,2026-10-03 07:00:00,paid,END USER,30000.0,30000.0,30000.0,0.0,0.0,True,False,0.0,Payment date earlier than invoice date,Settled,External Customer,False
019d86b1-2717-74d9-a097-f9bf70abc2f6,CGSB2604130006,2026-04-14 00:31:00.000,2026-04-14 01:31:00.000,paid,,019b9e33-a449-72de-a7f5-10ffb6c52076,EU4554,Dika Dea Nugraha,EU,END USER,019490f2-0003-7000-8000-123456789003,CG,Cipta Digital,24000.0,0.0,0.0,0.0,24000.0,24000.0,0.0,24000.0,0.0,0.0,100.0,2026-04-13 19:36:00,2026-04-13 19:36:00,,,-1.0,-1.0,0,0,False,Paid - On Time/Early,1,1,CG-JZM,BCA Jazmi Hamzah,paid,ENTRY,0,,0,0,0,,2026-10-03 07:00:00,paid,END USER,24000.0,24000.0,24000.0,0.0,0.0,True,False,0.0,Payment date earlier than invoice date,Settled,External Customer,False
019d86bc-c634-779d-8a54-c455452bf304,CJFA2604130004,2026-04-14 02:05:00.000,2026-04-14 03:05:00.000,paid,,019c1d68-55ee-74ac-9e64-de9598197f2f,USR000424,Bintang Smakda,EU,END USER,019490f2-0002-7000-8000-123456789002,CNJ,Cipta Cianjur,60000.0,0.0,0.0,0.0,60000.0,60000.0,0.0,60000.0,0.0,0.0,100.0,2026-04-13 20:11:00,2026-04-13 20:11:00,,,-1.0,-1.0,0,0,False,Paid - On Time/Early,1,1,CNJ-BCA,BCA 2201,paid,ENTRY,0,,0,0,0,,2026-10-03 07:00:00,paid,END USER,60000.0,60000.0,60000.0,0.0,0.0,True,False,0.0,Payment date earlier than invoice date,Settled,External Customer,False
019d86f8-f0a9-758f-97ba-dfde238de776,CJFA2604130005,2026-04-14 03:09:00.000,2026-04-14 04:09:00.000,paid,,019c1cb9-7a12-740e-bfde-4b9cde3bf96b,EDU000054,SMK Negeri 2 Cilaku,SEKOLAH,SEKOLAH,019490f2-0002-7000-8000-123456789002,CNJ,Cipta Cianjur,20000.0,0.0,0.0,0.0,20000.0,20000.0,0.0,20000.0,0.0,0.0,100.0,2026-04-13 20:17:00,2026-04-13 20:17:00,,,-1.0,-1.0,0,0,False,Paid - On Time/Early,1,1,CNJ-CIB,Cash in Box,paid,ENTRY,0,,0,0,0,,2026-10-03 07:00:00,paid,SEKOLAH,20000.0,20000.0,20000.0,0.0,0.0,True,False,0.0,Payment date earlier than invoice date,Settled,External Customer,False
019d8712-77b3-7706-8f88-100e525debeb,GRDN2604130026,2026-04-14 03:12:00.000,2026-04-14 04:12:00.000,paid,,019c65d5-1315-7228-a4de-7f9239084d53,USR000038,"Siti , Siti",EU,END USER,019490f2-0000-7000-8000-123456789000,GRH,Cipta Graha,189000.0,0.0,0.0,0.0,189000.0,189000.0,0.0,189000.0,0.0,0.0,100.0,2026-04-13 20:44:00,2026-04-13 20:44:00,,,-1.0,-1.0,0,0,False,Paid - On Time/Early,1,1,GRH-FTN,BCA Graha (Fathan),paid,ENTRY,0,,0,0,0,,2026-10-03 07:00:00,paid,END USER,189000.0,189000.0,189000.0,0.0,0.0,True,False,0.0,Payment date earlier than invoice date,Settled,External Customer,False
019d8a24-01ab-71ad-9b22-cb8bb1215b95,PKDR2602120004,2026-04-14 17:55:00.000,2026-04-15 15:31:00.000,paid,4502318025,019b91a5-4e3d-702c-bb5c-b25d99ca7535,IND0019,Pt Prysmian Cables Indonesia,INDUSTRI,INDUSTRI,019b8a09-0bf8-7497-98a0-86a53a78e02f,PWK,Cipta Purwakarta,3165000.0,0.0,348150.0,0.0,3513150.0,3513150.0,0.0,3513150.0,0.0,0.0,100.0,2026-02-09 14:45:00,2026-02-09 14:45:00,,,-64.0,-64.0,0,0,False,Paid - On Time/Early,1,1,PWK-BCA,BCA PWK,paid,ENTRY,0,,0,0,0,,2026-10-03 07:00:00,paid,INDUSTRI,3513150.0,3513150.0,3513150.0,0.0,0.0,True,False,0.0,Payment date earlier than invoice date,Settled,External Customer,False
019d8b8a-5977-7068-bf3e-fd271bbc6ece,CJYR2604140014,2026-04-15 00:28:00.000,2026-04-15 01:28:00.000,paid,,019b8de1-c6ba-72a9-8e2d-59cdec4b5dea,CG0013,Perc. Elusi,AGEN,AGEN,019490f2-0002-7000-8000-123456789002,CNJ,Cipta Cianjur,107000.0,0.0,0.0,0.0,107000.0,107000.0,0.0,107000.0,0.0,0.0,100.0,2026-04-14 17:39:00,2026-04-14 17:39:00,,,-1.0,-1.0,0,0,False,Paid - On Time/Early,1,1,CNJ-CIB,Cash in Box,paid,ENTRY,0,,0,0,0,,2026-10-03 07:00:00,paid,AGEN,107000.0,107000.0,107000.0,0.0,0.0,True,False,0.0,Payment date earlier than invoice date,Settled,External Customer,False
019d8b98-2436-72af-afbf-5f573942e603,CJYR2604140015,2026-04-15 00:28:00.000,2026-04-15 01:28:00.000,paid,,019b8de1-c6b8-75ba-9066-f91eb6d9bd76,UMK0094,Lilis Setiawati,UMKM,UMKM,019490f2-0002-7000-8000-123456789002,CNJ,Cipta Cianjur,20000.0,0.0,0.0,0.0,20000.0,20000.0,0.0,20000.0,0.0,0.0,100.0,2026-04-14 18:00:00,2026-04-14 18:00:00,,,-1.0,-1.0,0,0,False,Paid - On Time/Early,1,1,CNJ-CIB,Cash in Box,paid,ENTRY,0,,0,0,0,,2026-10-03 07:00:00,paid,UMKM,20000.0,20000.0,20000.0,0.0,0.0,True,False,0.0,Payment date earlier than invoice date,Settled,External Customer,False
019d8ba4-f8f6-767a-ab47-acbed6cce471,CJYR2604140016,2026-04-15 00:28:00.000,2026-04-15 01:28:00.000,paid,,019b8de1-c6ba-72a9-8e2d-b3c548e03b9e,CG0035,Perc. Perkasa,AGEN,AGEN,019490f2-0002-7000-8000-123456789002,CNJ,Cipta Cianjur,24000.0,0.0,0.0,0.0,24000.0,24000.0,0.0,24000.0,0.0,0.0,100.0,2026-04-14 17:59:00,2026-04-14 17:59:00,,,-1.0,-1.0,0,0,False,Paid - On Time/Early,1,1,CNJ-CIB,Cash in Box,paid,ENTRY,0,,0,0,0,,2026-10-03 07:00:00,paid,AGEN,24000.0,24000.0,24000.0,0.0,0.0,True,False,0.0,Payment date earlier than invoice date,Settled,External Customer,False
019d8ba8-49eb-776c-a31d-ebf5920b9c58,PKJA2604140017,2026-04-15 01:02:00.000,2026-04-16 23:38:00.000,paid,,019b91a5-4e40-7661-9516-6e26602443a5,UMK0075,Mira (Mira),UMKM,UMKM,019b8a09-0bf8-7497-98a0-86a53a78e02f,PWK,Cipta Purwakarta,1071000.0,0.0,0.0,0.0,1071000.0,1071000.0,0.0,1071000.0,0.0,0.0,100.0,2026-04-14 18:02:00,2026-04-14 18:02:00,,,-1.0,-1.0,0,0,False,Paid - On Time/Early,1,1,PWK-BCA,BCA PWK,paid,ENTRY,0,,0,0,0,,2026-10-03 07:00:00,paid,UMKM,1071000.0,1071000.0,1071000.0,0.0,0.0,True,False,0.0,Payment date earlier than invoice date,Settled,External Customer,False
019d8be0-ab16-707e-a6bb-90f546c57d95,CGSB2604140007,2026-04-15 00:43:00.000,2026-04-15 01:43:00.000,paid,,019d8bdf-2e0d-72fe-88dd-b8ef6d7274b7,USR000325,Raka Cikal,EU,END USER,019490f2-0003-7000-8000-123456789003,CG,Cipta Digital,24000.0,0.0,0.0,0.0,24000.0,24000.0,0.0,24000.0,0.0,0.0,100.0,2026-04-14 19:31:00,2026-04-14 19:31:00,,,-1.0,-1.0,0,0,False,Paid - On Time/Early,1,1,CG-JZM,BCA Jazmi Hamzah,paid,ENTRY,0,,0,0,0,,2026-10-03 07:00:00,paid,END USER,24000.0,24000.0,24000.0,0.0,0.0,True,False,0.0,Payment date earlier than invoice date,Settled,External Customer,False
019d8be3-5815-7159-89e5-31f9cd67d038,CGSB2604140008,2026-04-15 00:43:00.000,2026-04-15 01:43:00.000,paid,,019d8b7f-ffef-71b4-b3b2-7b333902c5d2,UMK000525,Yusuf Rexta,UMKM,UMKM,019490f2-0003-7000-8000-123456789003,CG,Cipta Digital,26000.0,0.0,0.0,0.0,26000.0,26000.0,0.0,26000.0,0.0,0.0,100.0,2026-04-14 19:11:00,2026-04-14 19:11:00,,,-1.0,-1.0,0,0,False,Paid - On Time/Early,1,1,CG-JZM,BCA Jazmi Hamzah,paid,ENTRY,0,,0,0,0,,2026-10-03 07:00:00,paid,UMKM,26000.0,26000.0,26000.0,0.0,0.0,True,False,0.0,Payment date earlier than invoice date,Settled,External Customer,False
019d8bee-321a-71ee-8acf-1d5d4db98194,CGSB2604140009,2026-04-15 00:43:00.000,2026-04-15 01:43:00.000,paid,,019d8bed-82b6-717d-ac78-2e2e5601a688,USR000326,Najla Inayah,EU,END USER,019490f2-0003-7000-8000-123456789003,CG,Cipta Digital,200000.0,0.0,0.0,0.0,200000.0,200000.0,0.0,200000.0,0.0,0.0,100.0,2026-04-14 20:13:00,2026-04-14 20:13:00,,,-1.0,-1.0,0,0,False,Paid - On Time/Early,1,1,CG-JZM,BCA Jazmi Hamzah,paid,ENTRY,0,,0,0,0,,2026-10-03 07:00:00,paid,END USER,200000.0,200000.0,200000.0,0.0,0.0,True,False,0.0,Payment date earlier than invoice date,Settled,External Customer,False
019d9048-b69e-761d-9cb5-e9188333f199,CJFA2604150009,2026-04-15 20:08:00.000,2026-04-15 21:08:00.000,paid,,019b8de1-c6b8-75ba-9063-8e422e65c562,IND0005,Pt. Paragon,INDUSTRI,INDUSTRI,019490f2-0002-7000-8000-123456789002,CNJ,Cipta Cianjur,125000.0,0.0,0.0,0.0,125000.0,125000.0,0.0,125000.0,0.0,0.0,100.0,2026-04-08 15:37:00,2026-04-27 11:28:00,,,-7.0,12.0,12,0,False,Paid - Late,2,1,CNJ-BCA,BCA 2201,"dp, paid",ENTRY,0,,0,0,0,,2026-10-03 07:00:00,paid,INDUSTRI,125000.0,125000.0,125000.0,0.0,0.0,True,False,0.0,Payment date earlier than invoice date,Settled,External Customer,True
019d9098-a776-77db-9942-9d935d294a20,CJRR2604150014,2026-04-15 23:30:00.000,2026-04-16 00:30:00.000,paid,,019b8de1-c6b9-77e8-a27a-5a32077b2c70,UMK0120,Forgive Merch,UMKM,UMKM,019490f2-0002-7000-8000-123456789002,CNJ,Cipta Cianjur,3000.0,0.0,0.0,0.0,3000.0,3000.0,0.0,3000.0,0.0,0.0,100.0,2026-04-13 15:47:00,2026-04-13 15:47:00,,,-2.0,-2.0,0,0,False,Paid - On Time/Early,1,1,CNJ-CIB,Cash in Box,paid,ENTRY,0,,0,0,0,,2026-10-03 07:00:00,paid,UMKM,3000.0,3000.0,3000.0,0.0,0.0,True,False,0.0,Payment date earlier than invoice date,Settled,External Customer,False
019d90ac-00aa-746c-b227-c33492ec7ed2,CGNM2604150020,2026-04-16 00:11:00.000,2026-04-16 01:11:00.000,paid,,019cea01-4a3d-730a-b5d4-3aa4d505f97f,UMK001591,Feri GMPI,UMKM,UMKM,019490f2-0003-7000-8000-123456789003,CG,Cipta Digital,20000.0,0.0,0.0,0.0,20000.0,20000.0,0.0,20000.0,0.0,0.0,100.0,2026-04-15 17:25:00,2026-04-15 17:25:00,,,-1.0,-1.0,0,0,False,Paid - On Time/Early,1,1,CG-CIB,Cash in Box,paid,ENTRY,0,,0,0,0,,2026-10-03 07:00:00,paid,UMKM,20000.0,20000.0,20000.0,0.0,0.0,True,False,0.0,Payment date earlier than invoice date,Settled,External Customer,False
019d90c2-21e7-736b-a925-c2259314c1e7,PKJA2604140008,2026-04-16 00:48:00.000,2026-04-23 22:24:00.000,paid,,019d8659-2b8a-71c8-9e78-91350e3d5d35,USR000333,Bhanu Mbg,EU,END USER,019b8a09-0bf8-7497-98a0-86a53a78e02f,PWK,Cipta Purwakarta,3087000.0,0.0,0.0,0.0,3087000.0,3087000.0,0.0,3087000.0,0.0,0.0,100.0,2026-04-15 17:48:00,2026-04-24 13:31:00,,,-1.0,8.0,1,0,False,Paid - Late,2,1,PWK-BCA,BCA PWK,"dp, paid",ENTRY,0,,0,0,0,,2026-10-03 07:00:00,paid,END USER,3087000.0,3087000.0,3087000.0,0.0,0.0,True,False,0.0,Payment date earlier than invoice date,Settled,External Customer,True
019d90d3-e4b9-72da-9b22-59f7143ce8a8,CGNM2604150021,2026-04-16 00:11:00.000,2026-04-16 01:11:00.000,paid,,019b9e27-67f1-729c-92af-f2d127a7217f,EU0460,Yosep Saputra,UMKM,UMKM,019490f2-0003-7000-8000-123456789003,CG,Cipta Digital,45000.0,0.0,0.0,0.0,45000.0,45000.0,0.0,45000.0,0.0,0.0,100.0,2026-04-15 18:11:00,2026-04-15 18:11:00,,,-1.0,-1.0,0,0,False,Paid - On Time/Early,1,1,CG-CIB,Cash in Box,paid,ENTRY,0,,0,0,0,,2026-10-03 07:00:00,paid,UMKM,45000.0,45000.0,45000.0,0.0,0.0,True,False,0.0,Payment date earlier than invoice date,Settled,External Customer,False
019d90f1-ffe1-774a-b47d-552069e98983,CGNM2604150022,2026-04-16 00:11:00.000,2026-04-16 01:11:00.000,paid,,019b9e2e-816c-7181-92cb-e33baf5c5c96,EU1425,Rm Kedai Abiza,EU,END USER,019490f2-0003-7000-8000-123456789003,CG,Cipta Digital,18000.0,0.0,0.0,0.0,18000.0,18000.0,0.0,18000.0,0.0,0.0,100.0,2026-04-15 18:41:00,2026-04-15 18:41:00,,,-1.0,-1.0,0,0,False,Paid - On Time/Early,1,1,CG-CIB,Cash in Box,paid,ENTRY,0,,0,0,0,,2026-10-03 07:00:00,paid,END USER,18000.0,18000.0,18000.0,0.0,0.0,True,False,0.0,Payment date earlier than invoice date,Settled,External Customer,False
019d90ff-7c5c-7574-a40a-b6580343a9e0,CGNM2604150023,2026-04-16 00:11:00.000,2026-04-16 01:11:00.000,paid,,019d90ff-4c0d-75ac-9ffa-37b950fbf3f6,UMK000535,Dani Kaum Kopi,UMKM,UMKM,019490f2-0003-7000-8000-123456789003,CG,Cipta Digital,30000.0,0.0,0.0,0.0,30000.0,30000.0,0.0,30000.0,0.0,0.0,100.0,2026-04-15 18:56:00,2026-04-15 18:56:00,,,-1.0,-1.0,0,0,False,Paid - On Time/Early,1,1,CG-JZM,BCA Jazmi Hamzah,paid,ENTRY,0,,0,0,0,,2026-10-03 07:00:00,paid,UMKM,30000.0,30000.0,30000.0,0.0,0.0,True,False,0.0,Payment date earlier than invoice date,Settled,External Customer,False
019d9102-a954-72a2-a469-875f1c968290,CGNM2604150024,2026-04-16 00:11:00.000,2026-04-16 01:11:00.000,paid,,019b9e33-a442-730a-a5a9-042e2fae947b,EU3635,Nana Endrico,EU,END USER,019490f2-0003-7000-8000-123456789003,CG,Cipta Digital,190000.0,0.0,0.0,0.0,190000.0,190000.0,0.0,190000.0,0.0,0.0,100.0,2026-04-15 19:05:00,2026-04-15 19:05:00,,,-1.0,-1.0,0,0,False,Paid - On Time/Early,1,1,CG-JZM,BCA Jazmi Hamzah,paid,ENTRY,0,,0,0,0,,2026-10-03 07:00:00,paid,END USER,190000.0,190000.0,190000.0,0.0,0.0,True,False,0.0,Payment date earlier than invoice date,Settled,External Customer,False
019d9104-29cb-745a-89bf-deab903c886a,CGDP2604150010,2026-04-16 00:34:00.000,2026-04-16 01:34:00.000,paid,,019d90fa-7b0c-748b-9392-e04ee69f972c,UMK000534,Che Beno,UMKM,UMKM,019490f2-0003-7000-8000-123456789003,CG,Cipta Digital,600000.0,0.0,0.0,0.0,600000.0,600000.0,0.0,600000.0,0.0,0.0,100.0,2026-04-15 19:01:00,2026-04-16 08:27:00,,,-1.0,0.0,0,0,False,Paid - On Time/Early,2,1,CG-CIB,Cash in Box,"dp, paid",ENTRY,0,,0,0,0,,2026-10-03 07:00:00,paid,UMKM,600000.0,600000.0,600000.0,0.0,0.0,True,False,0.0,Payment date earlier than invoice date,Settled,External Customer,True
019d910d-c174-7595-b57e-ba09ef01918c,CGNM2604150026,2026-04-16 02:08:00.000,2026-04-16 03:08:00.000,paid,,019c662d-5e8a-755f-81c8-237f2946c590,CST80825184,Eka Aplianto,INSTANSI,INSTANSI,019490f2-0003-7000-8000-123456789003,CG,Cipta Digital,20000.0,0.0,0.0,0.0,20000.0,20000.0,0.0,20000.0,0.0,0.0,100.0,2026-04-15 19:11:00,2026-04-15 19:11:00,,,-1.0,-1.0,0,0,False,Paid - On Time/Early,1,1,CG-JZM,BCA Jazmi Hamzah,paid,ENTRY,0,,0,0,0,,2026-10-03 07:00:00,paid,INSTANSI,20000.0,20000.0,20000.0,0.0,0.0,True,False,0.0,Payment date earlier than invoice date,Settled,External Customer,False
019d9122-be6e-7597-b0d4-689c592196c1,CJYR2604150005,2026-04-16 00:02:00.000,2026-04-16 01:02:00.000,paid,,019b8de1-c6ba-72a9-8e2c-fb392ca2d471,UMK0392,Yana (Yana),UMKM,UMKM,019490f2-0002-7000-8000-123456789002,CNJ,Cipta Cianjur,100000.0,0.0,0.0,0.0,100000.0,100000.0,0.0,100000.0,0.0,0.0,100.0,2026-04-15 19:35:00,2026-04-15 19:35:00,,,-1.0,-1.0,0,0,False,Paid - On Time/Early,1,1,CNJ-CIB,Cash in Box,paid,ENTRY,0,,0,0,0,,2026-10-03 07:00:00,paid,UMKM,100000.0,100000.0,100000.0,0.0,0.0,True,False,0.0,Payment date earlier than invoice date,Settled,External Customer,False
019d9125-1f3c-769a-a300-fa7832f5cced,CJYR2604150006,2026-04-16 00:02:00.000,2026-04-16 01:02:00.000,paid,,019c1d66-6da6-722a-a5d6-71f90c61de17,USR000275,A Ridwan (A Ridwan),EU,END USER,019490f2-0002-7000-8000-123456789002,CNJ,Cipta Cianjur,15000.0,0.0,0.0,0.0,15000.0,15000.0,0.0,15000.0,0.0,0.0,100.0,2026-04-15 19:37:00,2026-04-15 19:37:00,,,-1.0,-1.0,0,0,False,Paid - On Time/Early,1,1,CNJ-CIB,Cash in Box,paid,ENTRY,0,,0,0,0,,2026-10-03 07:00:00,paid,END USER,15000.0,15000.0,15000.0,0.0,0.0,True,False,0.0,Payment date earlier than invoice date,Settled,External Customer,False
019d9128-2e80-72f8-8893-932b0a4d8dac,CJYR2604150007,2026-04-16 00:02:00.000,2026-04-16 01:02:00.000,paid,,019c1d66-6da6-722a-a5d5-b4efebdf82ad,USR000228,A Dedy (A Dedy),EU,END USER,019490f2-0002-7000-8000-123456789002,CNJ,Cipta Cianjur,35000.0,0.0,0.0,0.0,35000.0,35000.0,0.0,35000.0,0.0,0.0,100.0,2026-04-15 19:40:00,2026-04-15 19:40:00,,,-1.0,-1.0,0,0,False,Paid - On Time/Early,1,1,CNJ-CIB,Cash in Box,paid,ENTRY,0,,0,0,0,,2026-10-03 07:00:00,paid,END USER,35000.0,35000.0,35000.0,0.0,0.0,True,False,0.0,Payment date earlier than invoice date,Settled,External Customer,False
019d912a-9ba5-72c6-adac-93ef5da63916,CJYR2604150008,2026-04-16 00:02:00.000,2026-04-16 01:02:00.000,paid,,019b8de1-c6ba-72a9-8e2c-e4e2339d1a85,UMK0387,Reptil Adventure,UMKM,UMKM,019490f2-0002-7000-8000-123456789002,CNJ,Cipta Cianjur,60000.0,0.0,0.0,0.0,60000.0,60000.0,0.0,60000.0,0.0,0.0,100.0,2026-04-15 19:43:00,2026-04-15 19:43:00,,,-1.0,-1.0,0,0,False,Paid - On Time/Early,1,1,CNJ-CIB,Cash in Box,paid,ENTRY,0,,0,0,0,,2026-10-03 07:00:00,paid,UMKM,60000.0,60000.0,60000.0,0.0,0.0,True,False,0.0,Payment date earlier than invoice date,Settled,External Customer,False
019d912b-f579-742f-87a1-cfc524871fd2,CJYR2604150009,2026-04-16 00:02:00.000,2026-04-16 01:02:00.000,paid,,019b8de1-c6ba-72a9-8e2e-b31b3e692b8b,CG0099,Hustle Sablon,AGEN,AGEN,019490f2-0002-7000-8000-123456789002,CNJ,Cipta Cianjur,5000.0,0.0,0.0,0.0,5000.0,5000.0,0.0,5000.0,0.0,0.0,100.0,2026-04-15 19:44:00,2026-04-15 19:44:00,,,-1.0,-1.0,0,0,False,Paid - On Time/Early,1,1,CNJ-CIB,Cash in Box,paid,ENTRY,0,,0,0,0,,2026-10-03 07:00:00,paid,AGEN,5000.0,5000.0,5000.0,0.0,0.0,True,False,0.0,Payment date earlier than invoice date,Settled,External Customer,False
019d940a-2919-7177-9130-cc964b58f927,PKAS2604160001,2026-04-16 16:04:00.000,2026-04-16 17:04:00.000,paid,4502338286,019b91a5-4e3d-702c-bb5c-b25d99ca7535,IND0019,Pt Prysmian Cables Indonesia,INDUSTRI,INDUSTRI,019b8a09-0bf8-7497-98a0-86a53a78e02f,PWK,Cipta Purwakarta,1050000.0,0.0,115500.0,0.0,1165500.0,1165500.0,0.0,1165500.0,0.0,0.0,100.0,2026-02-28 14:45:00,2026-02-28 14:45:00,,,-47.0,-47.0,0,0,False,Paid - On Time/Early,1,1,PWK-BCA,BCA PWK,paid,ENTRY,0,,0,0,0,,2026-10-03 07:00:00,paid,INDUSTRI,1165500.0,1165500.0,1165500.0,0.0,0.0,True,False,0.0,Payment date earlier than invoice date,Settled,External Customer,False
019d941f-bc08-73dd-b6fa-e902fd3957e6,PKAS2604130001,2026-04-16 16:29:00.000,2026-04-16 16:41:00.000,paid,4400925797,019b91a5-4e3d-702c-bb5c-b25d99ca7535,IND0019,Pt Prysmian Cables Indonesia,INDUSTRI,INDUSTRI,019b8a09-0bf8-7497-98a0-86a53a78e02f,PWK,Cipta Purwakarta,5020000.0,0.0,552200.0,0.0,5572200.0,5572200.0,0.0,5572200.0,0.0,0.0,100.0,2026-02-28 14:44:00,2026-02-28 14:44:00,,,-47.0,-47.0,0,0,False,Paid - On Time/Early,1,1,PWK-BCA,BCA PWK,paid,ENTRY,0,,0,0,0,,2026-10-03 07:00:00,paid,INDUSTRI,5572200.0,5572200.0,5572200.0,0.0,0.0,True,False,0.0,Payment date earlier than invoice date,Settled,External Customer,False
019d95dd-b77f-72fc-a496-cdb579b5453d,CGSB2604160005,2026-04-17 00:31:00.000,2026-04-17 01:31:00.000,paid,,019c6433-0b18-77ce-be65-f55bb3ecfffb,INS000103,Lena Warung Manis,INSTANSI,INSTANSI,019490f2-0003-7000-8000-123456789003,CG,Cipta Digital,135000.0,0.0,0.0,0.0,135000.0,135000.0,0.0,135000.0,0.0,0.0,100.0,2026-04-16 18:35:00,2026-04-16 18:35:00,,,-1.0,-1.0,0,0,False,Paid - On Time/Early,1,1,CG-JZM,BCA Jazmi Hamzah,paid,ENTRY,0,,0,0,0,,2026-10-03 07:00:00,paid,INSTANSI,135000.0,135000.0,135000.0,0.0,0.0,True,False,0.0,Payment date earlier than invoice date,Settled,External Customer,False
019d95e0-2cf1-7789-9df1-4bf35da21ae4,CGSB2604160006,2026-04-17 00:31:00.000,2026-04-17 01:31:00.000,paid,,019b9e35-f781-7188-acfd-3bb2d3e535fa,EU4940,Devan Davis,EU,END USER,019490f2-0003-7000-8000-123456789003,CG,Cipta Digital,24000.0,0.0,0.0,0.0,24000.0,24000.0,0.0,24000.0,0.0,0.0,100.0,2026-04-16 18:55:00,2026-04-16 18:55:00,,,-1.0,-1.0,0,0,False,Paid - On Time/Early,1,1,CG-JZM,BCA Jazmi Hamzah,paid,ENTRY,0,,0,0,0,,2026-10-03 07:00:00,paid,END USER,24000.0,24000.0,24000.0,0.0,0.0,True,False,0.0,Payment date earlier than invoice date,Settled,External Customer,False
019d961c-efb6-743d-bb4b-31949e96370c,CGSB2604160007,2026-04-17 00:31:00.000,2026-04-17 01:31:00.000,paid,,019d961c-5a0a-72a0-beed-750a48633fea,USR000335,Puput Basreng,EU,END USER,019490f2-0003-7000-8000-123456789003,CG,Cipta Digital,50000.0,0.0,0.0,0.0,50000.0,50000.0,0.0,50000.0,0.0,0.0,100.0,2026-04-16 18:46:00,2026-04-16 18:46:00,,,-1.0,-1.0,0,0,False,Paid - On Time/Early,1,1,CG-JZM,BCA Jazmi Hamzah,paid,ENTRY,0,,0,0,0,,2026-10-03 07:00:00,paid,END USER,50000.0,50000.0,50000.0,0.0,0.0,True,False,0.0,Payment date earlier than invoice date,Settled,External Customer,False
019d962d-e6bc-740e-93b6-cd17faa0d8a4,CGSB2604160008,2026-04-17 00:31:00.000,2026-04-17 01:31:00.000,paid,,019b9e33-a445-735c-aeb1-ba98355b1b7b,EU4058,Al Unizar,EU,END USER,019490f2-0003-7000-8000-123456789003,CG,Cipta Digital,7000.0,0.0,0.0,0.0,7000.0,7000.0,0.0,7000.0,0.0,0.0,100.0,2026-04-16 19:18:00,2026-04-16 19:18:00,,,-1.0,-1.0,0,0,False,Paid - On Time/Early,1,1,CG-JZM,BCA Jazmi Hamzah,paid,ENTRY,0,,0,0,0,,2026-10-03 07:00:00,paid,END USER,7000.0,7000.0,7000.0,0.0,0.0,True,False,0.0,Payment date earlier than invoice date,Settled,External Customer,False
019d9632-2faf-7003-a574-e97a552c52b8,CGSB2604160009,2026-04-17 00:31:00.000,2026-04-17 01:31:00.000,paid,,019d9631-529e-759f-8d06-054d8fe4be25,UMK000540,Nandang Nn,UMKM,UMKM,019490f2-0003-7000-8000-123456789003,CG,Cipta Digital,90000.0,0.0,0.0,0.0,90000.0,90000.0,0.0,90000.0,0.0,0.0,100.0,2026-04-16 19:46:00,2026-04-16 19:46:00,,,-1.0,-1.0,0,0,False,Paid - On Time/Early,1,1,CG-JZM,BCA Jazmi Hamzah,paid,ENTRY,0,,0,0,0,,2026-10-03 07:00:00,paid,UMKM,90000.0,90000.0,90000.0,0.0,0.0,True,False,0.0,Payment date earlier than invoice date,Settled,External Customer,False
019d963f-5a46-753b-9a16-1dc24a87cf72,CGSB2604160010,2026-04-17 00:31:00.000,2026-04-17 01:31:00.000,paid,,019d963e-b4fe-7617-90d7-86141d28629d,USR000336,Rudy Mulyono,EU,END USER,019490f2-0003-7000-8000-123456789003,CG,Cipta Digital,54000.0,0.0,0.0,0.0,54000.0,54000.0,0.0,54000.0,0.0,0.0,100.0,2026-04-16 19:35:00,2026-04-17 13:10:00,,,-1.0,0.0,0,0,False,Paid - On Time/Early,2,1,CG-JZM,BCA Jazmi Hamzah,"dp, paid",ENTRY,0,,0,0,0,,2026-10-03 07:00:00,paid,END USER,54000.0,54000.0,54000.0,0.0,0.0,True,False,0.0,Payment date earlier than invoice date,Settled,External Customer,True
019d9649-37b5-76a0-82c6-a7a422d09719,CJFA2604160017,2026-04-17 02:34:00.000,2026-04-17 03:34:00.000,paid,,019b8de1-c6ba-72a9-8e2e-87a6b1b15702,CG0088,Aang Yogya,AGEN,AGEN,019490f2-0002-7000-8000-123456789002,CNJ,Cipta Cianjur,7000.0,0.0,0.0,0.0,7000.0,7000.0,0.0,7000.0,0.0,0.0,100.0,2026-04-16 19:34:00,2026-04-16 19:34:00,,,-1.0,-1.0,0,0,False,Paid - On Time/Early,1,1,CNJ-CIB,Cash in Box,paid,ENTRY,0,,0,0,0,,2026-10-03 07:00:00,paid,AGEN,7000.0,7000.0,7000.0,0.0,0.0,True,False,0.0,Payment date earlier than invoice date,Settled,External Customer,False
019d9652-9ae1-77e9-9a7b-238820831e63,CJFA2604160019,2026-04-17 02:34:00.000,2026-04-17 03:34:00.000,paid,,019b8de1-c6b8-75ba-9066-e4e5c3fbb0af,UMK0089,Opay Sablon,UMKM,UMKM,019490f2-0002-7000-8000-123456789002,CNJ,Cipta Cianjur,33000.0,0.0,0.0,0.0,33000.0,33000.0,0.0,33000.0,0.0,0.0,100.0,2026-04-16 19:45:00,2026-04-16 19:45:00,,,-1.0,-1.0,0,0,False,Paid - On Time/Early,1,1,CNJ-CIB,Cash in Box,paid,ENTRY,0,,0,0,0,,2026-10-03 07:00:00,paid,UMKM,33000.0,33000.0,33000.0,0.0,0.0,True,False,0.0,Payment date earlier than invoice date,Settled,External Customer,False
019d9668-ee11-728f-b8bb-67621d3d4533,CGEL2604160013,2026-04-17 02:38:00.000,2026-04-17 03:38:00.000,paid,,019d9668-bf71-713b-aafe-ec5ab01c0564,USR000337,Ghifari Gifa,EU,END USER,019490f2-0003-7000-8000-123456789003,CG,Cipta Digital,30000.0,0.0,0.0,0.0,30000.0,30000.0,0.0,30000.0,0.0,0.0,100.0,2026-04-16 20:09:00,2026-04-16 20:09:00,,,-1.0,-1.0,0,0,False,Paid - On Time/Early,1,1,CG-CIB,Cash in Box,paid,ENTRY,0,,0,0,0,,2026-10-03 07:00:00,paid,END USER,30000.0,30000.0,30000.0,0.0,0.0,True,False,0.0,Payment date earlier than invoice date,Settled,External Customer,False
019d9a71-54d0-71aa-80d0-e0788699e9af,CJYR2604170010,2026-04-17 21:55:00.000,2026-04-17 22:55:00.000,paid,,019b8de1-c6ba-72a9-8e2e-43977cf4daf0,CG0071,Sun Project Iyan,AGEN,AGEN,019490f2-0002-7000-8000-123456789002,CNJ,Cipta Cianjur,54000.0,0.0,0.0,0.0,54000.0,54000.0,0.0,54000.0,0.0,0.0,100.0,2026-03-13 11:11:00,2026-03-13 11:11:00,,,-35.0,-35.0,0,0,False,Paid - On Time/Early,1,1,CNJ-BCA,BCA 2201,paid,ENTRY,0,,0,0,0,,2026-10-03 07:00:00,paid,AGEN,54000.0,54000.0,54000.0,0.0,0.0,True,False,0.0,Payment date earlier than invoice date,Settled,External Customer,False
019d9b25-d2bc-75d9-a3f0-0574b2884502,CGMP2604170013,2026-04-18 00:47:00.000,2026-04-18 01:47:00.000,paid,,019d9b25-5694-70f4-8e4b-f40a2f16b6d1,INS000235,Adhityo Wahyu Nugroho,INSTANSI,INSTANSI,019490f2-0003-7000-8000-123456789003,CG,Cipta Digital,66000.0,0.0,0.0,0.0,66000.0,66000.0,0.0,66000.0,0.0,0.0,100.0,2026-04-17 18:15:00,2026-04-17 18:15:00,,,-1.0,-1.0,0,0,False,Paid - On Time/Early,1,1,CG-CIB,Cash in Box,paid,ENTRY,0,,0,0,0,,2026-10-03 07:00:00,paid,INSTANSI,66000.0,66000.0,66000.0,0.0,0.0,True,False,0.0,Payment date earlier than invoice date,Settled,External Customer,False
019d9b32-cb48-70f2-8c2a-66b0453b7f8a,CGMP2604170014,2026-04-18 00:47:00.000,2026-04-18 01:47:00.000,paid,,019d9b32-7e7d-7149-8ae9-68685a3d56d0,INS000236,Rizky Progmil,INSTANSI,INSTANSI,019490f2-0003-7000-8000-123456789003,CG,Cipta Digital,100000.0,0.0,0.0,0.0,100000.0,100000.0,0.0,100000.0,0.0,0.0,100.0,2026-04-17 18:39:00,2026-04-17 18:39:00,,,-1.0,-1.0,0,0,False,Paid - On Time/Early,1,1,CG-JZM,BCA Jazmi Hamzah,paid,ENTRY,0,,0,0,0,,2026-10-03 07:00:00,paid,INSTANSI,100000.0,100000.0,100000.0,0.0,0.0,True,False,0.0,Payment date earlier than invoice date,Settled,External Customer,False
019d9b49-7f40-73d7-a003-b61aff615ab2,PKAB2604170011,2026-04-18 01:51:00.000,2026-04-18 02:51:00.000,paid,,019b91a5-4e40-7661-9516-1116a17ce340,UMK0052,Evi (Evi),UMKM,UMKM,019b8a09-0bf8-7497-98a0-86a53a78e02f,PWK,Cipta Purwakarta,10000.0,0.0,0.0,0.0,10000.0,10000.0,0.0,10000.0,0.0,0.0,100.0,2026-04-17 18:53:00,2026-04-17 18:53:00,,,-1.0,-1.0,0,0,False,Paid - On Time/Early,1,1,PWK-CIB,Cash in Box,paid,ENTRY,0,,0,0,0,,2026-10-03 07:00:00,paid,UMKM,10000.0,10000.0,10000.0,0.0,0.0,True,False,0.0,Payment date earlier than invoice date,Settled,External Customer,False
019d9b50-6fa9-7595-993e-38e2d71ec046,CGMP2604170016,2026-04-18 01:41:00.000,2026-04-18 02:41:00.000,paid,,019c35f0-7da9-7577-af89-a4b213a785df,INS000081,Luthfiyyah Sabila Ismail,INSTANSI,INSTANSI,019490f2-0003-7000-8000-123456789003,CG,Cipta Digital,7000.0,0.0,0.0,0.0,7000.0,7000.0,0.0,7000.0,0.0,0.0,100.0,2026-04-17 19:00:00,2026-04-17 19:00:00,,,-1.0,-1.0,0,0,False,Paid - On Time/Early,1,1,CG-CIB,Cash in Box,paid,ENTRY,0,,0,0,0,,2026-10-03 07:00:00,paid,INSTANSI,7000.0,7000.0,7000.0,0.0,0.0,True,False,0.0,Payment date earlier than invoice date,Settled,External Customer,False
019d9b58-cf92-70b0-801c-7824ae3e3307,PKAB2604170012,2026-04-18 01:51:00.000,2026-04-18 02:51:00.000,paid,,019b91a5-4e40-7661-9515-f03f379b69b7,UMK0044,Asep (Asep),UMKM,UMKM,019b8a09-0bf8-7497-98a0-86a53a78e02f,PWK,Cipta Purwakarta,50000.0,0.0,0.0,0.0,50000.0,50000.0,0.0,50000.0,0.0,0.0,100.0,2026-04-17 19:53:00,2026-04-17 19:53:00,,,-1.0,-1.0,0,0,False,Paid - On Time/Early,1,1,PWK-BCA,BCA PWK,paid,ENTRY,0,,0,0,0,,2026-10-03 07:00:00,paid,UMKM,50000.0,50000.0,50000.0,0.0,0.0,True,False,0.0,Payment date earlier than invoice date,Settled,External Customer,False
019d9b60-6c33-724c-9755-f1c95f21d8a9,CGMP2604170017,2026-04-18 01:41:00.000,2026-04-18 02:41:00.000,paid,,019c35f0-7da9-7577-af89-a4b213a785df,INS000081,Luthfiyyah Sabila Ismail,INSTANSI,INSTANSI,019490f2-0003-7000-8000-123456789003,CG,Cipta Digital,7000.0,0.0,0.0,0.0,7000.0,7000.0,0.0,7000.0,0.0,0.0,100.0,2026-04-17 19:18:00,2026-04-17 19:18:00,,,-1.0,-1.0,0,0,False,Paid - On Time/Early,1,1,CG-CIB,Cash in Box,paid,ENTRY,0,,0,0,0,,2026-10-03 07:00:00,paid,INSTANSI,7000.0,7000.0,7000.0,0.0,0.0,True,False,0.0,Payment date earlier than invoice date,Settled,External Customer,False
019da394-3044-766a-9ca0-d886ff4a1ec0,CJFU2604190002,2026-04-19 16:10:00.000,2026-04-19 17:10:00.000,paid,,019c1d6d-94e8-762e-a51d-7f540a4f0697,USR000775,Rina (Rina),EU,END USER,019490f2-0002-7000-8000-123456789002,CNJ,Cipta Cianjur,400000.0,0.0,0.0,0.0,400000.0,400000.0,0.0,400000.0,0.0,0.0,100.0,2026-04-16 09:31:00,2026-04-19 09:31:00,,,-3.0,0.0,0,0,False,Paid - On Time/Early,2,1,CNJ-BCA,BCA 2201,"dp, paid",ENTRY,0,,0,0,0,,2026-10-03 07:00:00,paid,END USER,400000.0,400000.0,400000.0,0.0,0.0,True,False,0.0,Payment date earlier than invoice date,Settled,External Customer,False
019da590-c332-7185-b01e-ae9da909aa72,CJFA2604190001,2026-04-20 00:16:00.000,2026-04-20 01:16:00.000,paid,,019b8de1-c6b8-75ba-9066-917c4b0703b9,UMK0068,Simkuring Batik Cianjur,UMKM,UMKM,019490f2-0002-7000-8000-123456789002,CNJ,Cipta Cianjur,288000.0,0.0,0.0,0.0,288000.0,288000.0,0.0,288000.0,0.0,0.0,100.0,2026-04-19 19:06:00,2026-04-19 19:06:00,,,-1.0,-1.0,0,0,False,Paid - On Time/Early,1,1,CNJ-BCA,BCA 2201,paid,ENTRY,0,,0,0,0,,2026-10-03 07:00:00,paid,UMKM,288000.0,288000.0,288000.0,0.0,0.0,True,False,0.0,Payment date earlier than invoice date,Settled,External Customer,False
019da8fa-aaf2-73fb-a98d-e1f15891807f,CJRR2604200002,2026-04-20 15:12:00.000,2026-04-20 16:12:00.000,paid,,019b8de1-c6ba-72a9-8e2e-43977cf4daf0,CG0071,Sun Project Iyan,AGEN,AGEN,019490f2-0002-7000-8000-123456789002,CNJ,Cipta Cianjur,96000.0,0.0,0.0,0.0,96000.0,96000.0,0.0,96000.0,0.0,0.0,100.0,2026-03-13 11:11:00,2026-03-13 11:11:00,,,-38.0,-38.0,0,0,False,Paid - On Time/Early,1,1,CNJ-BCA,BCA 2201,paid,ENTRY,0,,0,0,0,,2026-10-03 07:00:00,paid,AGEN,96000.0,96000.0,96000.0,0.0,0.0,True,False,0.0,Payment date earlier than invoice date,Settled,External Customer,False
019daaca-57f5-75dc-a59f-26af6567d1a1,CGEL2604200005,2026-04-21 01:58:00.000,2026-04-21 02:58:00.000,paid,,019b9e35-f787-755d-9c8c-43e8f5d600a5,EU5146,M Ridwan,EU,END USER,019490f2-0003-7000-8000-123456789003,CG,Cipta Digital,12000.0,0.0,0.0,0.0,12000.0,12000.0,0.0,12000.0,0.0,0.0,100.0,2026-04-20 19:08:00,2026-04-20 19:08:00,,,-1.0,-1.0,0,0,False,Paid - On Time/Early,1,1,CG-CIB,Cash in Box,paid,ENTRY,0,,0,0,0,,2026-10-03 07:00:00,paid,END USER,12000.0,12000.0,12000.0,0.0,0.0,True,False,0.0,Payment date earlier than invoice date,Settled,External Customer,False
019daada-02f9-7695-98ad-5b35d5789a89,CGSB2604200006,2026-04-21 00:24:00.000,2026-04-21 01:24:00.000,paid,,019b9e2e-816b-7217-910d-e963a219ac62,EU1136,Wawan Irawan,EU,END USER,019490f2-0003-7000-8000-123456789003,CG,Cipta Digital,391000.0,0.0,0.0,0.0,391000.0,391000.0,0.0,391000.0,0.0,0.0,100.0,2026-04-20 20:18:00,2026-04-20 20:18:00,,,-1.0,-1.0,0,0,False,Paid - On Time/Early,1,1,CG-JZM,BCA Jazmi Hamzah,paid,ENTRY,0,,0,0,0,,2026-10-03 07:00:00,paid,END USER,391000.0,391000.0,391000.0,0.0,0.0,True,False,0.0,Payment date earlier than invoice date,Settled,External Customer,False
019daae0-6c70-775d-8fee-d8d71444bb77,CGSB2604200007,2026-04-21 00:24:00.000,2026-04-21 01:24:00.000,paid,,019daae0-275a-738c-a687-9c7dc9095e27,USR000359,Tk Ai Gontor,EU,END USER,019490f2-0003-7000-8000-123456789003,CG,Cipta Digital,50000.0,0.0,0.0,0.0,50000.0,35000.0,0.0,35000.0,15000.0,0.0,70.0,2026-04-20 19:34:00,2026-04-20 19:34:00,,,-1.0,,0,165,True,Partially Paid - Overdue,1,1,CG-JZM,BCA Jazmi Hamzah,paid,ENTRY,0,,0,0,0,,2026-10-03 07:00:00,paid,END USER,50000.0,35000.0,35000.0,15000.0,0.0,False,True,15000.0,Payment date earlier than invoice date,90+ Days,External Customer,False
019daae5-47bb-7653-bf85-9d9ade00e4e0,CJYR2604200006,2026-04-21 02:19:00.000,2026-04-21 03:19:00.000,paid,,019b8de1-c6ba-72a9-8e2e-4bac9ac0d73c,CG0073,Perc. Agam Nazwa Digital,AGEN,AGEN,019490f2-0002-7000-8000-123456789002,CNJ,Cipta Cianjur,10000.0,0.0,0.0,0.0,10000.0,10000.0,0.0,10000.0,0.0,0.0,100.0,2026-04-20 19:37:00,2026-04-20 19:37:00,,,-1.0,-1.0,0,0,False,Paid - On Time/Early,1,1,CNJ-CIB,Cash in Box,paid,ENTRY,0,,0,0,0,,2026-10-03 07:00:00,paid,AGEN,10000.0,10000.0,10000.0,0.0,0.0,True,False,0.0,Payment date earlier than invoice date,Settled,External Customer,False
019dab00-27ff-764a-a578-7c0ec49f9260,CGSB2604200008,2026-04-21 00:24:00.000,2026-04-21 01:24:00.000,paid,,019daaff-66e8-70a8-bd0a-2e7012bdedc9,USR000361,Core Coffe,EU,END USER,019490f2-0003-7000-8000-123456789003,CG,Cipta Digital,96000.0,0.0,0.0,0.0,96000.0,96000.0,0.0,96000.0,0.0,0.0,100.0,2026-04-20 20:06:00,2026-04-20 20:06:00,,,-1.0,-1.0,0,0,False,Paid - On Time/Early,1,1,CG-JZM,BCA Jazmi Hamzah,paid,ENTRY,0,,0,0,0,,2026-10-03 07:00:00,paid,END USER,96000.0,96000.0,96000.0,0.0,0.0,True,False,0.0,Payment date earlier than invoice date,Settled,External Customer,False
019dab0f-35f5-763a-bca8-98a71d2473b3,CJFU2604200001,2026-04-21 01:38:00.000,2026-04-21 02:38:00.000,paid,,019b8de1-c6b8-75ba-9064-6c6cdbdc107f,INS0040,Polres Cianjur,INSTANSI,INSTANSI,019490f2-0002-7000-8000-123456789002,CNJ,Cipta Cianjur,120000.0,0.0,0.0,0.0,120000.0,120000.0,0.0,120000.0,0.0,0.0,100.0,2026-04-20 21:08:00,2026-04-20 21:08:00,,,-1.0,-1.0,0,0,False,Paid - On Time/Early,1,1,CNJ-CIB,Cash in Box,paid,ENTRY,0,,0,0,0,,2026-10-03 07:00:00,paid,INSTANSI,120000.0,120000.0,120000.0,0.0,0.0,True,False,0.0,Payment date earlier than invoice date,Settled,External Customer,False
019dae1e-b974-773b-ae78-9197ffacef6f,PKDR2604200004,2026-04-21 17:38:00.000,2026-04-21 18:06:00.000,paid,4400928582,019b91a5-4e3d-702c-bb5c-b25d99ca7535,IND0019,Pt Prysmian Cables Indonesia,INDUSTRI,INDUSTRI,019b8a09-0bf8-7497-98a0-86a53a78e02f,PWK,Cipta Purwakarta,2050000.0,0.0,225500.0,0.0,2275500.0,2275500.0,0.0,2275500.0,0.0,0.0,100.0,2026-02-28 14:45:00,2026-02-28 14:45:00,,,-52.0,-52.0,0,0,False,Paid - On Time/Early,1,1,PWK-BCA,BCA PWK,paid,ENTRY,0,,0,0,0,,2026-10-03 07:00:00,paid,INDUSTRI,2275500.0,2275500.0,2275500.0,0.0,0.0,True,False,0.0,Payment date earlier than invoice date,Settled,External Customer,False
019daf88-dd30-709d-ae79-634a91b8d4a8,GRRA2604210009,2026-04-22 00:12:00.000,2026-04-22 01:12:00.000,dp,,019daf81-2059-723d-88c3-b6fb5787e0c9,USR000144,"Azizah, Azizah",EU,END USER,019490f2-0000-7000-8000-123456789000,GRH,Cipta Graha,750000.0,0.0,0.0,0.0,750000.0,500000.0,0.0,500000.0,250000.0,0.0,66.67,2026-04-21 17:33:00,2026-04-21 17:33:00,,,-1.0,,0,164,True,Partially Paid - Overdue,1,1,GRH-CIB,Cash in Box,dp,ENTRY,0,,0,0,0,,2026-10-03 07:00:00,dp,END USER,750000.0,500000.0,500000.0,250000.0,0.0,False,True,250000.0,Payment date earlier than invoice date,90+ Days,External Customer,False
019daf8a-3a63-741b-ac6b-deec9b921847,CGNM2604210017,2026-04-22 00:13:00.000,2026-04-22 01:13:00.000,paid,,019b9dc5-25f7-718d-b9cf-63f1f63edc71,UMK0100,Susi Yam Yam,UMKM,UMKM,019490f2-0003-7000-8000-123456789003,CG,Cipta Digital,150000.0,0.0,0.0,0.0,150000.0,150000.0,0.0,150000.0,0.0,0.0,100.0,2026-04-21 17:16:00,2026-04-21 17:16:00,,,-1.0,-1.0,0,0,False,Paid - On Time/Early,1,1,CG-JZM,BCA Jazmi Hamzah,paid,ENTRY,0,,0,0,0,,2026-10-03 07:00:00,paid,UMKM,150000.0,150000.0,150000.0,0.0,0.0,True,False,0.0,Payment date earlier than invoice date,Settled,External Customer,False
019dafa0-d390-7377-95d9-24e488af82a5,PKJA2604210025,2026-04-22 00:34:00.000,2026-04-22 01:34:00.000,paid,,019b91a7-6a0f-728f-88a2-618d28b4caaf,USR02087,Nurma (Nurma),EU,END USER,019b8a09-0bf8-7497-98a0-86a53a78e02f,PWK,Cipta Purwakarta,36000.0,0.0,0.0,0.0,36000.0,36000.0,0.0,36000.0,0.0,0.0,100.0,2026-04-21 17:55:00,2026-04-21 17:55:00,,,-1.0,-1.0,0,0,False,Paid - On Time/Early,1,1,PWK-BCA,BCA PWK,paid,ENTRY,0,,0,0,0,,2026-10-03 07:00:00,paid,END USER,36000.0,36000.0,36000.0,0.0,0.0,True,False,0.0,Payment date earlier than invoice date,Settled,External Customer,False
019dafbf-a3dc-76c8-a466-e119c062fadb,PKJA2604210026,2026-04-22 00:55:00.000,2026-04-22 01:55:00.000,paid,,019b91a7-6a0a-74e8-97c5-8f54b6c428d4,USR01047,Jajat Yamaba,EU,END USER,019b8a09-0bf8-7497-98a0-86a53a78e02f,PWK,Cipta Purwakarta,13000.0,0.0,0.0,0.0,13000.0,13000.0,0.0,13000.0,0.0,0.0,100.0,2026-04-21 20:01:00,2026-04-21 20:01:00,,,-1.0,-1.0,0,0,False,Paid - On Time/Early,1,1,PWK-CIB,Cash in Box,paid,ENTRY,0,,0,0,0,,2026-10-03 07:00:00,paid,END USER,13000.0,13000.0,13000.0,0.0,0.0,True,False,0.0,Payment date earlier than invoice date,Settled,External Customer,False
019dafe8-9c99-75be-9d2c-93aede3f1f33,PKJA2604210029,2026-04-22 01:48:00.000,2026-04-22 02:48:00.000,paid,,019b91a7-6a0e-754f-8012-09c7bc488ae4,USR01954,Dini (Dini),EU,END USER,019b8a09-0bf8-7497-98a0-86a53a78e02f,PWK,Cipta Purwakarta,14000.0,0.0,0.0,0.0,14000.0,14000.0,0.0,14000.0,0.0,0.0,100.0,2026-04-21 20:00:00,2026-04-21 20:00:00,,,-1.0,-1.0,0,0,False,Paid - On Time/Early,1,1,PWK-CIB,Cash in Box,paid,ENTRY,0,,0,0,0,,2026-10-03 07:00:00,paid,END USER,14000.0,14000.0,14000.0,0.0,0.0,True,False,0.0,Payment date earlier than invoice date,Settled,External Customer,False
019daff8-3714-703c-8db9-dfabbed7f376,PKJA2604210032,2026-04-22 01:48:00.000,2026-04-22 02:48:00.000,paid,,019b91a7-6a0a-74e8-97c4-7870a7dd9708,USR00978,Bobi (Bobi),EU,END USER,019b8a09-0bf8-7497-98a0-86a53a78e02f,PWK,Cipta Purwakarta,15000.0,0.0,0.0,0.0,15000.0,15000.0,0.0,15000.0,0.0,0.0,100.0,2026-04-21 20:00:00,2026-04-21 20:00:00,,,-1.0,-1.0,0,0,False,Paid - On Time/Early,1,1,PWK-CIB,Cash in Box,paid,ENTRY,0,,0,0,0,,2026-10-03 07:00:00,paid,END USER,15000.0,15000.0,15000.0,0.0,0.0,True,False,0.0,Payment date earlier than invoice date,Settled,External Customer,False
019db013-002e-7288-b35a-edd871f35ebe,PKJA2604210034,2026-04-22 01:48:00.000,2026-04-22 02:48:00.000,paid,,019b91a5-4e42-73a9-8ac3-24e635c1d0f8,UMK0540,Dapoer Raeesa,UMKM,UMKM,019b8a09-0bf8-7497-98a0-86a53a78e02f,PWK,Cipta Purwakarta,21000.0,0.0,0.0,0.0,21000.0,21000.0,0.0,21000.0,0.0,0.0,100.0,2026-04-21 19:53:00,2026-04-21 19:53:00,,,-1.0,-1.0,0,0,False,Paid - On Time/Early,1,1,PWK-CIB,Cash in Box,paid,ENTRY,0,,0,0,0,,2026-10-03 07:00:00,paid,UMKM,21000.0,21000.0,21000.0,0.0,0.0,True,False,0.0,Payment date earlier than invoice date,Settled,External Customer,False
019db021-be96-750f-94ad-a91fde3e4133,CJYR2604210005,2026-04-22 02:42:00.000,2026-04-22 03:42:00.000,paid,,019b8de1-c6ba-72a9-8e2e-4bac9ac0d73c,CG0073,Perc. Agam Nazwa Digital,AGEN,AGEN,019490f2-0002-7000-8000-123456789002,CNJ,Cipta Cianjur,82000.0,0.0,0.0,0.0,82000.0,82000.0,0.0,82000.0,0.0,0.0,100.0,2026-04-21 20:02:00,2026-04-21 20:02:00,,,-1.0,-1.0,0,0,False,Paid - On Time/Early,1,1,CNJ-CIB,Cash in Box,paid,ENTRY,0,,0,0,0,,2026-10-03 07:00:00,paid,AGEN,82000.0,82000.0,82000.0,0.0,0.0,True,False,0.0,Payment date earlier than invoice date,Settled,External Customer,False
019db4b2-567a-705e-86ad-64a1a796ef8d,OLDA2604220003,2026-04-23 00:15:00.000,2026-04-23 01:15:00.000,paid,,019b8dd4-9af9-74d8-b77e-277fb105f8a9,UMK0037,Rakan (Rakan),UMKM,UMKM,019ab8e3-cb41-7087-92ab-c7596e6780f4,OL,Cipta Online,4150000.0,0.0,0.0,0.0,4150000.0,4150000.0,0.0,4150000.0,0.0,0.0,100.0,2026-04-22 17:37:00,2026-04-22 17:37:00,,,-1.0,-1.0,0,0,False,Paid - On Time/Early,1,1,OL-FDL,BCA Online,paid,ENTRY,0,,0,0,0,,2026-10-03 07:00:00,paid,UMKM,4150000.0,4150000.0,4150000.0,0.0,0.0,True,False,0.0,Payment date earlier than invoice date,Settled,External Customer,False
019db4d3-4ca8-766f-8983-54b48c444228,CGMR2604220007,2026-04-23 00:46:00.000,2026-04-23 01:46:00.000,paid,,019db4d2-4d04-745a-ac8f-8ae15831f74b,INS000263,Zalfa Ayab,INSTANSI,INSTANSI,019490f2-0003-7000-8000-123456789003,CG,Cipta Digital,11000.0,0.0,0.0,0.0,11000.0,11000.0,0.0,11000.0,0.0,0.0,100.0,2026-04-22 17:53:00,2026-04-22 17:53:00,,,-1.0,-1.0,0,0,False,Paid - On Time/Early,1,1,CG-QRIS,QRIS BCA,paid,ENTRY,0,,0,0,0,,2026-10-03 07:00:00,paid,INSTANSI,11000.0,11000.0,11000.0,0.0,0.0,True,False,0.0,Payment date earlier than invoice date,Settled,External Customer,False
019db4f6-9cde-73ce-91af-f1a71876fb44,PKJA2604220022,2026-04-23 01:27:00.000,2026-04-23 02:27:00.000,paid,,019d9488-27ab-73eb-97aa-127cc1b6aea9,USR000345,Universitas Kartamulia Purwakarta,EU,END USER,019b8a09-0bf8-7497-98a0-86a53a78e02f,PWK,Cipta Purwakarta,1129500.0,0.0,0.0,0.0,1129500.0,1129500.0,0.0,1129500.0,0.0,0.0,100.0,2026-04-22 18:51:00,2026-04-22 18:51:00,,,-1.0,-1.0,0,0,False,Paid - On Time/Early,1,1,PWK-BCA,BCA PWK,paid,ENTRY,0,,0,0,0,,2026-10-03 07:00:00,paid,END USER,1129500.0,1129500.0,1129500.0,0.0,0.0,True,False,0.0,Payment date earlier than invoice date,Settled,External Customer,False
019db523-e5a5-7775-9bc4-39397c0d11a2,CGMR2604220008,2026-04-23 00:46:00.000,2026-04-23 01:46:00.000,paid,,019db51b-bbd6-758a-bfcd-c13ea8988c78,INS000264,Yeti Shenita,INSTANSI,INSTANSI,019490f2-0003-7000-8000-123456789003,CG,Cipta Digital,204000.0,0.0,0.0,0.0,204000.0,204000.0,0.0,204000.0,0.0,0.0,100.0,2026-04-22 19:21:00,2026-04-22 19:21:00,,,-1.0,-1.0,0,0,False,Paid - On Time/Early,1,1,CG-QRIS,QRIS BCA,paid,ENTRY,0,,0,0,0,,2026-10-03 07:00:00,paid,INSTANSI,204000.0,204000.0,204000.0,0.0,0.0,True,False,0.0,Payment date earlier than invoice date,Settled,External Customer,False
019db531-29a8-702f-8c76-4f63bf829451,OLDA2604220004,2026-04-23 00:15:00.000,2026-04-23 01:15:00.000,paid,,019c3bf2-c29b-763c-82c0-56d9c2ba7db8,USR000090,Rangga Aldiansyah Ramadhan,EU,END USER,019ab8e3-cb41-7087-92ab-c7596e6780f4,OL,Cipta Online,34000.0,0.0,0.0,0.0,34000.0,34000.0,0.0,34000.0,0.0,0.0,100.0,2026-04-22 19:45:00,2026-04-22 19:45:00,,,-1.0,-1.0,0,0,False,Paid - On Time/Early,1,1,OL-FDL,BCA Online,paid,ENTRY,0,,0,0,0,,2026-10-03 07:00:00,paid,END USER,34000.0,34000.0,34000.0,0.0,0.0,True,False,0.0,Payment date earlier than invoice date,Settled,External Customer,False
019db53e-d9ff-7344-ab06-e9fe4731a1a2,CGMR2604220009,2026-04-23 00:46:00.000,2026-04-23 01:46:00.000,paid,,019d6297-e1fd-7549-b59e-7600e15308cf,UMK000464,Roy Setiawan,UMKM,UMKM,019490f2-0003-7000-8000-123456789003,CG,Cipta Digital,34000.0,0.0,0.0,0.0,34000.0,34000.0,0.0,34000.0,0.0,0.0,100.0,2026-04-22 19:51:00,2026-04-22 19:51:00,,,-1.0,-1.0,0,0,False,Paid - On Time/Early,1,1,CG-QRIS,QRIS BCA,paid,ENTRY,0,,0,0,0,,2026-10-03 07:00:00,paid,UMKM,34000.0,34000.0,34000.0,0.0,0.0,True,False,0.0,Payment date earlier than invoice date,Settled,External Customer,False
019db549-4412-7190-9074-93adabfa1825,CGMR2604220010,2026-04-23 00:46:00.000,2026-04-23 01:46:00.000,paid,,019db51b-bbd6-758a-bfcd-c13ea8988c78,INS000264,Yeti Shenita,INSTANSI,INSTANSI,019490f2-0003-7000-8000-123456789003,CG,Cipta Digital,8000.0,0.0,0.0,0.0,8000.0,8000.0,0.0,8000.0,0.0,0.0,100.0,2026-04-22 20:03:00,2026-04-22 20:03:00,,,-1.0,-1.0,0,0,False,Paid - On Time/Early,1,1,CG-CIB,Cash in Box,paid,ENTRY,0,,0,0,0,,2026-10-03 07:00:00,paid,INSTANSI,8000.0,8000.0,8000.0,0.0,0.0,True,False,0.0,Payment date earlier than invoice date,Settled,External Customer,False
019db551-bc47-7416-b09a-250d9ab610b9,CJFU2604220007,2026-04-23 02:39:00.000,2026-04-23 03:39:00.000,paid,,019c1d66-6da6-722a-a5d5-4aa803a04f46,USR000201,Fauzan Arvi Ghifari,EU,END USER,019490f2-0002-7000-8000-123456789002,CNJ,Cipta Cianjur,210000.0,10000.0,0.0,0.0,200000.0,200000.0,0.0,200000.0,0.0,0.0,100.0,2026-04-22 20:24:00,2026-04-22 20:24:00,,,-1.0,-1.0,0,0,False,Paid - On Time/Early,1,1,CNJ-BCA,BCA 2201,paid,ENTRY,0,,0,0,0,,2026-10-03 07:00:00,paid,END USER,200000.0,200000.0,200000.0,0.0,0.0,True,False,0.0,Payment date earlier than invoice date,Settled,External Customer,False
019db585-c3df-7688-80fb-667f8f6aaf72,CJFA2604220005,2026-04-23 01:11:00.000,2026-04-23 02:11:00.000,paid,,019c1cb9-7a12-740e-bfde-4b9cde3bf96b,EDU000054,SMK Negeri 2 Cilaku,SEKOLAH,SEKOLAH,019490f2-0002-7000-8000-123456789002,CNJ,Cipta Cianjur,85000.0,0.0,0.0,0.0,85000.0,85000.0,0.0,85000.0,0.0,0.0,100.0,2026-04-22 21:09:00,2026-04-22 21:09:00,,,-1.0,-1.0,0,0,False,Paid - On Time/Early,1,1,CNJ-CIB,Cash in Box,paid,ENTRY,0,,0,0,0,,2026-10-03 07:00:00,paid,SEKOLAH,85000.0,85000.0,85000.0,0.0,0.0,True,False,0.0,Payment date earlier than invoice date,Settled,External Customer,False
019dba16-c516-73cc-8f71-f4b5f88140f1,OLDA2604230003,2026-04-24 00:36:00.000,2026-04-24 01:36:00.000,paid,,019b8dd4-9afd-7378-9ccd-7196fbad2d6e,USR0252,Arman (Arman),EU,END USER,019ab8e3-cb41-7087-92ab-c7596e6780f4,OL,Cipta Online,1295250.0,0.0,0.0,0.0,1295250.0,1295250.0,0.0,1295250.0,0.0,0.0,100.0,2026-04-23 18:48:00,2026-04-23 18:48:00,,,-1.0,-1.0,0,0,False,Paid - On Time/Early,1,1,OL-FDL,BCA Online,paid,ENTRY,0,,0,0,0,,2026-10-03 07:00:00,paid,END USER,1295250.0,1295250.0,1295250.0,0.0,0.0,True,False,0.0,Payment date earlier than invoice date,Settled,External Customer,False
019dba59-5438-702e-8edd-813f6ef9c31c,CJFA2604230005,2026-04-24 02:30:00.000,2026-04-24 03:30:00.000,paid,,019c1d66-6da6-722a-a5d6-4f0471520d1b,USR000266,Novia (Novia),EU,END USER,019490f2-0002-7000-8000-123456789002,CNJ,Cipta Cianjur,75000.0,0.0,0.0,0.0,75000.0,75000.0,0.0,75000.0,0.0,0.0,100.0,2026-04-23 19:52:00,2026-04-23 19:52:00,,,-1.0,-1.0,0,0,False,Paid - On Time/Early,1,1,CNJ-CIB,Cash in Box,paid,ENTRY,0,,0,0,0,,2026-10-03 07:00:00,paid,END USER,75000.0,75000.0,75000.0,0.0,0.0,True,False,0.0,Payment date earlier than invoice date,Settled,External Customer,False
019dba5a-4d3a-753c-b4e0-d127d05afb82,PKAS2604230014,2026-04-24 02:36:00.000,2026-04-24 03:36:00.000,paid,,019dba59-3680-723e-b9f9-ed8b35659c6b,INS000021,Bdx Data Center Indonesia,INSTANSI,INSTANSI,019b8a09-0bf8-7497-98a0-86a53a78e02f,PWK,Cipta Purwakarta,373000.0,0.0,0.0,0.0,373000.0,373000.0,0.0,373000.0,0.0,0.0,100.0,2026-04-23 19:39:00,2026-04-23 19:39:00,,,-1.0,-1.0,0,0,False,Paid - On Time/Early,1,1,PWK-BCA,BCA PWK,paid,ENTRY,0,,0,0,0,,2026-10-03 07:00:00,paid,INSTANSI,373000.0,373000.0,373000.0,0.0,0.0,True,False,0.0,Payment date earlier than invoice date,Settled,External Customer,False
019dba5d-6510-7384-8b67-042e3367dd73,CJFA2604230006,2026-04-24 02:30:00.000,2026-04-24 03:30:00.000,paid,,019d76eb-e30d-75df-967d-9c79b689baac,EDU000072,Ma Negeri Ii Cianjur,SEKOLAH,SEKOLAH,019490f2-0002-7000-8000-123456789002,CNJ,Cipta Cianjur,75000.0,0.0,0.0,0.0,75000.0,75000.0,0.0,75000.0,0.0,0.0,100.0,2026-04-23 19:43:00,2026-04-23 19:43:00,,,-1.0,-1.0,0,0,False,Paid - On Time/Early,1,1,CNJ-CIB,Cash in Box,paid,ENTRY,0,,0,0,0,,2026-10-03 07:00:00,paid,SEKOLAH,75000.0,75000.0,75000.0,0.0,0.0,True,False,0.0,Payment date earlier than invoice date,Settled,External Customer,False
019dba7b-a6b0-73c8-b940-3da6f0cc5b23,CJFA2604230007,2026-04-24 02:30:00.000,2026-04-24 03:30:00.000,paid,,019b8de1-c6bb-707a-8730-85c412461b9c,CG0196,Perc. Go Print,AGEN,AGEN,019490f2-0002-7000-8000-123456789002,CNJ,Cipta Cianjur,70000.0,0.0,0.0,0.0,70000.0,70000.0,0.0,70000.0,0.0,0.0,100.0,2026-04-23 20:17:00,2026-04-23 20:17:00,,,-1.0,-1.0,0,0,False,Paid - On Time/Early,1,1,CNJ-CIB,Cash in Box,paid,ENTRY,0,,0,0,0,,2026-10-03 07:00:00,paid,AGEN,70000.0,70000.0,70000.0,0.0,0.0,True,False,0.0,Payment date earlier than invoice date,Settled,External Customer,False
019dbac0-2439-74aa-a045-05893b170d6f,CJFA2604230009,2026-04-24 02:30:00.000,2026-04-24 03:30:00.000,paid,,019b8de1-c6ba-72a9-8e2d-05f516a07b17,UMK0395,Annisa Wedding,UMKM,UMKM,019490f2-0002-7000-8000-123456789002,CNJ,Cipta Cianjur,15000.0,0.0,0.0,0.0,15000.0,15000.0,0.0,15000.0,0.0,0.0,100.0,2026-04-23 16:40:00,2026-04-23 16:40:00,,,-1.0,-1.0,0,0,False,Paid - On Time/Early,1,1,CNJ-CIB,Cash in Box,paid,ENTRY,0,,0,0,0,,2026-10-03 07:00:00,paid,UMKM,15000.0,15000.0,15000.0,0.0,0.0,True,False,0.0,Payment date earlier than invoice date,Settled,External Customer,False
019dbf01-e2da-729b-867b-7caea8427ff0,CJFU2604240004,2026-04-25 00:20:00.000,2026-04-25 01:06:00.000,paid,,019b8de1-c6b8-75ba-9064-a7035a723440,INS0054,Dinas Peternakan Kesehatan Hewan Dan Pe,INSTANSI,INSTANSI,019490f2-0002-7000-8000-123456789002,CNJ,Cipta Cianjur,50000.0,0.0,0.0,0.0,50000.0,50000.0,0.0,50000.0,0.0,0.0,100.0,2026-04-24 17:21:00,2026-04-24 17:21:00,,,-1.0,-1.0,0,0,False,Paid - On Time/Early,1,1,CNJ-BCA,BCA 2201,paid,ENTRY,0,,0,0,0,,2026-10-03 07:00:00,paid,INSTANSI,50000.0,50000.0,50000.0,0.0,0.0,True,False,0.0,Payment date earlier than invoice date,Settled,External Customer,False
019dbf1b-581b-751c-8743-b3838646f558,CGSB2604240006,2026-04-25 00:37:00.000,2026-04-25 01:37:00.000,paid,,019dae04-ff9f-7196-a356-0a883c647579,UMK000560,Bilma Horizon,UMKM,UMKM,019490f2-0003-7000-8000-123456789003,CG,Cipta Digital,8000.0,0.0,0.0,0.0,8000.0,8000.0,0.0,8000.0,0.0,0.0,100.0,2026-04-24 18:12:00,2026-04-24 18:12:00,,,-1.0,-1.0,0,0,False,Paid - On Time/Early,1,1,CG-JZM,BCA Jazmi Hamzah,paid,ENTRY,0,,0,0,0,,2026-10-03 07:00:00,paid,UMKM,8000.0,8000.0,8000.0,0.0,0.0,True,False,0.0,Payment date earlier than invoice date,Settled,External Customer,False
019dbf52-3d77-7674-8c0f-8782b989f775,CJYR2604240009,2026-04-25 01:47:00.000,2026-04-25 02:47:00.000,paid,,019b8de1-c6bb-707a-8730-85c412461b9c,CG0196,Perc. Go Print,AGEN,AGEN,019490f2-0002-7000-8000-123456789002,CNJ,Cipta Cianjur,100000.0,0.0,0.0,0.0,100000.0,100000.0,0.0,100000.0,0.0,0.0,100.0,2026-04-24 18:57:00,2026-04-24 18:57:00,,,-1.0,-1.0,0,0,False,Paid - On Time/Early,1,1,CNJ-CIB,Cash in Box,paid,ENTRY,0,,0,0,0,,2026-10-03 07:00:00,paid,AGEN,100000.0,100000.0,100000.0,0.0,0.0,True,False,0.0,Payment date earlier than invoice date,Settled,External Customer,False
019dbfa0-49d6-764d-a5ec-5620135cfb58,CJYR2604240011,2026-04-25 03:00:00.000,2026-04-25 04:00:00.000,paid,,019dbf9f-926e-7770-8aa1-c315606157f8,USR001065,Al Fatih,EU,END USER,019490f2-0002-7000-8000-123456789002,CNJ,Cipta Cianjur,210000.0,0.0,0.0,0.0,210000.0,210000.0,0.0,210000.0,0.0,0.0,100.0,2026-04-24 20:14:00,2026-04-24 20:14:00,,,-1.0,-1.0,0,0,False,Paid - On Time/Early,1,1,CNJ-BCA,BCA 2201,paid,ENTRY,0,,0,0,0,,2026-10-03 07:00:00,paid,END USER,210000.0,210000.0,210000.0,0.0,0.0,True,False,0.0,Payment date earlier than invoice date,Settled,External Customer,False
019dbfa1-7611-7088-8877-67ae98c5cfff,CJYR2604240012,2026-04-25 03:00:00.000,2026-04-25 04:00:00.000,paid,,019b8de1-c6b9-77e8-a27a-514ad8fd0b8d,UMK0118,Malikal Puding,UMKM,UMKM,019490f2-0002-7000-8000-123456789002,CNJ,Cipta Cianjur,10000.0,0.0,0.0,0.0,10000.0,10000.0,0.0,10000.0,0.0,0.0,100.0,2026-04-24 21:00:00,2026-04-24 21:00:00,,,-1.0,-1.0,0,0,False,Paid - On Time/Early,1,1,CNJ-BCA,BCA 2201,paid,ENTRY,0,,0,0,0,,2026-10-03 07:00:00,paid,UMKM,10000.0,10000.0,10000.0,0.0,0.0,True,False,0.0,Payment date earlier than invoice date,Settled,External Customer,False
019dbfa5-b2fe-70ae-84aa-15ef436cf23f,CGSB2604240009,2026-04-25 00:37:00.000,2026-04-25 01:37:00.000,paid,,019d8b81-74b9-753e-ac53-b0366bfe225c,UMK000526,Meisya Hopipah,UMKM,UMKM,019490f2-0003-7000-8000-123456789003,CG,Cipta Digital,55000.0,0.0,0.0,0.0,55000.0,55000.0,0.0,55000.0,0.0,0.0,100.0,2026-04-24 20:19:00,2026-04-24 20:19:00,,,-1.0,-1.0,0,0,False,Paid - On Time/Early,1,1,CG-CIB,Cash in Box,paid,ENTRY,0,,0,0,0,,2026-10-03 07:00:00,paid,UMKM,55000.0,55000.0,55000.0,0.0,0.0,True,False,0.0,Payment date earlier than invoice date,Settled,External Customer,False
019dccf3-554c-761d-8a7e-2b4e2891f996,PKAS2604220009,2026-04-27 17:19:00.000,2026-04-28 16:34:00.000,paid,4400930191,019b91a5-4e3d-702c-bb5c-b25d99ca7535,IND0019,Pt Prysmian Cables Indonesia,INDUSTRI,INDUSTRI,019b8a09-0bf8-7497-98a0-86a53a78e02f,PWK,Cipta Purwakarta,2350000.0,0.0,258500.0,0.0,2608500.0,2608500.0,0.0,2608500.0,0.0,0.0,100.0,2026-02-28 14:44:00,2026-02-28 14:44:00,,,-58.0,-58.0,0,0,False,Paid - On Time/Early,1,1,PWK-BCA,BCA PWK,paid,ENTRY,0,,0,0,0,,2026-10-03 07:00:00,paid,INDUSTRI,2608500.0,2608500.0,2608500.0,0.0,0.0,True,False,0.0,Payment date earlier than invoice date,Settled,External Customer,False
019dce75-0350-77ab-b3b4-0c1f30a5a105,CJFU2604270010,2026-04-28 00:19:00.000,2026-04-28 01:19:00.000,paid,,019dce74-67d9-74cc-81c5-c0730f40c8b6,CG000011,Andrian Setiawan,AGEN,AGEN,019490f2-0002-7000-8000-123456789002,CNJ,Cipta Cianjur,138000.0,0.0,0.0,0.0,138000.0,138000.0,0.0,138000.0,0.0,0.0,100.0,2026-04-27 17:22:00,2026-04-27 17:22:00,,,-1.0,-1.0,0,0,False,Paid - On Time/Early,1,1,CNJ-CIB,Cash in Box,paid,ENTRY,0,,0,0,0,,2026-10-03 07:00:00,paid,AGEN,138000.0,138000.0,138000.0,0.0,0.0,True,False,0.0,Payment date earlier than invoice date,Settled,External Customer,False
019dce8e-87ba-75bf-8b08-394fe41df621,CGSB2604270008,2026-04-28 00:28:00.000,2026-04-28 01:28:00.000,paid,,019dce8e-301c-752d-b9a7-5af2644483d6,USR000415,Yohana Pecel Lele,EU,END USER,019490f2-0003-7000-8000-123456789003,CG,Cipta Digital,30000.0,0.0,0.0,0.0,30000.0,30000.0,0.0,30000.0,0.0,0.0,100.0,2026-04-27 19:56:00,2026-04-27 19:56:00,,,-1.0,-1.0,0,0,False,Paid - On Time/Early,1,1,CG-JZM,BCA Jazmi Hamzah,paid,ENTRY,0,,0,0,0,,2026-10-03 07:00:00,paid,END USER,30000.0,30000.0,30000.0,0.0,0.0,True,False,0.0,Payment date earlier than invoice date,Settled,External Customer,False
019dce8f-4bc8-7330-ba1a-00237af41f0a,CJFU2604270011,2026-04-28 00:19:00.000,2026-04-28 01:19:00.000,paid,,019b8de1-c6b9-77e8-a27a-989eb3b23589,UMK0136,Pizza Hut Cianjur,UMKM,UMKM,019490f2-0002-7000-8000-123456789002,CNJ,Cipta Cianjur,22000.0,0.0,0.0,0.0,22000.0,22000.0,0.0,22000.0,0.0,0.0,100.0,2026-04-27 19:56:00,2026-04-27 19:56:00,,,-1.0,-1.0,0,0,False,Paid - On Time/Early,1,1,CNJ-CIB,Cash in Box,paid,ENTRY,0,,0,0,0,,2026-10-03 07:00:00,paid,UMKM,22000.0,22000.0,22000.0,0.0,0.0,True,False,0.0,Payment date earlier than invoice date,Settled,External Customer,False
019dce95-d148-7415-bae0-c975f5a6db26,GLVI2604270010,2026-04-28 00:56:00.000,2026-04-28 01:56:00.000,paid,,019b8de0-01dc-74cd-ba22-0ef053611f29,UMK0155,Handoko (Handoko),UMKM,UMKM,019490f2-0001-7000-8000-123456789001,GLH,Cipta Galuh,150000.0,0.0,0.0,0.0,150000.0,150000.0,0.0,150000.0,0.0,0.0,100.0,2026-04-27 13:47:00,2026-04-27 13:47:00,,,-1.0,-1.0,0,0,False,Paid - On Time/Early,1,1,GLH-MDR,Mandiri Karawang,paid,ENTRY,0,,0,0,0,,2026-10-03 07:00:00,paid,UMKM,150000.0,150000.0,150000.0,0.0,0.0,True,False,0.0,Payment date earlier than invoice date,Settled,External Customer,False
019dce96-9b27-770c-85ea-73c303912473,GRDN2604270028,2026-04-28 00:52:00.000,2026-04-28 01:52:00.000,paid,,019d61d9-874f-73fd-b881-1ec24f7435f5,USR000112,Louis Cell,EU,END USER,019490f2-0000-7000-8000-123456789000,GRH,Cipta Graha,784500.0,0.0,0.0,0.0,784500.0,1084500.0,0.0,1084500.0,0.0,300000.0,138.24,2026-04-27 18:10:00,2026-04-29 18:22:00,,,-1.0,1.0,1,0,False,Paid - Late,2,1,GRH-CIB,Cash in Box,"paid, partial",ENTRY,0,,0,0,0,,2026-10-03 07:00:00,paid,END USER,784500.0,1084500.0,784500.0,0.0,300000.0,True,False,0.0,Payment date earlier than invoice date,Settled,External Customer,True
019dceae-4614-7718-88c4-544f1cd3340f,PKAS2604270003,2026-04-28 01:22:00.000,2026-04-28 02:22:00.000,paid,,019b91a7-6a10-7257-9763-c426a11cbec7,USR02282,Ganis (Ganis),EU,END USER,019b8a09-0bf8-7497-98a0-86a53a78e02f,PWK,Cipta Purwakarta,14000.0,0.0,0.0,0.0,14000.0,14000.0,0.0,14000.0,0.0,0.0,100.0,2026-04-27 18:23:00,2026-04-27 18:23:00,,,-1.0,-1.0,0,0,False,Paid - On Time/Early,1,1,PWK-BCA,BCA PWK,paid,ENTRY,0,,0,0,0,,2026-10-03 07:00:00,paid,END USER,14000.0,14000.0,14000.0,0.0,0.0,True,False,0.0,Payment date earlier than invoice date,Settled,External Customer,False
019dceb6-b755-75c9-9947-ea44c3776957,PKAS2604270004,2026-04-28 01:22:00.000,2026-04-28 02:22:00.000,paid,,019b91a5-4e40-7661-9515-78d0c20809c7,UMK0014,Ahmad (Ahmad),UMKM,UMKM,019b8a09-0bf8-7497-98a0-86a53a78e02f,PWK,Cipta Purwakarta,17000.0,0.0,0.0,0.0,17000.0,17000.0,0.0,17000.0,0.0,0.0,100.0,2026-04-27 18:33:00,2026-04-27 18:33:00,,,-1.0,-1.0,0,0,False,Paid - On Time/Early,1,1,PWK-CIB,Cash in Box,paid,ENTRY,0,,0,0,0,,2026-10-03 07:00:00,paid,UMKM,17000.0,17000.0,17000.0,0.0,0.0,True,False,0.0,Payment date earlier than invoice date,Settled,External Customer,False
019dcebf-9d6b-760c-a2d5-a3deab45cb6a,PKAS2604270005,2026-04-28 01:22:00.000,2026-04-28 02:22:00.000,paid,,019b91a5-4e3f-733e-ad50-a6b7d02e9fe1,INS0064,Stie Syariah Purwakarta,INSTANSI,INSTANSI,019b8a09-0bf8-7497-98a0-86a53a78e02f,PWK,Cipta Purwakarta,168000.0,0.0,0.0,0.0,168000.0,168000.0,0.0,168000.0,0.0,0.0,100.0,2026-04-27 18:42:00,2026-04-28 16:47:00,,,-1.0,0.0,0,0,False,Paid - On Time/Early,2,1,PWK-CIB,Cash in Box,"dp, paid",ENTRY,0,,0,0,0,,2026-10-03 07:00:00,paid,INSTANSI,168000.0,168000.0,168000.0,0.0,0.0,True,False,0.0,Payment date earlier than invoice date,Settled,External Customer,True
019dcec5-53d0-7498-b331-a9ba753bdb03,PKAS2604270006,2026-04-28 01:22:00.000,2026-04-28 02:22:00.000,paid,,019b91a5-4e40-7661-9518-4bf808199a96,UMK0194,Eko (Eko),UMKM,UMKM,019b8a09-0bf8-7497-98a0-86a53a78e02f,PWK,Cipta Purwakarta,6000.0,0.0,0.0,0.0,6000.0,6000.0,0.0,6000.0,0.0,0.0,100.0,2026-04-27 18:50:00,2026-04-27 18:50:00,,,-1.0,-1.0,0,0,False,Paid - On Time/Early,1,1,PWK-BCA,BCA PWK,paid,ENTRY,0,,0,0,0,,2026-10-03 07:00:00,paid,UMKM,6000.0,6000.0,6000.0,0.0,0.0,True,False,0.0,Payment date earlier than invoice date,Settled,External Customer,False
019dcec6-87c7-756f-a724-a3af507eef99,CJFA2604270010,2026-04-28 01:45:00.000,2026-04-28 02:45:00.000,paid,,019dcec4-8779-73ed-a333-d121d940b079,USR001068,Anggi Setiawan,EU,END USER,019490f2-0002-7000-8000-123456789002,CNJ,Cipta Cianjur,65000.0,0.0,0.0,0.0,65000.0,65000.0,0.0,65000.0,0.0,0.0,100.0,2026-04-27 18:53:00,2026-04-27 18:53:00,,,-1.0,-1.0,0,0,False,Paid - On Time/Early,1,1,CNJ-CIB,Cash in Box,paid,ENTRY,0,,0,0,0,,2026-10-03 07:00:00,paid,END USER,65000.0,65000.0,65000.0,0.0,0.0,True,False,0.0,Payment date earlier than invoice date,Settled,External Customer,False
019dcec7-f51f-7212-be56-b9166decb0fc,CGDP2604270007,2026-04-28 00:28:00.000,2026-04-28 01:28:00.000,paid,,019dcec7-448b-7197-9a8a-930d0f8934c0,UMK000610,Gilang Gr,UMKM,UMKM,019490f2-0003-7000-8000-123456789003,CG,Cipta Digital,80000.0,0.0,0.0,0.0,80000.0,80000.0,0.0,80000.0,0.0,0.0,100.0,2026-04-27 18:51:00,2026-04-27 18:51:00,,,-1.0,-1.0,0,0,False,Paid - On Time/Early,1,1,CG-QRIS,QRIS BCA,paid,ENTRY,0,,0,0,0,,2026-10-03 07:00:00,paid,UMKM,80000.0,80000.0,80000.0,0.0,0.0,True,False,0.0,Payment date earlier than invoice date,Settled,External Customer,False
019dceca-c089-7164-a3bc-f23f74abf86f,CJFU2604270013,2026-04-28 00:19:00.000,2026-04-28 01:19:00.000,paid,,019dcec9-8b41-717c-a6bd-59bbc560f20b,USR001069,Egi Nurwahid,EU,END USER,019490f2-0002-7000-8000-123456789002,CNJ,Cipta Cianjur,45000.0,0.0,0.0,0.0,45000.0,45000.0,0.0,45000.0,0.0,0.0,100.0,2026-04-27 18:54:00,2026-04-27 18:54:00,,,-1.0,-1.0,0,0,False,Paid - On Time/Early,1,1,CNJ-BCA,BCA 2201,paid,ENTRY,0,,0,0,0,,2026-10-03 07:00:00,paid,END USER,45000.0,45000.0,45000.0,0.0,0.0,True,False,0.0,Payment date earlier than invoice date,Settled,External Customer,False
019dced2-f177-7524-b74b-b4e55936cabf,CGSB2604270009,2026-04-28 00:28:00.000,2026-04-28 01:28:00.000,paid,,019dced1-f792-74f7-8386-22905186eead,UMK000611,Juwarno Jw,UMKM,UMKM,019490f2-0003-7000-8000-123456789003,CG,Cipta Digital,96000.0,0.0,0.0,0.0,96000.0,96000.0,0.0,96000.0,0.0,0.0,100.0,2026-04-27 19:55:00,2026-04-27 19:55:00,,,-1.0,-1.0,0,0,False,Paid - On Time/Early,1,1,CG-JZM,BCA Jazmi Hamzah,paid,ENTRY,0,,0,0,0,,2026-10-03 07:00:00,paid,UMKM,96000.0,96000.0,96000.0,0.0,0.0,True,False,0.0,Payment date earlier than invoice date,Settled,External Customer,False
019dced7-42a6-7308-a4cd-5aaf848245bb,PKAS2604270007,2026-04-28 01:22:00.000,2026-04-28 02:22:00.000,paid,,019b91a5-4e40-7661-9517-62c98803da1d,UMK0136,Ica (Ica),UMKM,UMKM,019b8a09-0bf8-7497-98a0-86a53a78e02f,PWK,Cipta Purwakarta,18000.0,0.0,0.0,0.0,18000.0,18000.0,0.0,18000.0,0.0,0.0,100.0,2026-04-27 19:08:00,2026-04-27 19:08:00,,,-1.0,-1.0,0,0,False,Paid - On Time/Early,1,1,PWK-CIB,Cash in Box,paid,ENTRY,0,,0,0,0,,2026-10-03 07:00:00,paid,UMKM,18000.0,18000.0,18000.0,0.0,0.0,True,False,0.0,Payment date earlier than invoice date,Settled,External Customer,False
019dceee-564e-73ec-a418-47ba05cd9830,CGSB2604270011,2026-04-28 00:28:00.000,2026-04-28 01:28:00.000,paid,,019dceed-b573-7443-be29-c2e95e1d6595,USR000416,Maisy M.,EU,END USER,019490f2-0003-7000-8000-123456789003,CG,Cipta Digital,20000.0,0.0,0.0,0.0,20000.0,20000.0,0.0,20000.0,0.0,0.0,100.0,2026-04-27 19:46:00,2026-04-27 19:46:00,,,-1.0,-1.0,0,0,False,Paid - On Time/Early,1,1,CG-JZM,BCA Jazmi Hamzah,paid,ENTRY,0,,0,0,0,,2026-10-03 07:00:00,paid,END USER,20000.0,20000.0,20000.0,0.0,0.0,True,False,0.0,Payment date earlier than invoice date,Settled,External Customer,False
019dceef-2c59-7407-847a-e955297f3f44,CGDP2604270008,2026-04-28 00:28:00.000,2026-04-28 01:28:00.000,paid,,019dcec7-448b-7197-9a8a-930d0f8934c0,UMK000610,Gilang Gr,UMKM,UMKM,019490f2-0003-7000-8000-123456789003,CG,Cipta Digital,30000.0,0.0,0.0,0.0,30000.0,30000.0,0.0,30000.0,0.0,0.0,100.0,2026-04-27 19:41:00,2026-04-27 19:41:00,,,-1.0,-1.0,0,0,False,Paid - On Time/Early,1,1,CG-QRIS,QRIS BCA,paid,ENTRY,0,,0,0,0,,2026-10-03 07:00:00,paid,UMKM,30000.0,30000.0,30000.0,0.0,0.0,True,False,0.0,Payment date earlier than invoice date,Settled,External Customer,False
019dcef0-7e48-764a-a8ff-c461f6e8bd2b,CGSB2604270010,2026-04-28 02:35:00.000,2026-04-29 01:28:00.000,paid,,019cbbd0-f9ce-73dd-b2c6-f91fb778e8a1,INS000140,Arya Yudistira,INSTANSI,INSTANSI,019490f2-0003-7000-8000-123456789003,CG,Cipta Digital,102000.0,0.0,0.0,0.0,102000.0,102000.0,0.0,102000.0,0.0,0.0,100.0,2026-04-27 19:36:00,2026-04-27 19:36:00,,,-1.0,-1.0,0,0,False,Paid - On Time/Early,1,1,CG-JZM,BCA Jazmi Hamzah,paid,ENTRY,0,,0,0,0,,2026-10-03 07:00:00,paid,INSTANSI,102000.0,102000.0,102000.0,0.0,0.0,True,False,0.0,Payment date earlier than invoice date,Settled,External Customer,False
019dcef2-975c-715d-bebd-a9cbd28b6e72,PKAS2604270008,2026-04-28 01:22:00.000,2026-04-28 02:22:00.000,paid,,019b91a7-6a08-729d-b8e8-54482478cbfb,USR00362,Iyan (Iyan),EU,END USER,019b8a09-0bf8-7497-98a0-86a53a78e02f,PWK,Cipta Purwakarta,15000.0,0.0,0.0,0.0,15000.0,15000.0,0.0,15000.0,0.0,0.0,100.0,2026-04-27 19:38:00,2026-04-27 19:38:00,,,-1.0,-1.0,0,0,False,Paid - On Time/Early,1,1,PWK-CIB,Cash in Box,paid,ENTRY,0,,0,0,0,,2026-10-03 07:00:00,paid,END USER,15000.0,15000.0,15000.0,0.0,0.0,True,False,0.0,Payment date earlier than invoice date,Settled,External Customer,False
019dcef6-e738-705c-afe7-268595372337,CJFU2604270014,2026-04-28 00:19:00.000,2026-04-28 01:19:00.000,paid,,019b8de1-c6ba-72a9-8e2e-d1699875d3fb,CG0107,Fugitive Sablon,AGEN,AGEN,019490f2-0002-7000-8000-123456789002,CNJ,Cipta Cianjur,78000.0,0.0,0.0,0.0,78000.0,78000.0,0.0,78000.0,0.0,0.0,100.0,2026-04-27 20:44:00,2026-04-27 20:44:00,,,-1.0,-1.0,0,0,False,Paid - On Time/Early,1,1,CNJ-CIB,Cash in Box,paid,ENTRY,0,,0,0,0,,2026-10-03 07:00:00,paid,AGEN,78000.0,78000.0,78000.0,0.0,0.0,True,False,0.0,Payment date earlier than invoice date,Settled,External Customer,False
019dcf26-fa06-737e-aa48-5219b1d7fc7e,CJYR2604270012,2026-04-28 03:33:00.000,2026-04-28 04:33:00.000,paid,,019b8de1-c6bb-707a-8731-0495e221dc7f,CG0228,Mufs Konveksi,AGEN,AGEN,019490f2-0002-7000-8000-123456789002,CNJ,Cipta Cianjur,6000.0,0.0,0.0,0.0,6000.0,6000.0,0.0,6000.0,0.0,0.0,100.0,2026-04-27 20:38:00,2026-04-27 20:38:00,,,-1.0,-1.0,0,0,False,Paid - On Time/Early,1,1,CNJ-CIB,Cash in Box,paid,ENTRY,0,,0,0,0,,2026-10-03 07:00:00,paid,AGEN,6000.0,6000.0,6000.0,0.0,0.0,True,False,0.0,Payment date earlier than invoice date,Settled,External Customer,False
019dcf28-dc1e-7557-a27a-c8e00bd11801,CJYR2604270013,2026-04-28 03:33:00.000,2026-04-28 04:33:00.000,paid,,019b8de1-c6ba-72a9-8e2e-b31b3e692b8b,CG0099,Hustle Sablon,AGEN,AGEN,019490f2-0002-7000-8000-123456789002,CNJ,Cipta Cianjur,25000.0,0.0,0.0,0.0,25000.0,25000.0,0.0,25000.0,0.0,0.0,100.0,2026-04-27 20:37:00,2026-04-27 20:37:00,,,-1.0,-1.0,0,0,False,Paid - On Time/Early,1,1,CNJ-CIB,Cash in Box,paid,ENTRY,0,,0,0,0,,2026-10-03 07:00:00,paid,AGEN,25000.0,25000.0,25000.0,0.0,0.0,True,False,0.0,Payment date earlier than invoice date,Settled,External Customer,False
019dd374-6810-752a-9c23-6ed0e0323450,CJFA2604280005,2026-04-28 22:35:00.000,2026-04-28 23:35:00.000,paid,,019c1d68-55e7-7649-a646-646b906a336e,USR000337,Ayu Kusumawardani,EU,END USER,019490f2-0002-7000-8000-123456789002,CNJ,Cipta Cianjur,50000.0,0.0,0.0,0.0,50000.0,50000.0,0.0,50000.0,0.0,0.0,100.0,2026-04-27 16:39:00,2026-04-27 16:39:00,,,-1.0,-1.0,0,0,False,Paid - On Time/Early,1,1,CNJ-BCA,BCA 2201,paid,ENTRY,0,,0,0,0,,2026-10-03 07:00:00,paid,END USER,50000.0,50000.0,50000.0,0.0,0.0,True,False,0.0,Payment date earlier than invoice date,Settled,External Customer,False
019dd3a9-390e-70ed-86cd-071c169f1a3f,CJFA2604280008,2026-04-29 00:28:00.000,2026-04-29 01:28:00.000,paid,,019b8de1-c6ba-72a9-8e2e-43977cf4daf0,CG0071,Sun Project Iyan,AGEN,AGEN,019490f2-0002-7000-8000-123456789002,CNJ,Cipta Cianjur,30000.0,0.0,0.0,0.0,30000.0,30000.0,0.0,30000.0,0.0,0.0,100.0,2026-03-13 11:12:00,2026-06-09 17:07:00,,,-47.0,41.0,41,0,False,Paid - Late,2,1,CNJ-BCA,BCA 2201,"paid, partial",ENTRY,0,,0,0,0,,2026-10-03 07:00:00,paid,AGEN,30000.0,30000.0,30000.0,0.0,0.0,True,False,0.0,Payment date earlier than invoice date,Settled,External Customer,True
019dd3c5-a228-73c9-8e22-629ba48a6ff9,CGSB2604280008,2026-04-29 01:05:00.000,2026-04-29 02:05:00.000,paid,,019dd3c5-2a21-76bd-a1b0-2c2f0134e8e6,USR000421,Ika Adhitya,EU,END USER,019490f2-0003-7000-8000-123456789003,CG,Cipta Digital,18000.0,0.0,0.0,0.0,18000.0,18000.0,0.0,18000.0,0.0,0.0,100.0,2026-04-28 19:21:00,2026-04-28 19:21:00,,,-1.0,-1.0,0,0,False,Paid - On Time/Early,1,1,CG-JZM,BCA Jazmi Hamzah,paid,ENTRY,0,,0,0,0,,2026-10-03 07:00:00,paid,END USER,18000.0,18000.0,18000.0,0.0,0.0,True,False,0.0,Payment date earlier than invoice date,Settled,External Customer,False
019dd3cb-a622-76ef-bc84-b13de4016b3e,CGSB2604280009,2026-04-29 01:05:00.000,2026-04-29 02:05:00.000,paid,,019dd3c9-af28-77fb-8ae7-ae53dbf1df59,USR000422,Rafiee R.,EU,END USER,019490f2-0003-7000-8000-123456789003,CG,Cipta Digital,15000.0,0.0,0.0,0.0,15000.0,15000.0,0.0,15000.0,0.0,0.0,100.0,2026-04-28 18:15:00,2026-04-28 18:15:00,,,-1.0,-1.0,0,0,False,Paid - On Time/Early,1,1,CG-JZM,BCA Jazmi Hamzah,paid,ENTRY,0,,0,0,0,,2026-10-03 07:00:00,paid,END USER,15000.0,15000.0,15000.0,0.0,0.0,True,False,0.0,Payment date earlier than invoice date,Settled,External Customer,False
019dd3f1-1c13-7042-a23c-19d2c784657c,PKJA2604280023,2026-04-29 01:53:00.000,2026-04-29 02:53:00.000,paid,,019dd3f0-c6bd-7773-8a84-5f0b807633ee,USR000390,Mahfud Mn,EU,END USER,019b8a09-0bf8-7497-98a0-86a53a78e02f,PWK,Cipta Purwakarta,10000.0,0.0,0.0,0.0,10000.0,10000.0,0.0,10000.0,0.0,0.0,100.0,2026-04-28 18:54:00,2026-04-28 18:54:00,,,-1.0,-1.0,0,0,False,Paid - On Time/Early,1,1,PWK-CIB,Cash in Box,paid,ENTRY,0,,0,0,0,,2026-10-03 07:00:00,paid,END USER,10000.0,10000.0,10000.0,0.0,0.0,True,False,0.0,Payment date earlier than invoice date,Settled,External Customer,False
019dd42f-52a0-708b-8f95-1ff0ab73439b,CGAA2604280001,2026-04-29 03:00:00.000,2026-04-29 04:00:00.000,paid,,019dd42e-6ddd-70cc-b4c2-ebecdb7f4843,UMK000617,Iqbal Bbg,UMKM,UMKM,019490f2-0003-7000-8000-123456789003,CG,Cipta Digital,68000.0,0.0,0.0,0.0,68000.0,68000.0,0.0,68000.0,0.0,0.0,100.0,2026-04-28 20:05:00,2026-04-28 20:05:00,,,-1.0,-1.0,0,0,False,Paid - On Time/Early,1,1,CG-QRIS,QRIS BCA,paid,ENTRY,0,,0,0,0,,2026-10-03 07:00:00,paid,UMKM,68000.0,68000.0,68000.0,0.0,0.0,True,False,0.0,Payment date earlier than invoice date,Settled,External Customer,False
019dd44d-a44a-745a-8be0-6594df2af191,CGAA2604280002,2026-04-29 03:00:00.000,2026-04-29 04:00:00.000,paid,,019dd44d-11a0-70da-b0ab-1f6d8003a7d7,EDU000028,Riisa Riisa,SEKOLAH,SEKOLAH,019490f2-0003-7000-8000-123456789003,CG,Cipta Digital,40000.0,0.0,0.0,0.0,40000.0,40000.0,0.0,40000.0,0.0,0.0,100.0,2026-04-28 20:53:00,2026-04-28 20:53:00,,,-1.0,-1.0,0,0,False,Paid - On Time/Early,1,1,CG-JZM,BCA Jazmi Hamzah,paid,ENTRY,0,,0,0,0,,2026-10-03 07:00:00,paid,SEKOLAH,40000.0,40000.0,40000.0,0.0,0.0,True,False,0.0,Payment date earlier than invoice date,Settled,External Customer,False
019dd466-b754-723d-9f7b-9bc343e65a7d,CJFA2604280011,2026-04-29 00:28:00.000,2026-04-29 01:28:00.000,paid,,019c1d66-6da6-722a-a5d6-4f0471520d1b,USR000266,Novia (Novia),EU,END USER,019490f2-0002-7000-8000-123456789002,CNJ,Cipta Cianjur,40000.0,0.0,0.0,0.0,40000.0,40000.0,0.0,40000.0,0.0,0.0,100.0,2026-04-28 21:13:00,2026-04-28 21:13:00,,,-1.0,-1.0,0,0,False,Paid - On Time/Early,1,1,CNJ-CIB,Cash in Box,paid,ENTRY,0,,0,0,0,,2026-10-03 07:00:00,paid,END USER,40000.0,40000.0,40000.0,0.0,0.0,True,False,0.0,Payment date earlier than invoice date,Settled,External Customer,False
019dd8e5-e557-70c0-b7e4-39a87b3b6231,CJYR2604290003,2026-04-30 00:56:00.000,2026-04-30 01:56:00.000,paid,,019be56d-4c5b-71cb-8e3c-1f79977f5f36,CG000004,Handian Sablon,AGEN,AGEN,019490f2-0002-7000-8000-123456789002,CNJ,Cipta Cianjur,6000.0,0.0,0.0,0.0,6000.0,6000.0,0.0,6000.0,0.0,0.0,100.0,2026-04-29 19:32:00,2026-04-29 19:32:00,,,-1.0,-1.0,0,0,False,Paid - On Time/Early,1,1,CNJ-CIB,Cash in Box,paid,ENTRY,0,,0,0,0,,2026-10-03 07:00:00,paid,AGEN,6000.0,6000.0,6000.0,0.0,0.0,True,False,0.0,Payment date earlier than invoice date,Settled,External Customer,False
019dd8e7-4983-775e-bea0-29524dba1739,CGNM2604290019,2026-04-30 00:47:00.000,2026-04-30 01:47:00.000,paid,,019dd8e6-fdaa-755d-ab39-b19213f21435,UMK000622,Athalaa Ahmad,UMKM,UMKM,019490f2-0003-7000-8000-123456789003,CG,Cipta Digital,17000.0,0.0,0.0,0.0,17000.0,17000.0,0.0,17000.0,0.0,0.0,100.0,2026-04-29 18:02:00,2026-04-29 18:02:00,,,-1.0,-1.0,0,0,False,Paid - On Time/Early,1,1,CG-CIB,Cash in Box,paid,ENTRY,0,,0,0,0,,2026-10-03 07:00:00,paid,UMKM,17000.0,17000.0,17000.0,0.0,0.0,True,False,0.0,Payment date earlier than invoice date,Settled,External Customer,False
019dd90d-65fe-778f-8fb2-42b3c2321b03,CJFA2604290014,2026-04-30 01:42:00.000,2026-04-30 02:42:00.000,paid,,019c1d66-6da6-722a-a5d6-4f0471520d1b,USR000266,Novia (Novia),EU,END USER,019490f2-0002-7000-8000-123456789002,CNJ,Cipta Cianjur,45000.0,0.0,0.0,0.0,45000.0,45000.0,0.0,45000.0,0.0,0.0,100.0,2026-04-29 19:14:00,2026-04-29 19:14:00,,,-1.0,-1.0,0,0,False,Paid - On Time/Early,1,1,CNJ-CIB,Cash in Box,paid,ENTRY,0,,0,0,0,,2026-10-03 07:00:00,paid,END USER,45000.0,45000.0,45000.0,0.0,0.0,True,False,0.0,Payment date earlier than invoice date,Settled,External Customer,False
019dd91a-0a65-70ea-81cc-12b142dc1e00,CJYR2604290004,2026-04-30 00:56:00.000,2026-04-30 01:56:00.000,paid,,019b8de1-c6ba-72a9-8e2e-ac155e9e8457,CG0098,Robi Sablon,AGEN,AGEN,019490f2-0002-7000-8000-123456789002,CNJ,Cipta Cianjur,12500.0,0.0,0.0,0.0,12500.0,12500.0,0.0,12500.0,0.0,0.0,100.0,2026-04-29 18:57:00,2026-04-29 18:57:00,,,-1.0,-1.0,0,0,False,Paid - On Time/Early,1,1,CNJ-CIB,Cash in Box,paid,ENTRY,0,,0,0,0,,2026-10-03 07:00:00,paid,AGEN,12500.0,12500.0,12500.0,0.0,0.0,True,False,0.0,Payment date earlier than invoice date,Settled,External Customer,False
019dd929-2558-72f9-b84c-9ae560999c7e,CGDP2604290021,2026-04-30 01:24:00.000,2026-04-30 02:24:00.000,paid,,019dd928-cf2c-7230-95e8-9c530eb91a4b,UMK000623,Rijal Ij,UMKM,UMKM,019490f2-0003-7000-8000-123456789003,CG,Cipta Digital,24000.0,0.0,0.0,0.0,24000.0,24000.0,0.0,24000.0,0.0,0.0,100.0,2026-04-29 19:14:00,2026-04-29 19:14:00,,,-1.0,-1.0,0,0,False,Paid - On Time/Early,1,1,CG-CIB,Cash in Box,paid,ENTRY,0,,0,0,0,,2026-10-03 07:00:00,paid,UMKM,24000.0,24000.0,24000.0,0.0,0.0,True,False,0.0,Payment date earlier than invoice date,Settled,External Customer,False
019dd92e-65da-73f9-97f0-859c9e12a91b,CGDP2604290022,2026-04-30 01:24:00.000,2026-04-30 02:24:00.000,paid,,019cc235-b102-76f0-b4b7-46656379de0a,UMK000303,Laila Hotter Street,UMKM,UMKM,019490f2-0003-7000-8000-123456789003,CG,Cipta Digital,51000.0,0.0,0.0,0.0,51000.0,51000.0,0.0,51000.0,0.0,0.0,100.0,2026-04-29 19:26:00,2026-04-29 19:26:00,,,-1.0,-1.0,0,0,False,Paid - On Time/Early,1,1,CG-JZM,BCA Jazmi Hamzah,paid,ENTRY,0,,0,0,0,,2026-10-03 07:00:00,paid,UMKM,51000.0,51000.0,51000.0,0.0,0.0,True,False,0.0,Payment date earlier than invoice date,Settled,External Customer,False
019dd93c-fb9e-7108-887d-4e24f83a6f26,CGDP2604290023,2026-04-30 01:24:00.000,2026-04-30 02:24:00.000,paid,,019c6a51-3641-733c-bcb9-faf187d6bd06,USR000117,Amelia R,EU,END USER,019490f2-0003-7000-8000-123456789003,CG,Cipta Digital,11000.0,0.0,0.0,0.0,11000.0,11000.0,0.0,11000.0,0.0,0.0,100.0,2026-04-29 19:35:00,2026-04-29 19:35:00,,,-1.0,-1.0,0,0,False,Paid - On Time/Early,1,1,CG-CIB,Cash in Box,paid,ENTRY,0,,0,0,0,,2026-10-03 07:00:00,paid,END USER,11000.0,11000.0,11000.0,0.0,0.0,True,False,0.0,Payment date earlier than invoice date,Settled,External Customer,False
019dd966-8065-770a-b767-60250d947a28,CJGI2604290002,2026-04-30 03:01:00.000,2026-04-30 04:01:00.000,paid,,019dd964-ce01-7308-b0b4-cd0b803f7ed1,USR001072,Idlam Ls,EU,END USER,019490f2-0002-7000-8000-123456789002,CNJ,Cipta Cianjur,600000.0,0.0,0.0,0.0,600000.0,600000.0,0.0,600000.0,0.0,0.0,100.0,2026-04-29 20:21:00,2026-05-04 19:23:00,,,-1.0,4.0,4,0,False,Paid - Late,2,1,CNJ-BCA,BCA 2201,"dp, paid",ENTRY,0,,0,0,0,,2026-10-03 07:00:00,paid,END USER,600000.0,600000.0,600000.0,0.0,0.0,True,False,0.0,Payment date earlier than invoice date,Settled,External Customer,True
019dde12-81c3-7293-9318-14c1d5aa4fc5,CGNN2604300001,2026-05-01 01:03:00.000,2026-05-01 02:03:00.000,paid,,019dde12-19d7-75ce-b3c7-1a5529072172,UMK000631,Umbk Karawang,UMKM,UMKM,019490f2-0003-7000-8000-123456789003,CG,Cipta Digital,78000.0,0.0,0.0,0.0,78000.0,78000.0,0.0,78000.0,0.0,0.0,100.0,2026-04-30 19:34:00,2026-04-30 19:34:00,,,-1.0,-1.0,0,0,False,Paid - On Time/Early,1,1,CG-JZM,BCA Jazmi Hamzah,paid,ENTRY,0,,0,0,0,,2026-10-03 07:00:00,paid,UMKM,78000.0,78000.0,78000.0,0.0,0.0,True,False,0.0,Payment date earlier than invoice date,Settled,External Customer,False
019dde3a-7514-7108-9901-1244ebbb98e0,CJYR2604300008,2026-05-01 01:16:00.000,2026-05-01 02:16:00.000,paid,,019b8de1-c6ba-72a9-8e2c-98b9d54ecf99,UMK0368,3Second (3Second),UMKM,UMKM,019490f2-0002-7000-8000-123456789002,CNJ,Cipta Cianjur,88000.0,0.0,0.0,0.0,88000.0,88000.0,0.0,88000.0,0.0,0.0,100.0,2026-04-30 07:56:00,2026-04-30 07:56:00,,,-1.0,-1.0,0,0,False,Paid - On Time/Early,1,1,CNJ-CIB,Cash in Box,paid,ENTRY,0,,0,0,0,,2026-10-03 07:00:00,paid,UMKM,88000.0,88000.0,88000.0,0.0,0.0,True,False,0.0,Payment date earlier than invoice date,Settled,External Customer,False
019de2fe-005f-77c6-b6b5-0f4d941495ba,CGSB2605010004,2026-05-02 00:00:00.000,2026-05-02 01:00:00.000,paid,,019dce7c-0f2e-7179-ba4b-8e8d4af9c998,USR000414,Adam Raidi,EU,END USER,019490f2-0003-7000-8000-123456789003,CG,Cipta Digital,30000.0,0.0,0.0,0.0,30000.0,30000.0,0.0,30000.0,0.0,0.0,100.0,2026-05-01 17:06:00,2026-05-01 17:06:00,,,-1.0,-1.0,0,0,False,Paid - On Time/Early,1,1,CG-JZM,BCA Jazmi Hamzah,paid,ENTRY,0,,0,0,0,,2026-10-03 07:00:00,paid,END USER,30000.0,30000.0,30000.0,0.0,0.0,True,False,0.0,Payment date earlier than invoice date,Settled,External Customer,False
019de323-b473-772d-9a8f-12c238aed23d,CGMP2605010022,2026-05-02 00:37:00.000,2026-05-02 01:37:00.000,paid,,019de31f-1375-733f-8e86-2433583053ad,UMK000641,Febri Aji,UMKM,UMKM,019490f2-0003-7000-8000-123456789003,CG,Cipta Digital,120000.0,0.0,0.0,0.0,120000.0,120000.0,0.0,120000.0,0.0,0.0,100.0,2026-05-01 18:00:00,2026-05-01 18:00:00,,,-1.0,-1.0,0,0,False,Paid - On Time/Early,1,1,CG-JZM,BCA Jazmi Hamzah,paid,ENTRY,0,,0,0,0,,2026-10-03 07:00:00,paid,UMKM,120000.0,120000.0,120000.0,0.0,0.0,True,False,0.0,Payment date earlier than invoice date,Settled,External Customer,False
019de328-4540-727a-8573-7b259e77ceff,CGSB2605010005,2026-05-02 00:46:00.000,2026-05-02 01:46:00.000,paid,,019b9e31-6b7a-7468-acae-ad7f5ecdded7,EU3444,Mie Gacoan Johar,EU,END USER,019490f2-0003-7000-8000-123456789003,CG,Cipta Digital,275000.0,0.0,0.0,0.0,275000.0,275000.0,0.0,275000.0,0.0,0.0,100.0,2026-05-01 17:59:00,2026-05-01 17:59:00,,,-1.0,-1.0,0,0,False,Paid - On Time/Early,1,1,CG-JZM,BCA Jazmi Hamzah,paid,ENTRY,0,,0,0,0,,2026-10-03 07:00:00,paid,END USER,275000.0,275000.0,275000.0,0.0,0.0,True,False,0.0,Payment date earlier than invoice date,Settled,External Customer,False
019de339-0d19-70f3-b565-45455f4b5b6b,CGSB2605010006,2026-05-02 00:46:00.000,2026-05-02 01:46:00.000,paid,,019b9e31-6b7a-7468-acae-9b725f0211ea,EU3439,Guardian Resinda,EU,END USER,019490f2-0003-7000-8000-123456789003,CG,Cipta Digital,14000.0,0.0,0.0,0.0,14000.0,14000.0,0.0,14000.0,0.0,0.0,100.0,2026-05-01 18:08:00,2026-05-01 18:08:00,,,-1.0,-1.0,0,0,False,Paid - On Time/Early,1,1,CG-JZM,BCA Jazmi Hamzah,paid,ENTRY,0,,0,0,0,,2026-10-03 07:00:00,paid,END USER,14000.0,14000.0,14000.0,0.0,0.0,True,False,0.0,Payment date earlier than invoice date,Settled,External Customer,False
019de367-da9f-75ae-b9fb-bdc44d945c9e,CGSB2605010010,2026-05-02 01:25:00.000,2026-05-02 02:25:00.000,paid,,019cbcc1-4047-71f4-b0c7-22f7e0635e67,CST20020581,Ricky Constantin,UMKM,UMKM,019490f2-0003-7000-8000-123456789003,CG,Cipta Digital,55000.0,0.0,0.0,0.0,55000.0,55000.0,0.0,55000.0,0.0,0.0,100.0,2026-05-01 19:42:00,2026-05-01 19:42:00,,,-1.0,-1.0,0,0,False,Paid - On Time/Early,1,1,CG-JZM,BCA Jazmi Hamzah,paid,ENTRY,0,,0,0,0,,2026-10-03 07:00:00,paid,UMKM,55000.0,55000.0,55000.0,0.0,0.0,True,False,0.0,Payment date earlier than invoice date,Settled,External Customer,False
019de375-1584-74d1-9011-91f9568a9ea5,CGSB2605010011,2026-05-02 02:12:00.000,2026-05-02 03:12:00.000,paid,,019de374-b87b-716c-b8b8-8666bf77e065,USR000443,Salsa Desilva,EU,END USER,019490f2-0003-7000-8000-123456789003,CG,Cipta Digital,400000.0,0.0,0.0,0.0,400000.0,400000.0,0.0,400000.0,0.0,0.0,100.0,2026-05-01 19:18:00,2026-05-01 19:18:00,,,-1.0,-1.0,0,0,False,Paid - On Time/Early,1,1,CG-JZM,BCA Jazmi Hamzah,paid,ENTRY,0,,0,0,0,,2026-10-03 07:00:00,paid,END USER,400000.0,400000.0,400000.0,0.0,0.0,True,False,0.0,Payment date earlier than invoice date,Settled,External Customer,False
019de38f-4d43-74db-bf12-508ad8733965,CJYR2605010011,2026-05-02 02:38:00.000,2026-05-02 03:38:00.000,paid,,019b8de1-c6ba-72a9-8e2e-8fd3ab06b551,CG0090,Uunk (Uunk),AGEN,AGEN,019490f2-0002-7000-8000-123456789002,CNJ,Cipta Cianjur,30000.0,0.0,0.0,0.0,30000.0,30000.0,0.0,30000.0,0.0,0.0,100.0,2026-05-01 19:42:00,2026-05-01 19:42:00,,,-1.0,-1.0,0,0,False,Paid - On Time/Early,1,1,CNJ-CIB,Cash in Box,paid,ENTRY,0,,0,0,0,,2026-10-03 07:00:00,paid,AGEN,30000.0,30000.0,30000.0,0.0,0.0,True,False,0.0,Payment date earlier than invoice date,Settled,External Customer,False
019de88a-259e-70ea-bff6-941106ac7318,CJFA2605020015,2026-05-03 01:53:00.000,2026-05-03 02:53:00.000,paid,,019c1d72-0183-741e-91ee-767bcc2815f9,USR000804,Riska Komardi,EU,END USER,019490f2-0002-7000-8000-123456789002,CNJ,Cipta Cianjur,25000.0,0.0,0.0,0.0,25000.0,25000.0,0.0,25000.0,0.0,0.0,100.0,2026-05-02 20:48:00,2026-05-02 20:48:00,,,-1.0,-1.0,0,0,False,Paid - On Time/Early,1,1,CNJ-BCA,BCA 2201,paid,ENTRY,0,,0,0,0,,2026-10-03 07:00:00,paid,END USER,25000.0,25000.0,25000.0,0.0,0.0,True,False,0.0,Payment date earlier than invoice date,Settled,External Customer,False
019de8a4-0e80-72da-840b-f5aa81ad3f9b,CJFA2605020016,2026-05-03 01:53:00.000,2026-05-03 02:53:00.000,paid,,019b8de1-c6ba-72a9-8e2d-09545981049d,UMK0396,Biqinkaos (Biqinkaos),UMKM,UMKM,019490f2-0002-7000-8000-123456789002,CNJ,Cipta Cianjur,45000.0,0.0,0.0,0.0,45000.0,45000.0,0.0,45000.0,0.0,0.0,100.0,2026-05-02 19:29:00,2026-05-02 19:29:00,,,-1.0,-1.0,0,0,False,Paid - On Time/Early,1,1,CNJ-CIB,Cash in Box,paid,ENTRY,0,,0,0,0,,2026-10-03 07:00:00,paid,UMKM,45000.0,45000.0,45000.0,0.0,0.0,True,False,0.0,Payment date earlier than invoice date,Settled,External Customer,False
019de8ab-9306-70f5-a29a-ae125b893610,CJFA2605020017,2026-05-03 01:53:00.000,2026-05-03 02:53:00.000,paid,,019b8de1-c6b8-75ba-9066-036ce77e3c15,UMK0032,Halalin Wedding,UMKM,UMKM,019490f2-0002-7000-8000-123456789002,CNJ,Cipta Cianjur,75000.0,0.0,0.0,0.0,75000.0,75000.0,0.0,75000.0,0.0,0.0,100.0,2026-05-02 20:41:00,2026-05-02 20:41:00,,,-1.0,-1.0,0,0,False,Paid - On Time/Early,1,1,CNJ-CIB,Cash in Box,paid,ENTRY,0,,0,0,0,,2026-10-03 07:00:00,paid,UMKM,75000.0,75000.0,75000.0,0.0,0.0,True,False,0.0,Payment date earlier than invoice date,Settled,External Customer,False
019ded61-750d-70c9-89e5-19cfffe212d0,CJYR2605030010,2026-05-04 00:27:00.000,2026-05-04 01:27:00.000,paid,,019c1d66-6da6-722a-a5d5-b4efebdf82ad,USR000228,A Dedy (A Dedy),EU,END USER,019490f2-0002-7000-8000-123456789002,CNJ,Cipta Cianjur,30000.0,0.0,0.0,0.0,30000.0,30000.0,0.0,30000.0,0.0,0.0,100.0,2026-05-03 17:33:00,2026-05-03 17:33:00,,,-1.0,-1.0,0,0,False,Paid - On Time/Early,1,1,CNJ-BCA,BCA 2201,paid,ENTRY,0,,0,0,0,,2026-10-03 07:00:00,paid,END USER,30000.0,30000.0,30000.0,0.0,0.0,True,False,0.0,Payment date earlier than invoice date,Settled,External Customer,False
019ded80-6302-7621-be02-ab6424a11657,CJYR2605030011,2026-05-04 00:27:00.000,2026-05-04 01:27:00.000,paid,,019c1d6d-94e9-72e3-bd9e-623dec31515d,USR000799,Dewi Rizky,EU,END USER,019490f2-0002-7000-8000-123456789002,CNJ,Cipta Cianjur,40000.0,0.0,0.0,0.0,40000.0,40000.0,0.0,40000.0,0.0,0.0,100.0,2026-05-03 18:13:00,2026-05-03 18:13:00,,,-1.0,-1.0,0,0,False,Paid - On Time/Early,1,1,CNJ-CIB,Cash in Box,paid,ENTRY,0,,0,0,0,,2026-10-03 07:00:00,paid,END USER,40000.0,40000.0,40000.0,0.0,0.0,True,False,0.0,Payment date earlier than invoice date,Settled,External Customer,False
019dede1-2551-731a-8279-ac71acc09cb6,CJYR2605030015,2026-05-04 00:27:00.000,2026-05-04 01:27:00.000,paid,,019c1d86-2fd4-74e3-9197-16746a532af6,USR000895,Dena (Dena),EU,END USER,019490f2-0002-7000-8000-123456789002,CNJ,Cipta Cianjur,120000.0,0.0,0.0,0.0,120000.0,120000.0,0.0,120000.0,0.0,0.0,100.0,2026-05-03 19:48:00,2026-05-03 19:48:00,,,-1.0,-1.0,0,0,False,Paid - On Time/Early,1,1,CNJ-CIB,Cash in Box,paid,ENTRY,0,,0,0,0,,2026-10-03 07:00:00,paid,END USER,120000.0,120000.0,120000.0,0.0,0.0,True,False,0.0,Payment date earlier than invoice date,Settled,External Customer,False
019df285-9623-72a3-8779-8c5583a59c05,CJYR2605040005,2026-05-05 00:23:00.000,2026-05-05 01:23:00.000,paid,,019df284-2cd7-7494-b90d-d51237bca04a,USR001084,Panji Vac,EU,END USER,019490f2-0002-7000-8000-123456789002,CNJ,Cipta Cianjur,260000.0,0.0,0.0,0.0,260000.0,260000.0,0.0,260000.0,0.0,0.0,100.0,2026-05-04 17:31:00,2026-05-04 17:31:00,,,-1.0,-1.0,0,0,False,Paid - On Time/Early,1,1,CNJ-BCA,BCA 2201,paid,ENTRY,0,,0,0,0,,2026-10-03 07:00:00,paid,END USER,260000.0,260000.0,260000.0,0.0,0.0,True,False,0.0,Payment date earlier than invoice date,Settled,External Customer,False
019df28f-0dd1-7388-b587-4787c92a5534,OLDA2604270001,2026-05-05 00:35:00.000,2026-05-10 00:13:00.000,paid,,019c569a-f262-732b-b4e9-44970fe575c7,IND000012,Pt Cemerlang Multimedia,INDUSTRI,INDUSTRI,019ab8e3-cb41-7087-92ab-c7596e6780f4,OL,Cipta Online,3320000.0,0.0,365200.0,66400.0,3618800.0,3618800.0,0.0,3618800.0,0.0,0.0,100.0,2026-05-04 19:29:00,2026-05-04 19:29:00,,,-1.0,-1.0,0,0,False,Paid - On Time/Early,1,1,OL-OFC,BCA Cipta Office,paid,ENTRY,0,,0,0,0,,2026-10-03 07:00:00,paid,INDUSTRI,3618800.0,3618800.0,3618800.0,0.0,0.0,True,False,0.0,Payment date earlier than invoice date,Settled,External Customer,False
019df2a7-a8cc-7709-90a6-7152561e6ab1,CJFA2605040013,2026-05-05 01:02:00.000,2026-05-05 02:02:00.000,paid,,019b8de1-c6bb-707a-8730-85c412461b9c,CG0196,Perc. Go Print,AGEN,AGEN,019490f2-0002-7000-8000-123456789002,CNJ,Cipta Cianjur,80000.0,0.0,0.0,0.0,80000.0,80000.0,0.0,80000.0,0.0,0.0,100.0,2026-05-04 18:52:00,2026-05-04 18:52:00,,,-1.0,-1.0,0,0,False,Paid - On Time/Early,1,1,CNJ-CIB,Cash in Box,paid,ENTRY,0,,0,0,0,,2026-10-03 07:00:00,paid,AGEN,80000.0,80000.0,80000.0,0.0,0.0,True,False,0.0,Payment date earlier than invoice date,Settled,External Customer,False
019df2b5-5057-706e-b627-09851d296c97,CGDP2605040012,2026-05-05 01:16:00.000,2026-05-05 02:16:00.000,paid,,019df2b4-d0ea-718b-9022-e8df0f41530c,UMK000666,Iman Sulaeman,UMKM,UMKM,019490f2-0003-7000-8000-123456789003,CG,Cipta Digital,160000.0,0.0,0.0,0.0,160000.0,160000.0,0.0,160000.0,0.0,0.0,100.0,2026-05-04 18:17:00,2026-05-07 17:41:00,,,-1.0,2.0,2,0,False,Paid - Late,2,1,CG-CIB,Cash in Box,"dp, paid",ENTRY,0,,0,0,0,,2026-10-03 07:00:00,paid,UMKM,160000.0,160000.0,160000.0,0.0,0.0,True,False,0.0,Payment date earlier than invoice date,Settled,External Customer,True
019df2d0-ef33-71ec-b822-00eaa354df06,CJYR2605040006,2026-05-05 00:23:00.000,2026-05-05 01:23:00.000,paid,,019b8de1-c6bb-707a-8730-9bb6c284392c,CG0201,Adil Fauzan,AGEN,AGEN,019490f2-0002-7000-8000-123456789002,CNJ,Cipta Cianjur,185000.0,0.0,0.0,0.0,185000.0,185000.0,0.0,185000.0,0.0,0.0,100.0,2026-05-04 20:24:00,2026-05-04 20:24:00,,,-1.0,-1.0,0,0,False,Paid - On Time/Early,1,1,CNJ-BCA,BCA 2201,paid,ENTRY,0,,0,0,0,,2026-10-03 07:00:00,paid,AGEN,185000.0,185000.0,185000.0,0.0,0.0,True,False,0.0,Payment date earlier than invoice date,Settled,External Customer,False
019df2ea-f11f-71bd-911b-ff248e4ba5a2,CJYR2605040007,2026-05-05 00:23:00.000,2026-05-05 01:23:00.000,paid,,019df1b5-eebf-754e-80a4-a89dba265213,USR001082,Azka Azka,EU,END USER,019490f2-0002-7000-8000-123456789002,CNJ,Cipta Cianjur,75000.0,0.0,0.0,0.0,75000.0,75000.0,0.0,75000.0,0.0,0.0,100.0,2026-05-04 19:17:00,2026-05-04 19:17:00,,,-1.0,-1.0,0,0,False,Paid - On Time/Early,1,1,CNJ-BCA,BCA 2201,paid,ENTRY,0,,0,0,0,,2026-10-03 07:00:00,paid,END USER,75000.0,75000.0,75000.0,0.0,0.0,True,False,0.0,Payment date earlier than invoice date,Settled,External Customer,False
019df313-fa63-74b2-bf2f-f610edf88c4b,CJYR2605040009,2026-05-05 00:23:00.000,2026-05-05 01:23:00.000,paid,,019bd433-ff02-7609-9e9e-88e0fc849760,USR000001,Firman Sulaeman,EU,END USER,019490f2-0002-7000-8000-123456789002,CNJ,Cipta Cianjur,216000.0,0.0,0.0,0.0,216000.0,216000.0,0.0,216000.0,0.0,0.0,100.0,2026-05-04 20:02:00,2026-05-04 20:02:00,,,-1.0,-1.0,0,0,False,Paid - On Time/Early,1,1,CNJ-CIB,Cash in Box,paid,ENTRY,0,,0,0,0,,2026-10-03 07:00:00,paid,END USER,216000.0,216000.0,216000.0,0.0,0.0,True,False,0.0,Payment date earlier than invoice date,Settled,External Customer,False
019df321-6d31-7457-a783-22266d0628a7,CJFA2605040014,2026-05-05 01:02:00.000,2026-05-05 02:02:00.000,paid,,019c1cb9-7a12-740e-bfde-4b9cde3bf96b,EDU000054,SMK Negeri 2 Cilaku,SEKOLAH,SEKOLAH,019490f2-0002-7000-8000-123456789002,CNJ,Cipta Cianjur,55000.0,0.0,0.0,0.0,55000.0,55000.0,0.0,55000.0,0.0,0.0,100.0,2026-05-04 20:22:00,2026-05-04 20:22:00,,,-1.0,-1.0,0,0,False,Paid - On Time/Early,1,1,CNJ-BCA,BCA 2201,paid,ENTRY,0,,0,0,0,,2026-10-03 07:00:00,paid,SEKOLAH,55000.0,55000.0,55000.0,0.0,0.0,True,False,0.0,Payment date earlier than invoice date,Settled,External Customer,False
019df74b-315a-7148-a0a0-c803ef4ca1cf,PKDR2605050009,2026-05-05 22:22:00.000,2026-05-05 23:22:00.000,paid,,019b91a5-4e3c-71d9-847b-4b05e121e1ed,DV0002,Cipta Galuh,DIVISI,DIVISI,019b8a09-0bf8-7497-98a0-86a53a78e02f,PWK,Cipta Purwakarta,10000000.0,0.0,0.0,0.0,10000000.0,10000000.0,0.0,10000000.0,0.0,0.0,100.0,2026-04-30 14:18:00,2026-04-30 14:18:00,,,-5.0,-5.0,0,0,False,Paid - On Time/Early,1,1,PWK-BCA,BCA PWK,paid,ENTRY,0,,0,0,0,,2026-10-03 07:00:00,paid,DIVISI,10000000.0,10000000.0,10000000.0,0.0,0.0,True,False,0.0,Payment date earlier than invoice date,Settled,Internal Division,False
019df7aa-d64e-726b-ad5d-a0b966138d7a,OLDA2605050005,2026-05-06 00:21:00.000,2026-05-06 01:21:00.000,paid,,019df7a8-d3e5-77aa-ae65-171573158806,USR000598,Maurin Shinta,EU,END USER,019ab8e3-cb41-7087-92ab-c7596e6780f4,OL,Cipta Online,27000.0,0.0,0.0,0.0,27000.0,27000.0,0.0,27000.0,0.0,0.0,100.0,2026-05-05 17:32:00,2026-05-05 17:32:00,,,-1.0,-1.0,0,0,False,Paid - On Time/Early,1,1,OL-CIB,Cash in Box,paid,ENTRY,0,,0,0,0,,2026-10-03 07:00:00,paid,END USER,27000.0,27000.0,27000.0,0.0,0.0,True,False,0.0,Payment date earlier than invoice date,Settled,External Customer,False
019df7b1-a48a-775f-ace3-f1076ede7f27,CJGI2605050002,2026-05-06 00:30:00.000,2026-05-06 01:30:00.000,paid,,019c1d91-00f1-7075-b03f-363ea55078d3,USR000950,Nabila (Nabila),EU,END USER,019490f2-0002-7000-8000-123456789002,CNJ,Cipta Cianjur,30000.0,0.0,0.0,0.0,30000.0,30000.0,0.0,30000.0,0.0,0.0,100.0,2026-05-05 17:32:00,2026-05-05 17:32:00,,,-1.0,-1.0,0,0,False,Paid - On Time/Early,1,1,CNJ-CIB,Cash in Box,paid,ENTRY,0,,0,0,0,,2026-10-03 07:00:00,paid,END USER,30000.0,30000.0,30000.0,0.0,0.0,True,False,0.0,Payment date earlier than invoice date,Settled,External Customer,False
019df7e2-4e59-733b-b3d3-2ab703322384,CJRR2605050011,2026-05-06 01:24:00.000,2026-05-06 02:24:00.000,paid,,019b8de1-c6ba-72a9-8e2d-2dc1b4cf91b5,CG0002,Perc. Arsya,AGEN,AGEN,019490f2-0002-7000-8000-123456789002,CNJ,Cipta Cianjur,20000.0,0.0,0.0,0.0,20000.0,20000.0,0.0,20000.0,0.0,0.0,100.0,2026-05-05 20:57:00,2026-05-05 20:57:00,,,-1.0,-1.0,0,0,False,Paid - On Time/Early,1,1,CNJ-CIB,Cash in Box,paid,ENTRY,0,,0,0,0,,2026-10-03 07:00:00,paid,AGEN,20000.0,20000.0,20000.0,0.0,0.0,True,False,0.0,Payment date earlier than invoice date,Settled,External Customer,False
019df7f1-236b-7775-a8d1-066934001024,CGSB2605050005,2026-05-06 01:38:00.000,2026-05-06 02:38:00.000,paid,,019be4d0-582c-7639-84d4-43c51d7d65d4,USR000014,Nurrizal APWS,EU,END USER,019490f2-0003-7000-8000-123456789003,CG,Cipta Digital,28000.0,0.0,0.0,0.0,28000.0,28000.0,0.0,28000.0,0.0,0.0,100.0,2026-05-05 18:59:00,2026-05-05 18:59:00,,,-1.0,-1.0,0,0,False,Paid - On Time/Early,1,1,CG-CIB,Cash in Box,paid,ENTRY,0,,0,0,0,,2026-10-03 07:00:00,paid,END USER,28000.0,28000.0,28000.0,0.0,0.0,True,False,0.0,Payment date earlier than invoice date,Settled,External Customer,False
019df7f6-2f79-76a3-be2e-3ff179dd8c69,CJGI2605050003,2026-05-06 00:30:00.000,2026-05-06 01:30:00.000,paid,,019c4669-4836-753d-9fb6-78ebc10757f4,USR000979,Anggy Karnia,EU,END USER,019490f2-0002-7000-8000-123456789002,CNJ,Cipta Cianjur,15000.0,0.0,0.0,0.0,15000.0,15000.0,0.0,15000.0,0.0,0.0,100.0,2026-05-05 18:46:00,2026-05-05 18:46:00,,,-1.0,-1.0,0,0,False,Paid - On Time/Early,1,1,CNJ-BCA,BCA 2201,paid,ENTRY,0,,0,0,0,,2026-10-03 07:00:00,paid,END USER,15000.0,15000.0,15000.0,0.0,0.0,True,False,0.0,Payment date earlier than invoice date,Settled,External Customer,False
019df800-6c97-700e-94bf-8f5009302cbf,CGSB2605050006,2026-05-06 01:38:00.000,2026-05-06 02:38:00.000,paid,,019b9e35-f77a-7522-9c85-1136c5962a58,EU4624,Nur Faozan,EU,END USER,019490f2-0003-7000-8000-123456789003,CG,Cipta Digital,44000.0,0.0,0.0,0.0,44000.0,44000.0,0.0,44000.0,0.0,0.0,100.0,2026-05-05 18:57:00,2026-05-05 18:57:00,,,-1.0,-1.0,0,0,False,Paid - On Time/Early,1,1,CG-JZM,BCA Jazmi Hamzah,paid,ENTRY,0,,0,0,0,,2026-10-03 07:00:00,paid,END USER,44000.0,44000.0,44000.0,0.0,0.0,True,False,0.0,Payment date earlier than invoice date,Settled,External Customer,False
019df816-2048-770a-954f-08b3f1bf7670,PKAB2605050011,2026-05-06 02:20:00.000,2026-05-06 03:20:00.000,paid,,019b91a5-4e40-7661-9515-f03f379b69b7,UMK0044,Asep (Asep),UMKM,UMKM,019b8a09-0bf8-7497-98a0-86a53a78e02f,PWK,Cipta Purwakarta,39000.0,0.0,0.0,0.0,39000.0,39000.0,0.0,39000.0,0.0,0.0,100.0,2026-05-05 19:33:00,2026-05-05 19:33:00,,,-1.0,-1.0,0,0,False,Paid - On Time/Early,1,1,PWK-CIB,Cash in Box,paid,ENTRY,0,,0,0,0,,2026-10-03 07:00:00,paid,UMKM,39000.0,39000.0,39000.0,0.0,0.0,True,False,0.0,Payment date earlier than invoice date,Settled,External Customer,False
019df82d-b90f-7391-aea3-0621b777134b,CJGI2605050004,2026-05-06 00:30:00.000,2026-05-06 01:30:00.000,paid,,019c1d5f-dd3e-74ed-8a2a-dd8b757f20b0,USR000149,Dea (Dea),EU,END USER,019490f2-0002-7000-8000-123456789002,CNJ,Cipta Cianjur,20000.0,0.0,0.0,0.0,20000.0,20000.0,0.0,20000.0,0.0,0.0,100.0,2026-05-05 19:47:00,2026-05-05 19:47:00,,,-1.0,-1.0,0,0,False,Paid - On Time/Early,1,1,CNJ-CIB,Cash in Box,paid,ENTRY,0,,0,0,0,,2026-10-03 07:00:00,paid,END USER,20000.0,20000.0,20000.0,0.0,0.0,True,False,0.0,Payment date earlier than invoice date,Settled,External Customer,False
019df832-b28e-72e8-af11-83e1abd0a771,CGSB2605050007,2026-05-06 01:38:00.000,2026-05-06 02:38:00.000,paid,,019df831-9d94-75e6-94b5-63fda19e1fd8,USR000461,Andika Susanto,EU,END USER,019490f2-0003-7000-8000-123456789003,CG,Cipta Digital,385000.0,0.0,0.0,0.0,385000.0,385000.0,0.0,385000.0,0.0,0.0,100.0,2026-05-05 19:54:00,2026-05-07 20:02:00,,,-1.0,1.0,1,0,False,Paid - Late,2,1,CG-JZM,BCA Jazmi Hamzah,"dp, paid",ENTRY,0,,0,0,0,,2026-10-03 07:00:00,paid,END USER,385000.0,385000.0,385000.0,0.0,0.0,True,False,0.0,Payment date earlier than invoice date,Settled,External Customer,True
019dfb8e-c98c-711e-8df3-44121f6dc592,GRDN2605050018,2026-05-06 18:32:00.000,2026-05-06 19:26:00.000,dp,,019b8c17-2596-75c8-9955-7a055efcabb5,USR1254,Halimah (Halimah),EU,END USER,019490f2-0000-7000-8000-123456789000,GRH,Cipta Graha,300000.0,0.0,0.0,0.0,300000.0,150000.0,0.0,150000.0,150000.0,0.0,50.0,2026-05-05 11:32:00,2026-05-05 11:32:00,,,-1.0,,0,150,True,Partially Paid - Overdue,1,1,GRH-FTN,BCA Graha (Fathan),dp,ENTRY,0,,0,0,0,,2026-10-03 07:00:00,dp,END USER,300000.0,150000.0,150000.0,150000.0,0.0,False,True,150000.0,Payment date earlier than invoice date,90+ Days,External Customer,False
019dfcdc-04ba-758a-b195-7b8f6044ecb0,PKJA2605060026,2026-05-07 00:25:00.000,2026-05-07 01:25:00.000,paid,,019b91a7-6a0e-754f-800f-1bca000df741,USR01766,Rida (Rida),EU,END USER,019b8a09-0bf8-7497-98a0-86a53a78e02f,PWK,Cipta Purwakarta,62000.0,0.0,0.0,0.0,62000.0,62000.0,0.0,62000.0,0.0,0.0,100.0,2026-05-06 19:36:00,2026-05-06 19:36:00,,,-1.0,-1.0,0,0,False,Paid - On Time/Early,1,1,PWK-BCA,BCA PWK,paid,ENTRY,0,,0,0,0,,2026-10-03 07:00:00,paid,END USER,62000.0,62000.0,62000.0,0.0,0.0,True,False,0.0,Payment date earlier than invoice date,Settled,External Customer,False
019dfceb-1916-772c-a66b-d3c1e5468264,PKJA2605060027,2026-05-07 00:25:00.000,2026-05-07 01:25:00.000,paid,,019be9d5-4b1d-769d-b489-dd72b7d976e3,IND000004,PT. Indorama Synthetics Tbk.,INDUSTRI,INDUSTRI,019b8a09-0bf8-7497-98a0-86a53a78e02f,PWK,Cipta Purwakarta,160000.0,0.0,0.0,0.0,160000.0,160000.0,0.0,160000.0,0.0,0.0,100.0,2026-05-06 17:53:00,2026-05-06 17:53:00,,,-1.0,-1.0,0,0,False,Paid - On Time/Early,1,1,PWK-CIB,Cash in Box,paid,ENTRY,0,,0,0,0,,2026-10-03 07:00:00,paid,INDUSTRI,160000.0,160000.0,160000.0,0.0,0.0,True,False,0.0,Payment date earlier than invoice date,Settled,External Customer,False
019dfcfd-8260-73bd-b287-80ce75feb63f,PKJA2605060028,2026-05-07 00:25:00.000,2026-05-07 01:25:00.000,paid,,019b91a7-6a09-7539-b6ed-647b8e7b196e,USR00617,Dwiki Knb,EU,END USER,019b8a09-0bf8-7497-98a0-86a53a78e02f,PWK,Cipta Purwakarta,48000.0,0.0,0.0,0.0,48000.0,48000.0,0.0,48000.0,0.0,0.0,100.0,2026-05-06 18:21:00,2026-05-06 18:21:00,,,-1.0,-1.0,0,0,False,Paid - On Time/Early,1,1,PWK-CIB,Cash in Box,paid,ENTRY,0,,0,0,0,,2026-10-03 07:00:00,paid,END USER,48000.0,48000.0,48000.0,0.0,0.0,True,False,0.0,Payment date earlier than invoice date,Settled,External Customer,False
019dfd01-ef48-74e5-886a-b6325260850f,PKJA2605060029,2026-05-07 00:25:00.000,2026-05-07 01:25:00.000,paid,,019dfd01-7c15-725b-81f5-4b998108edd7,USR000421,Pt. Bina Buana Medika,EU,END USER,019b8a09-0bf8-7497-98a0-86a53a78e02f,PWK,Cipta Purwakarta,100000.0,0.0,0.0,0.0,100000.0,100000.0,0.0,100000.0,0.0,0.0,100.0,2026-05-06 18:33:00,2026-05-06 18:33:00,,,-1.0,-1.0,0,0,False,Paid - On Time/Early,1,1,PWK-BCA,BCA PWK,paid,ENTRY,0,,0,0,0,,2026-10-03 07:00:00,paid,END USER,100000.0,100000.0,100000.0,0.0,0.0,True,False,0.0,Payment date earlier than invoice date,Settled,External Customer,False
019dfd09-30cc-717e-a5ca-c65a3d1ad9f8,CJFA2605060009,2026-05-07 01:20:00.000,2026-05-07 02:20:00.000,paid,,019dfd06-bab6-72ca-be08-af89cc8cd4b1,USR001089,Syifa Rahma Maulida,EU,END USER,019490f2-0002-7000-8000-123456789002,CNJ,Cipta Cianjur,150000.0,0.0,0.0,0.0,150000.0,150000.0,0.0,150000.0,0.0,0.0,100.0,2026-05-06 19:57:00,2026-05-06 19:57:00,,,-1.0,-1.0,0,0,False,Paid - On Time/Early,1,1,CNJ-BCA,BCA 2201,paid,ENTRY,0,,0,0,0,,2026-10-03 07:00:00,paid,END USER,150000.0,150000.0,150000.0,0.0,0.0,True,False,0.0,Payment date earlier than invoice date,Settled,External Customer,False
019dfd47-e751-7757-a24d-6fd4f06f1f2a,OLAW2605060004,2026-05-07 02:32:00.000,2026-05-10 23:32:00.000,paid,,019dfd47-8145-743b-af21-9e0df06ceb9e,USR000606,Tajuddin Tajuddin,EU,END USER,019ab8e3-cb41-7087-92ab-c7596e6780f4,OL,Cipta Online,250000.0,0.0,0.0,0.0,250000.0,250000.0,0.0,250000.0,0.0,0.0,100.0,2026-05-06 19:39:00,2026-05-06 19:39:00,,,-1.0,-1.0,0,0,False,Paid - On Time/Early,1,1,OL-FDL,BCA Online,paid,ENTRY,0,,0,0,0,,2026-10-03 07:00:00,paid,END USER,250000.0,250000.0,250000.0,0.0,0.0,True,False,0.0,Payment date earlier than invoice date,Settled,External Customer,False
019dfd60-4f3d-700c-8cdf-b01cda1b3b0a,CGMR2605060001,2026-05-07 02:59:00.000,2026-05-07 03:59:00.000,paid,,019b9e31-6b77-741a-b766-86aa332bc02b,EU2903,Aulia Indah,EU,END USER,019490f2-0003-7000-8000-123456789003,CG,Cipta Digital,30000.0,0.0,0.0,0.0,30000.0,30000.0,0.0,30000.0,0.0,0.0,100.0,2026-05-06 20:00:00,2026-05-06 20:00:00,,,-1.0,-1.0,0,0,False,Paid - On Time/Early,1,1,CG-CIB,Cash in Box,paid,ENTRY,0,,0,0,0,,2026-10-03 07:00:00,paid,END USER,30000.0,30000.0,30000.0,0.0,0.0,True,False,0.0,Payment date earlier than invoice date,Settled,External Customer,False
019dfd66-1ec8-775a-94dd-e878004694ba,CGMR2605060002,2026-05-07 03:02:00.000,2026-05-07 04:02:00.000,paid,,019dfd65-e80f-7414-98f4-3d467f36414f,EM000007,Akmal Fauzan,EMPLOYEE,EMPLOYEE,019490f2-0003-7000-8000-123456789003,CG,Cipta Digital,147500.0,0.0,0.0,0.0,147500.0,147500.0,0.0,147500.0,0.0,0.0,100.0,2026-05-06 20:10:00,2026-05-06 20:10:00,,,-1.0,-1.0,0,0,False,Paid - On Time/Early,1,1,CG-QRIS,QRIS BCA,paid,ENTRY,0,,0,0,0,,2026-10-03 07:00:00,paid,EMPLOYEE,147500.0,147500.0,147500.0,0.0,0.0,True,False,0.0,Payment date earlier than invoice date,Settled,External Customer,False
019dfd7a-d2e9-74b9-8794-261399d79455,CJFA2605060012,2026-05-07 03:28:00.000,2026-05-07 04:28:00.000,paid,,019c1d5c-d645-767b-9b7b-f3eb2e9f4e9d,USR000056,Rendy (Rendy),EU,END USER,019490f2-0002-7000-8000-123456789002,CNJ,Cipta Cianjur,15000.0,0.0,0.0,0.0,15000.0,15000.0,0.0,15000.0,0.0,0.0,100.0,2026-05-06 20:30:00,2026-05-06 20:30:00,,,-1.0,-1.0,0,0,False,Paid - On Time/Early,1,1,CNJ-CIB,Cash in Box,paid,ENTRY,0,,0,0,0,,2026-10-03 07:00:00,paid,END USER,15000.0,15000.0,15000.0,0.0,0.0,True,False,0.0,Payment date earlier than invoice date,Settled,External Customer,False
019dfd94-9f0f-7528-a639-fd4b03a9ad7f,CJFA2605060013,2026-05-07 03:28:00.000,2026-05-07 04:28:00.000,paid,,019b8de1-c6ba-72a9-8e2e-87a6b1b15702,CG0088,Aang Yogya,AGEN,AGEN,019490f2-0002-7000-8000-123456789002,CNJ,Cipta Cianjur,15000.0,0.0,0.0,0.0,15000.0,15000.0,0.0,15000.0,0.0,0.0,100.0,2026-05-06 20:58:00,2026-05-06 20:58:00,,,-1.0,-1.0,0,0,False,Paid - On Time/Early,1,1,CNJ-CIB,Cash in Box,paid,ENTRY,0,,0,0,0,,2026-10-03 07:00:00,paid,AGEN,15000.0,15000.0,15000.0,0.0,0.0,True,False,0.0,Payment date earlier than invoice date,Settled,External Customer,False
019e01e9-6b16-7264-9e8f-7f307628969a,CGSB2605070002,2026-05-08 00:07:00.000,2026-05-08 01:07:00.000,paid,,019b9e35-f78e-7452-ae48-2a038b883f74,EU5367,Rafif Ardiansyah,EU,END USER,019490f2-0003-7000-8000-123456789003,CG,Cipta Digital,100000.0,0.0,0.0,0.0,100000.0,100000.0,0.0,100000.0,0.0,0.0,100.0,2026-05-07 19:57:00,2026-05-08 09:14:00,,,-1.0,0.0,0,0,False,Paid - On Time/Early,2,1,CG-JZM,BCA Jazmi Hamzah,paid,ENTRY,0,,0,0,0,,2026-10-03 07:00:00,paid,END USER,100000.0,100000.0,100000.0,0.0,0.0,True,False,0.0,Payment date earlier than invoice date,Settled,External Customer,True
019e0218-70de-70de-bdb6-b028901abf6d,PKJA2605070027,2026-05-08 00:42:00.000,2026-05-08 01:42:00.000,paid,,019b91a7-6a12-76db-9ff6-f837ee99974a,USR02456,Sang Nona,EU,END USER,019b8a09-0bf8-7497-98a0-86a53a78e02f,PWK,Cipta Purwakarta,110000.0,0.0,0.0,0.0,110000.0,110000.0,0.0,110000.0,0.0,0.0,100.0,2026-05-07 18:04:00,2026-05-07 18:04:00,,,-1.0,-1.0,0,0,False,Paid - On Time/Early,1,1,PWK-BCA,BCA PWK,paid,ENTRY,0,,0,0,0,,2026-10-03 07:00:00,paid,END USER,110000.0,110000.0,110000.0,0.0,0.0,True,False,0.0,Payment date earlier than invoice date,Settled,External Customer,False
019e021d-6db6-7123-a3ea-ec8e4d7c87ef,PKJA2605070028,2026-05-08 00:42:00.000,2026-05-08 01:42:00.000,paid,,019bd598-0cc5-70fe-a291-cc6db0371304,USR000012,levasion photo,EU,END USER,019b8a09-0bf8-7497-98a0-86a53a78e02f,PWK,Cipta Purwakarta,14000.0,0.0,0.0,0.0,14000.0,14000.0,0.0,14000.0,0.0,0.0,100.0,2026-05-07 19:09:00,2026-05-07 19:09:00,,,-1.0,-1.0,0,0,False,Paid - On Time/Early,1,1,PWK-CIB,Cash in Box,paid,ENTRY,0,,0,0,0,,2026-10-03 07:00:00,paid,END USER,14000.0,14000.0,14000.0,0.0,0.0,True,False,0.0,Payment date earlier than invoice date,Settled,External Customer,False
019e021d-a189-731c-bf10-e38b2a2cdfaa,CJFA2605070014,2026-05-08 01:04:00.000,2026-05-08 02:04:00.000,paid,,019b8de1-c6b9-77e8-a27a-514ad8fd0b8d,UMK0118,Malikal Puding,UMKM,UMKM,019490f2-0002-7000-8000-123456789002,CNJ,Cipta Cianjur,10000.0,0.0,0.0,0.0,10000.0,10000.0,0.0,10000.0,0.0,0.0,100.0,2026-05-07 18:06:00,2026-05-07 18:06:00,,,-1.0,-1.0,0,0,False,Paid - On Time/Early,1,1,CNJ-BCA,BCA 2201,paid,ENTRY,0,,0,0,0,,2026-10-03 07:00:00,paid,UMKM,10000.0,10000.0,10000.0,0.0,0.0,True,False,0.0,Payment date earlier than invoice date,Settled,External Customer,False
019e021f-76d9-701e-b7ad-37ec20d35418,CGSB2605070004,2026-05-08 00:23:00.000,2026-05-08 01:23:00.000,paid,,019e021e-8b14-713f-947f-4d2cdb579e1f,USR000468,Rachel Aceng,EU,END USER,019490f2-0003-7000-8000-123456789003,CG,Cipta Digital,34000.0,0.0,0.0,0.0,34000.0,34000.0,0.0,34000.0,0.0,0.0,100.0,2026-05-07 18:07:00,2026-05-07 18:07:00,,,-1.0,-1.0,0,0,False,Paid - On Time/Early,1,1,CG-CIB,Cash in Box,paid,ENTRY,0,,0,0,0,,2026-10-03 07:00:00,paid,END USER,34000.0,34000.0,34000.0,0.0,0.0,True,False,0.0,Payment date earlier than invoice date,Settled,External Customer,False
019e0222-a793-75ea-b24b-eded7639df8e,PKJA2605070029,2026-05-08 00:42:00.000,2026-05-08 01:42:00.000,paid,,019b91a5-4e40-7661-9518-1482a0c88dc5,UMK0181,Nurul (Nurul),UMKM,UMKM,019b8a09-0bf8-7497-98a0-86a53a78e02f,PWK,Cipta Purwakarta,19000.0,0.0,0.0,0.0,19000.0,19000.0,0.0,19000.0,0.0,0.0,100.0,2026-05-07 18:12:00,2026-05-07 18:12:00,,,-1.0,-1.0,0,0,False,Paid - On Time/Early,1,1,PWK-CIB,Cash in Box,paid,ENTRY,0,,0,0,0,,2026-10-03 07:00:00,paid,UMKM,19000.0,19000.0,19000.0,0.0,0.0,True,False,0.0,Payment date earlier than invoice date,Settled,External Customer,False
019e023b-78ef-7109-a416-e48d84e144a2,CJYR2605070013,2026-05-08 01:38:00.000,2026-05-08 02:38:00.000,paid,,019b8de1-c6ba-72a9-8e2f-70f365c150f9,CG0147,Perc. Sakura,AGEN,AGEN,019490f2-0002-7000-8000-123456789002,CNJ,Cipta Cianjur,50000.0,0.0,0.0,0.0,50000.0,50000.0,0.0,50000.0,0.0,0.0,100.0,2026-05-07 18:38:00,2026-05-07 18:38:00,,,-1.0,-1.0,0,0,False,Paid - On Time/Early,1,1,CNJ-CIB,Cash in Box,paid,ENTRY,0,,0,0,0,,2026-10-03 07:00:00,paid,AGEN,50000.0,50000.0,50000.0,0.0,0.0,True,False,0.0,Payment date earlier than invoice date,Settled,External Customer,False
019e024e-fc66-7179-b6c6-81bd018df9db,CJYR2605070014,2026-05-08 01:38:00.000,2026-05-08 02:38:00.000,paid,,019b8de1-c6ba-72a9-8e2e-b5b623e3dbe7,CG0100,Goodshit Sablon Ivin,AGEN,AGEN,019490f2-0002-7000-8000-123456789002,CNJ,Cipta Cianjur,3000.0,0.0,0.0,0.0,3000.0,3000.0,0.0,3000.0,0.0,0.0,100.0,2026-05-07 19:43:00,2026-05-07 19:43:00,,,-1.0,-1.0,0,0,False,Paid - On Time/Early,1,1,CNJ-CIB,Cash in Box,paid,ENTRY,0,,0,0,0,,2026-10-03 07:00:00,paid,AGEN,3000.0,3000.0,3000.0,0.0,0.0,True,False,0.0,Payment date earlier than invoice date,Settled,External Customer,False
019e0285-dd13-70db-a4ac-4705458f1924,CGSB2605070005,2026-05-08 00:23:00.000,2026-05-08 01:23:00.000,paid,,019e0285-87bc-779b-8db9-0d64167601f9,USR000469,Ana Tasya,EU,END USER,019490f2-0003-7000-8000-123456789003,CG,Cipta Digital,15000.0,0.0,0.0,0.0,15000.0,15000.0,0.0,15000.0,0.0,0.0,100.0,2026-05-07 20:10:00,2026-05-07 20:10:00,,,-1.0,-1.0,0,0,False,Paid - On Time/Early,1,1,CG-JZM,BCA Jazmi Hamzah,paid,ENTRY,0,,0,0,0,,2026-10-03 07:00:00,paid,END USER,15000.0,15000.0,15000.0,0.0,0.0,True,False,0.0,Payment date earlier than invoice date,Settled,External Customer,False
019e0739-4a4b-739b-a15b-a0bcbeefc218,OLLS2605080003,2026-05-09 00:52:00.000,2026-05-09 01:52:00.000,paid,,019e0738-df26-7316-9f8b-25c17406a1ff,IND000040,Yulita Nur,INDUSTRI,INDUSTRI,019ab8e3-cb41-7087-92ab-c7596e6780f4,OL,Cipta Online,180000.0,0.0,0.0,0.0,180000.0,180000.0,0.0,180000.0,0.0,0.0,100.0,2026-05-08 17:55:00,2026-05-08 17:55:00,,,-1.0,-1.0,0,0,False,Paid - On Time/Early,1,1,OL-FDL,BCA Online,paid,ENTRY,0,,0,0,0,,2026-10-03 07:00:00,paid,INDUSTRI,180000.0,180000.0,180000.0,0.0,0.0,True,False,0.0,Payment date earlier than invoice date,Settled,External Customer,False
019e0745-8723-7719-8818-470f083ba901,OLLS2605080004,2026-05-09 00:52:00.000,2026-05-09 01:52:00.000,paid,,019b8dd4-9afc-7438-b5a5-1ba44dc29c93,USR0102,Leca (Leca),EU,END USER,019ab8e3-cb41-7087-92ab-c7596e6780f4,OL,Cipta Online,120000.0,0.0,0.0,0.0,120000.0,120000.0,0.0,120000.0,0.0,0.0,100.0,2026-05-08 19:56:00,2026-05-08 19:56:00,,,-1.0,-1.0,0,0,False,Paid - On Time/Early,1,1,OL-FDL,BCA Online,paid,ENTRY,0,,0,0,0,,2026-10-03 07:00:00,paid,END USER,120000.0,120000.0,120000.0,0.0,0.0,True,False,0.0,Payment date earlier than invoice date,Settled,External Customer,False
019e0764-c62d-7799-ba75-98581b28e2d0,OLLS2605080005,2026-05-09 00:52:00.000,2026-05-09 01:52:00.000,paid,,019b8dd4-9af9-74d8-b77e-3fbb3c00c9b3,UMK0043,Dapur Sedep,UMKM,UMKM,019ab8e3-cb41-7087-92ab-c7596e6780f4,OL,Cipta Online,558000.0,0.0,0.0,0.0,558000.0,558000.0,0.0,558000.0,0.0,0.0,100.0,2026-05-08 20:08:00,2026-05-08 20:08:00,,,-1.0,-1.0,0,0,False,Paid - On Time/Early,1,1,OL-FDL,BCA Online,paid,ENTRY,0,,0,0,0,,2026-10-03 07:00:00,paid,UMKM,558000.0,558000.0,558000.0,0.0,0.0,True,False,0.0,Payment date earlier than invoice date,Settled,External Customer,False
019e0776-28c0-77d4-a0db-b943102b0418,CGNM2605080016,2026-05-09 01:59:00.000,2026-05-09 02:59:00.000,paid,,019bf444-f000-71c0-92c4-a91375885c6b,UMK001578,Akbar Kopi Dua Persern,UMKM,UMKM,019490f2-0003-7000-8000-123456789003,CG,Cipta Digital,8000.0,0.0,0.0,0.0,8000.0,8000.0,0.0,8000.0,0.0,0.0,100.0,2026-05-08 19:52:00,2026-05-08 19:52:00,,,-1.0,-1.0,0,0,False,Paid - On Time/Early,1,1,CG-CIB,Cash in Box,paid,ENTRY,0,,0,0,0,,2026-10-03 07:00:00,paid,UMKM,8000.0,8000.0,8000.0,0.0,0.0,True,False,0.0,Payment date earlier than invoice date,Settled,External Customer,False
019e07b0-8f98-737a-9765-de8e968c6a5d,CGNM2605080020,2026-05-09 02:44:00.000,2026-05-09 03:44:00.000,paid,,019c1d90-4fdc-7429-bbcc-cb844df2fbe2,CST98254269,Mita Eka Meylani,INSTANSI,INSTANSI,019490f2-0003-7000-8000-123456789003,CG,Cipta Digital,31000.0,0.0,0.0,0.0,31000.0,31000.0,0.0,31000.0,0.0,0.0,100.0,2026-05-08 20:07:00,2026-05-08 20:07:00,,,-1.0,-1.0,0,0,False,Paid - On Time/Early,1,1,CG-JZM,BCA Jazmi Hamzah,paid,ENTRY,0,,0,0,0,,2026-10-03 07:00:00,paid,INSTANSI,31000.0,31000.0,31000.0,0.0,0.0,True,False,0.0,Payment date earlier than invoice date,Settled,External Customer,False
019e0ace-1b95-725b-b28c-04d3bbbc87c6,PKAS2605090001,2026-05-15 17:35:00.000,2026-05-15 18:31:00.000,paid,,019e012c-279e-7193-9cd9-62e462f955a1,IND000034,Pt. Kids Play Indonesia,INDUSTRI,INDUSTRI,019b8a09-0bf8-7497-98a0-86a53a78e02f,PWK,Cipta Purwakarta,596000.0,0.0,65560.0,0.0,661560.0,661560.0,0.0,661560.0,0.0,0.0,100.0,2026-05-12 15:10:00,2026-05-16 15:28:00,,,-3.0,1.0,1,0,False,Paid - Late,2,1,PWK-OFC,BCA Cipta Office,"dp, paid",ENTRY,0,,0,0,0,,2026-10-03 07:00:00,paid,INDUSTRI,661560.0,661560.0,661560.0,0.0,0.0,True,False,0.0,Payment date earlier than invoice date,Settled,External Customer,True
019e0c45-faf7-705b-9512-d25e935699ac,CJFU2605090014,2026-05-10 00:25:00.000,2026-05-10 01:25:00.000,paid,,019c1d91-00f1-7075-b03f-363ea55078d3,USR000950,Nabila (Nabila),EU,END USER,019490f2-0002-7000-8000-123456789002,CNJ,Cipta Cianjur,30000.0,0.0,0.0,0.0,30000.0,30000.0,0.0,30000.0,0.0,0.0,100.0,2026-05-09 17:28:00,2026-05-09 17:28:00,,,-1.0,-1.0,0,0,False,Paid - On Time/Early,1,1,CNJ-CIB,Cash in Box,paid,ENTRY,0,,0,0,0,,2026-10-03 07:00:00,paid,END USER,30000.0,30000.0,30000.0,0.0,0.0,True,False,0.0,Payment date earlier than invoice date,Settled,External Customer,False
019e0c7b-953c-771d-bc49-dfe9e4677959,CJGI2605090005,2026-05-10 01:23:00.000,2026-05-10 02:23:00.000,paid,,019c1d91-00f1-7075-b03f-363ea55078d3,USR000950,Nabila (Nabila),EU,END USER,019490f2-0002-7000-8000-123456789002,CNJ,Cipta Cianjur,105000.0,0.0,0.0,0.0,105000.0,105000.0,0.0,105000.0,0.0,0.0,100.0,2026-05-09 18:31:00,2026-05-09 18:31:00,,,-1.0,-1.0,0,0,False,Paid - On Time/Early,1,1,CNJ-CIB,Cash in Box,paid,ENTRY,0,,0,0,0,,2026-10-03 07:00:00,paid,END USER,105000.0,105000.0,105000.0,0.0,0.0,True,False,0.0,Payment date earlier than invoice date,Settled,External Customer,False
019e0c8e-43e0-76ce-80eb-a3f35bbd2360,CJFU2605090016,2026-05-10 00:25:00.000,2026-05-10 01:25:00.000,paid,,019c1d69-ca88-74ed-824b-b09454637c57,USR000574,Rahma (Rahma),EU,END USER,019490f2-0002-7000-8000-123456789002,CNJ,Cipta Cianjur,30000.0,0.0,0.0,0.0,30000.0,30000.0,0.0,30000.0,0.0,0.0,100.0,2026-05-09 18:45:00,2026-05-09 18:45:00,,,-1.0,-1.0,0,0,False,Paid - On Time/Early,1,1,CNJ-BCA,BCA 2201,paid,ENTRY,0,,0,0,0,,2026-10-03 07:00:00,paid,END USER,30000.0,30000.0,30000.0,0.0,0.0,True,False,0.0,Payment date earlier than invoice date,Settled,External Customer,False
019e118d-9a59-74bd-a3d9-dc74b7e5baab,CJFA2605100009,2026-05-11 01:01:00.000,2026-05-11 02:01:00.000,paid,,019c1d6d-94e8-762e-a51c-a3df5f4c3e2d,USR000720,Novia Avivvah,EU,END USER,019490f2-0002-7000-8000-123456789002,CNJ,Cipta Cianjur,15000.0,0.0,0.0,0.0,15000.0,15000.0,0.0,15000.0,0.0,0.0,100.0,2026-05-10 18:03:00,2026-05-10 18:03:00,,,-1.0,-1.0,0,0,False,Paid - On Time/Early,1,1,CNJ-CIB,Cash in Box,paid,ENTRY,0,,0,0,0,,2026-10-03 07:00:00,paid,END USER,15000.0,15000.0,15000.0,0.0,0.0,True,False,0.0,Payment date earlier than invoice date,Settled,External Customer,False
019e118f-1e4a-759a-a96d-ef64074d3c2c,CJFA2605100010,2026-05-11 01:01:00.000,2026-05-11 02:01:00.000,paid,,019c1d6d-94e8-762e-a51c-7d6d687b7e8d,USR000711,Restu (Restu),EU,END USER,019490f2-0002-7000-8000-123456789002,CNJ,Cipta Cianjur,50000.0,0.0,0.0,0.0,50000.0,50000.0,0.0,50000.0,0.0,0.0,100.0,2026-05-10 18:04:00,2026-05-10 18:04:00,,,-1.0,-1.0,0,0,False,Paid - On Time/Early,1,1,CNJ-CIB,Cash in Box,paid,ENTRY,0,,0,0,0,,2026-10-03 07:00:00,paid,END USER,50000.0,50000.0,50000.0,0.0,0.0,True,False,0.0,Payment date earlier than invoice date,Settled,External Customer,False
019e1190-7ce3-704b-939f-89dae085fd3b,CJFA2605100011,2026-05-11 01:01:00.000,2026-05-11 02:01:00.000,paid,,019d7c02-978f-7730-8470-dba98dddc133,USR001045,Aleja Eno,EU,END USER,019490f2-0002-7000-8000-123456789002,CNJ,Cipta Cianjur,20000.0,0.0,0.0,0.0,20000.0,20000.0,0.0,20000.0,0.0,0.0,100.0,2026-05-10 18:05:00,2026-05-10 18:05:00,,,-1.0,-1.0,0,0,False,Paid - On Time/Early,1,1,CNJ-CIB,Cash in Box,paid,ENTRY,0,,0,0,0,,2026-10-03 07:00:00,paid,END USER,20000.0,20000.0,20000.0,0.0,0.0,True,False,0.0,Payment date earlier than invoice date,Settled,External Customer,False
019e1191-c6a2-7797-8037-427f4f90c0c4,CJFA2605100012,2026-05-11 01:01:00.000,2026-05-11 02:01:00.000,paid,,019b8de1-c6ba-72a9-8e2e-b5b623e3dbe7,CG0100,Goodshit Sablon Ivin,AGEN,AGEN,019490f2-0002-7000-8000-123456789002,CNJ,Cipta Cianjur,3000.0,0.0,0.0,0.0,3000.0,3000.0,0.0,3000.0,0.0,0.0,100.0,2026-05-10 18:07:00,2026-05-10 18:07:00,,,-1.0,-1.0,0,0,False,Paid - On Time/Early,1,1,CNJ-CIB,Cash in Box,paid,ENTRY,0,,0,0,0,,2026-10-03 07:00:00,paid,AGEN,3000.0,3000.0,3000.0,0.0,0.0,True,False,0.0,Payment date earlier than invoice date,Settled,External Customer,False
019e11bd-72ec-71aa-aa0e-5d2ab4b1fb3b,CJFA2605100015,2026-05-11 01:01:00.000,2026-05-11 02:01:00.000,paid,,019b8de1-c6b9-77e8-a27a-eb8fddd32071,UMK0156,Dapur Malapah,UMKM,UMKM,019490f2-0002-7000-8000-123456789002,CNJ,Cipta Cianjur,30000.0,0.0,0.0,0.0,30000.0,30000.0,0.0,30000.0,0.0,0.0,100.0,2026-05-10 18:55:00,2026-05-10 18:55:00,,,-1.0,-1.0,0,0,False,Paid - On Time/Early,1,1,CNJ-CIB,Cash in Box,paid,ENTRY,0,,0,0,0,,2026-10-03 07:00:00,paid,UMKM,30000.0,30000.0,30000.0,0.0,0.0,True,False,0.0,Payment date earlier than invoice date,Settled,External Customer,False
019e11c9-6b0d-7661-bbf2-7d7103ccbd12,CJFA2605100017,2026-05-11 01:01:00.000,2026-05-11 02:01:00.000,paid,,019c97cc-1e76-73f8-bfb1-3a4018230d78,CST11012505,Indri Islamiati,EU,END USER,019490f2-0002-7000-8000-123456789002,CNJ,Cipta Cianjur,60000.0,0.0,0.0,0.0,60000.0,60000.0,0.0,60000.0,0.0,0.0,100.0,2026-05-10 19:08:00,2026-05-10 19:08:00,,,-1.0,-1.0,0,0,False,Paid - On Time/Early,1,1,CNJ-BCA,BCA 2201,paid,ENTRY,0,,0,0,0,,2026-10-03 07:00:00,paid,END USER,60000.0,60000.0,60000.0,0.0,0.0,True,False,0.0,Payment date earlier than invoice date,Settled,External Customer,False
019e167c-3fea-770f-997e-eaa81b5f39de,OLAW2605110006,2026-05-12 00:00:00.000,2026-05-12 01:00:00.000,paid,,019b8dd4-9b0a-776a-aae9-e1f891e9542c,USR1089,Jims Honey Karawang,EU,END USER,019ab8e3-cb41-7087-92ab-c7596e6780f4,OL,Cipta Online,93000.0,0.0,0.0,0.0,93000.0,93000.0,0.0,93000.0,0.0,0.0,100.0,2026-05-11 19:02:00,2026-05-11 19:02:00,,,-1.0,-1.0,0,0,False,Paid - On Time/Early,1,1,OL-FDL,BCA Online,paid,ENTRY,0,,0,0,0,,2026-10-03 07:00:00,paid,END USER,93000.0,93000.0,93000.0,0.0,0.0,True,False,0.0,Payment date earlier than invoice date,Settled,External Customer,False
019e1681-2f64-77d6-8bed-b282f6d753a4,PKAB2605110013,2026-05-12 00:07:00.000,2026-05-12 00:59:00.000,paid,,019cc20e-3dc9-73fd-8bf8-43ffe97473d5,INS000016,Kpp Pratama Purwakarta,INSTANSI,INSTANSI,019b8a09-0bf8-7497-98a0-86a53a78e02f,PWK,Cipta Purwakarta,875000.0,0.0,0.0,0.0,875000.0,875000.0,0.0,875000.0,0.0,0.0,100.0,2026-05-11 17:07:00,2026-05-18 10:41:00,,,-1.0,6.0,6,0,False,Paid - Late,2,1,PWK-MDR,Mandiri Purwakarta,"dp, paid",ENTRY,0,,0,0,0,,2026-10-03 07:00:00,paid,INSTANSI,875000.0,875000.0,875000.0,0.0,0.0,True,False,0.0,Payment date earlier than invoice date,Settled,External Customer,True
019e168c-fa5a-7349-8931-987f103b0ab9,PKJA2605110014,2026-05-12 00:16:00.000,2026-05-12 01:16:00.000,paid,,019b91a5-4e40-7661-9513-b3c0c1eeeaad,EDU0021,Dwi (Dwi),SEKOLAH,SEKOLAH,019b8a09-0bf8-7497-98a0-86a53a78e02f,PWK,Cipta Purwakarta,24000.0,0.0,0.0,0.0,24000.0,24000.0,0.0,24000.0,0.0,0.0,100.0,2026-05-11 18:50:00,2026-05-11 18:50:00,,,-1.0,-1.0,0,0,False,Paid - On Time/Early,1,1,PWK-BCA,BCA PWK,paid,ENTRY,0,,0,0,0,,2026-10-03 07:00:00,paid,SEKOLAH,24000.0,24000.0,24000.0,0.0,0.0,True,False,0.0,Payment date earlier than invoice date,Settled,External Customer,False
019e1692-a380-76b0-8801-967ffee5fef8,PKJA2605110015,2026-05-12 00:16:00.000,2026-05-12 01:16:00.000,paid,,019b91a5-4e43-76fd-ab9e-bcc261355de3,UMK0600,Lintang (Lintang),UMKM,UMKM,019b8a09-0bf8-7497-98a0-86a53a78e02f,PWK,Cipta Purwakarta,90000.0,0.0,0.0,0.0,90000.0,90000.0,0.0,90000.0,0.0,0.0,100.0,2026-05-11 19:00:00,2026-05-11 19:00:00,,,-1.0,-1.0,0,0,False,Paid - On Time/Early,1,1,PWK-BCA,BCA PWK,paid,ENTRY,0,,0,0,0,,2026-10-03 07:00:00,paid,UMKM,90000.0,90000.0,90000.0,0.0,0.0,True,False,0.0,Payment date earlier than invoice date,Settled,External Customer,False
019e1695-3753-7610-a2c7-1847c25b5fb7,CJGI2605110004,2026-05-12 00:28:00.000,2026-05-12 01:28:00.000,paid,,019b8de1-c6bb-707a-8730-e860f74f08e4,CG0221,Umran Cell,AGEN,AGEN,019490f2-0002-7000-8000-123456789002,CNJ,Cipta Cianjur,10000.0,0.0,0.0,0.0,10000.0,10000.0,0.0,10000.0,0.0,0.0,100.0,2026-05-11 17:45:00,2026-05-11 17:45:00,,,-1.0,-1.0,0,0,False,Paid - On Time/Early,1,1,CNJ-CIB,Cash in Box,paid,ENTRY,0,,0,0,0,,2026-10-03 07:00:00,paid,AGEN,10000.0,10000.0,10000.0,0.0,0.0,True,False,0.0,Payment date earlier than invoice date,Settled,External Customer,False
019e1697-a513-7400-9f82-a237b19775ae,CJGI2605110005,2026-05-12 00:28:00.000,2026-05-12 01:28:00.000,paid,,019b8de1-c6ba-72a9-8e2d-09545981049d,UMK0396,Biqinkaos (Biqinkaos),UMKM,UMKM,019490f2-0002-7000-8000-123456789002,CNJ,Cipta Cianjur,15000.0,0.0,0.0,0.0,15000.0,15000.0,0.0,15000.0,0.0,0.0,100.0,2026-05-11 17:31:00,2026-05-12 15:56:00,,,-1.0,0.0,0,0,False,Paid - On Time/Early,2,1,CNJ-CIB,Cash in Box,"paid, partial",ENTRY,0,,0,0,0,,2026-10-03 07:00:00,paid,UMKM,15000.0,15000.0,15000.0,0.0,0.0,True,False,0.0,Payment date earlier than invoice date,Settled,External Customer,True
019e169d-4be2-707d-a4a6-dfd2437ee0f7,OLAW2605110007,2026-05-12 00:00:00.000,2026-05-12 01:00:00.000,paid,,019e1695-9fde-702f-9ff3-e38c75c55bd2,USR000637,Aditya Indra,EU,END USER,019ab8e3-cb41-7087-92ab-c7596e6780f4,OL,Cipta Online,222000.0,0.0,0.0,0.0,222000.0,222000.0,0.0,222000.0,0.0,0.0,100.0,2026-05-11 19:01:00,2026-05-11 19:01:00,,,-1.0,-1.0,0,0,False,Paid - On Time/Early,1,1,OL-FDL,BCA Online,paid,ENTRY,0,,0,0,0,,2026-10-03 07:00:00,paid,END USER,222000.0,222000.0,222000.0,0.0,0.0,True,False,0.0,Payment date earlier than invoice date,Settled,External Customer,False
019e16a0-2256-754c-acdb-04201fc61cfa,PKAS2605110008,2026-05-12 00:40:00.000,2026-05-12 01:40:00.000,paid,,019b91a5-4e3f-733e-ad4c-d2a0f5b17f67,IND0079,Pt Sanwa Musen Indonesia,INDUSTRI,INDUSTRI,019b8a09-0bf8-7497-98a0-86a53a78e02f,PWK,Cipta Purwakarta,100000.0,0.0,0.0,0.0,100000.0,100000.0,0.0,100000.0,0.0,0.0,100.0,2026-05-11 18:04:00,2026-05-11 18:04:00,,,-1.0,-1.0,0,0,False,Paid - On Time/Early,1,1,PWK-BCA,BCA PWK,paid,ENTRY,0,,0,0,0,,2026-10-03 07:00:00,paid,INDUSTRI,100000.0,100000.0,100000.0,0.0,0.0,True,False,0.0,Payment date earlier than invoice date,Settled,External Customer,False
019e16a2-4758-70b3-8c2c-6f04958172a4,CJGI2605110006,2026-05-12 00:28:00.000,2026-05-12 01:28:00.000,paid,,019e16a1-3cbc-71eb-9a46-c1ca9e18c3a7,USR001103,Maha Barra,EU,END USER,019490f2-0002-7000-8000-123456789002,CNJ,Cipta Cianjur,42000.0,0.0,0.0,0.0,42000.0,42000.0,0.0,42000.0,0.0,0.0,100.0,2026-05-11 17:46:00,2026-05-11 17:46:00,,,-1.0,-1.0,0,0,False,Paid - On Time/Early,1,1,CNJ-CIB,Cash in Box,paid,ENTRY,0,,0,0,0,,2026-10-03 07:00:00,paid,END USER,42000.0,42000.0,42000.0,0.0,0.0,True,False,0.0,Payment date earlier than invoice date,Settled,External Customer,False
019e16af-e94c-73dc-8b81-73a49eed2448,PKAB2605110014,2026-05-12 00:58:00.000,2026-05-12 01:16:00.000,paid,,019be51a-4916-772e-8f02-0ac86c0eae1a,UMK000015,Pendopo Coffe,UMKM,UMKM,019b8a09-0bf8-7497-98a0-86a53a78e02f,PWK,Cipta Purwakarta,655000.0,0.0,0.0,0.0,655000.0,655000.0,0.0,655000.0,0.0,0.0,100.0,2026-05-11 17:58:00,2026-05-11 17:58:00,,,-1.0,-1.0,0,0,False,Paid - On Time/Early,1,1,PWK-CIB,Cash in Box,paid,ENTRY,0,,0,0,0,,2026-10-03 07:00:00,paid,UMKM,655000.0,655000.0,655000.0,0.0,0.0,True,False,0.0,Payment date earlier than invoice date,Settled,External Customer,False
019e16b0-7d20-71ea-b5f8-e160a4bf68c2,OLDA2605110003,2026-05-12 00:57:00.000,2026-05-12 01:57:00.000,paid,,019cdfb6-08b8-74f9-bfda-3d13c26fc648,USR000406,Mochamad Rifai,EU,END USER,019ab8e3-cb41-7087-92ab-c7596e6780f4,OL,Cipta Online,122000.0,0.0,0.0,0.0,122000.0,122000.0,0.0,122000.0,0.0,0.0,100.0,2026-05-11 19:31:00,2026-05-11 19:31:00,,,-1.0,-1.0,0,0,False,Paid - On Time/Early,1,1,OL-FDL,BCA Online,paid,ENTRY,0,,0,0,0,,2026-10-03 07:00:00,paid,END USER,122000.0,122000.0,122000.0,0.0,0.0,True,False,0.0,Payment date earlier than invoice date,Settled,External Customer,False
019e16b4-29de-7459-a8f9-05179f001642,OLDA2605110004,2026-05-12 00:57:00.000,2026-05-12 01:57:00.000,paid,,019e16b2-848b-7012-a549-95d717513a45,USR000638,Muhammad Kamal Wijaya,EU,END USER,019ab8e3-cb41-7087-92ab-c7596e6780f4,OL,Cipta Online,17000.0,0.0,0.0,0.0,17000.0,17000.0,0.0,17000.0,0.0,0.0,100.0,2026-05-11 18:03:00,2026-05-11 18:03:00,,,-1.0,-1.0,0,0,False,Paid - On Time/Early,1,1,OL-FDL,BCA Online,paid,ENTRY,0,,0,0,0,,2026-10-03 07:00:00,paid,END USER,17000.0,17000.0,17000.0,0.0,0.0,True,False,0.0,Payment date earlier than invoice date,Settled,External Customer,False
019e16bf-c708-77bb-9177-875316e6ea38,PKJA2605070021,2026-05-12 01:15:00.000,2026-05-12 01:16:00.000,paid,,019d8659-2b8a-71c8-9e78-91350e3d5d35,USR000333,Bhanu Mbg,EU,END USER,019b8a09-0bf8-7497-98a0-86a53a78e02f,PWK,Cipta Purwakarta,1594000.0,0.0,0.0,0.0,1594000.0,1594000.0,0.0,1594000.0,0.0,0.0,100.0,2026-05-11 18:15:00,2026-05-26 12:32:00,,,-1.0,14.0,14,0,False,Paid - Late,2,1,PWK-BCA,BCA PWK,"dp, paid",ENTRY,0,,0,0,0,,2026-10-03 07:00:00,paid,END USER,1594000.0,1594000.0,1594000.0,0.0,0.0,True,False,0.0,Payment date earlier than invoice date,Settled,External Customer,True
019e16ce-819b-7439-a1c3-46bc4c3068b0,PKJA2605110016,2026-05-12 00:16:00.000,2026-05-12 01:16:00.000,paid,,019e16cb-d55f-71c8-bead-3dbb94a7d6b8,UMK000075,Raja Repair,UMKM,UMKM,019b8a09-0bf8-7497-98a0-86a53a78e02f,PWK,Cipta Purwakarta,400000.0,0.0,0.0,0.0,400000.0,400000.0,0.0,400000.0,0.0,0.0,100.0,2026-05-11 18:31:00,2026-05-11 18:31:00,,,-1.0,-1.0,0,0,False,Paid - On Time/Early,1,1,PWK-BCA,BCA PWK,paid,ENTRY,0,,0,0,0,,2026-10-03 07:00:00,paid,UMKM,400000.0,400000.0,400000.0,0.0,0.0,True,False,0.0,Payment date earlier than invoice date,Settled,External Customer,False
019e16e5-e9f1-7078-8804-43c7133147f2,CGNN2605110008,2026-05-12 01:18:00.000,2026-05-12 02:18:00.000,paid,,019e16e5-7ff9-7777-99b3-95f9e4b1c7e2,UMK000724,Elang Mochamad,UMKM,UMKM,019490f2-0003-7000-8000-123456789003,CG,Cipta Digital,50000.0,0.0,0.0,0.0,50000.0,50000.0,0.0,50000.0,0.0,0.0,100.0,2026-05-11 18:57:00,2026-05-11 18:57:00,,,-1.0,-1.0,0,0,False,Paid - On Time/Early,1,1,CG-QRIS,QRIS BCA,paid,ENTRY,0,,0,0,0,,2026-10-03 07:00:00,paid,UMKM,50000.0,50000.0,50000.0,0.0,0.0,True,False,0.0,Payment date earlier than invoice date,Settled,External Customer,False
019e16ea-f6bb-739b-ab32-0f0c93aa6b7a,CJFA2605110007,2026-05-12 01:54:00.000,2026-05-12 02:54:00.000,paid,,019e16e9-cc09-72bb-a843-841426777b3e,UMK000043,Dapur Bebeb,UMKM,UMKM,019490f2-0002-7000-8000-123456789002,CNJ,Cipta Cianjur,30000.0,0.0,0.0,0.0,30000.0,30000.0,0.0,30000.0,0.0,0.0,100.0,2026-05-11 20:04:00,2026-05-11 20:04:00,,,-1.0,-1.0,0,0,False,Paid - On Time/Early,1,1,CNJ-CIB,Cash in Box,paid,ENTRY,0,,0,0,0,,2026-10-03 07:00:00,paid,UMKM,30000.0,30000.0,30000.0,0.0,0.0,True,False,0.0,Payment date earlier than invoice date,Settled,External Customer,False
019e16f2-8b0b-764a-be2a-c76ca7db9583,PKJA2605110017,2026-05-12 00:16:00.000,2026-05-12 01:16:00.000,paid,,019b91a5-4e42-73a9-8ac1-62606d21d543,UMK0427,Titin (Titin),UMKM,UMKM,019b8a09-0bf8-7497-98a0-86a53a78e02f,PWK,Cipta Purwakarta,120000.0,0.0,0.0,0.0,120000.0,120000.0,0.0,120000.0,0.0,0.0,100.0,2026-05-11 19:12:00,2026-05-11 19:12:00,,,-1.0,-1.0,0,0,False,Paid - On Time/Early,1,1,PWK-BCA,BCA PWK,paid,ENTRY,0,,0,0,0,,2026-10-03 07:00:00,paid,UMKM,120000.0,120000.0,120000.0,0.0,0.0,True,False,0.0,Payment date earlier than invoice date,Settled,External Customer,False
019e1702-a53a-77f8-bade-dcb90e058b8f,CGNN2605110009,2026-05-12 01:18:00.000,2026-05-12 02:18:00.000,paid,,019e1702-7744-740f-ba61-5a5e77577cf0,UMK000726,Muhamad Caesario Azis,UMKM,UMKM,019490f2-0003-7000-8000-123456789003,CG,Cipta Digital,12000.0,0.0,0.0,0.0,12000.0,12000.0,0.0,12000.0,0.0,0.0,100.0,2026-05-11 19:28:00,2026-05-11 19:28:00,,,-1.0,-1.0,0,0,False,Paid - On Time/Early,1,1,CG-CIB,Cash in Box,paid,ENTRY,0,,0,0,0,,2026-10-03 07:00:00,paid,UMKM,12000.0,12000.0,12000.0,0.0,0.0,True,False,0.0,Payment date earlier than invoice date,Settled,External Customer,False
019e1703-8cc4-7488-95fb-4327f1271719,PKJA2605110019,2026-05-12 00:16:00.000,2026-05-12 01:16:00.000,paid,,019b91a7-6a08-729d-b8e7-64deedb79eed,USR00302,Oca (Oca),EU,END USER,019b8a09-0bf8-7497-98a0-86a53a78e02f,PWK,Cipta Purwakarta,12000.0,0.0,0.0,0.0,12000.0,12000.0,0.0,12000.0,0.0,0.0,100.0,2026-05-11 19:29:00,2026-05-11 19:29:00,,,-1.0,-1.0,0,0,False,Paid - On Time/Early,1,1,PWK-BCA,BCA PWK,paid,ENTRY,0,,0,0,0,,2026-10-03 07:00:00,paid,END USER,12000.0,12000.0,12000.0,0.0,0.0,True,False,0.0,Payment date earlier than invoice date,Settled,External Customer,False
019e1706-318b-7791-baee-9765b45f77ae,PKJA2605110020,2026-05-12 02:07:00.000,2026-05-12 03:07:00.000,paid,,019b91a7-6a08-729d-b8e7-64deedb79eed,USR00302,Oca (Oca),EU,END USER,019b8a09-0bf8-7497-98a0-86a53a78e02f,PWK,Cipta Purwakarta,27000.0,0.0,0.0,0.0,27000.0,27000.0,0.0,27000.0,0.0,0.0,100.0,2026-05-11 19:32:00,2026-05-11 19:32:00,,,-1.0,-1.0,0,0,False,Paid - On Time/Early,1,1,PWK-BCA,BCA PWK,paid,ENTRY,0,,0,0,0,,2026-10-03 07:00:00,paid,END USER,27000.0,27000.0,27000.0,0.0,0.0,True,False,0.0,Payment date earlier than invoice date,Settled,External Customer,False
019e1707-9f77-72ae-b140-9885799988c2,PKJA2605110021,2026-05-12 02:07:00.000,2026-05-12 03:07:00.000,paid,,019cd5d2-8de0-765c-800d-c63ac7d36d75,UMK000067,D'katsu Purwakarta,UMKM,UMKM,019b8a09-0bf8-7497-98a0-86a53a78e02f,PWK,Cipta Purwakarta,196000.0,0.0,0.0,0.0,196000.0,196000.0,0.0,196000.0,0.0,0.0,100.0,2026-05-11 19:34:00,2026-05-13 17:39:00,,,-1.0,1.0,1,0,False,Paid - Late,2,1,PWK-CIB,Cash in Box,"dp, paid",ENTRY,0,,0,0,0,,2026-10-03 07:00:00,paid,UMKM,196000.0,196000.0,196000.0,0.0,0.0,True,False,0.0,Payment date earlier than invoice date,Settled,External Customer,True
019e1709-2b9f-70bb-a45f-51aac76a25c6,OLAW2605110008,2026-05-12 02:34:00.000,2026-05-12 19:34:00.000,paid,,019e0050-aa67-72a8-989f-50d90a8d8b86,INS000020,Bagus Kpp Pratama Karawang,INSTANSI,INSTANSI,019ab8e3-cb41-7087-92ab-c7596e6780f4,OL,Cipta Online,180000.0,0.0,0.0,0.0,180000.0,180000.0,0.0,180000.0,0.0,0.0,100.0,2026-05-11 19:52:00,2026-05-11 19:52:00,,,-1.0,-1.0,0,0,False,Paid - On Time/Early,1,1,OL-FDL,BCA Online,paid,ENTRY,0,,0,0,0,,2026-10-03 07:00:00,paid,INSTANSI,180000.0,180000.0,180000.0,0.0,0.0,True,False,0.0,Payment date earlier than invoice date,Settled,External Customer,False
019e170c-f867-7035-be9b-4ff9893a243a,CGNN2605110010,2026-05-12 01:08:00.000,2026-05-12 02:08:00.000,paid,,019e16eb-ccad-77ae-a198-429236d771a3,UMK000725,Zhahira Ira,UMKM,UMKM,019490f2-0003-7000-8000-123456789003,CG,Cipta Digital,29000.0,0.0,0.0,0.0,29000.0,29000.0,0.0,29000.0,0.0,0.0,100.0,2026-05-11 19:40:00,2026-05-11 19:40:00,,,-1.0,-1.0,0,0,False,Paid - On Time/Early,1,1,CG-CIB,Cash in Box,paid,ENTRY,0,,0,0,0,,2026-10-03 07:00:00,paid,UMKM,29000.0,29000.0,29000.0,0.0,0.0,True,False,0.0,Payment date earlier than invoice date,Settled,External Customer,False
019e1726-a548-76c0-b2cd-9f9af32969d7,CGNN2605110011,2026-05-12 01:08:00.000,2026-05-12 02:08:00.000,paid,,019e1725-c8cb-74a4-842f-cecadc81854c,UMK000727,Pramudaka Aka,UMKM,UMKM,019490f2-0003-7000-8000-123456789003,CG,Cipta Digital,20000.0,0.0,0.0,0.0,20000.0,20000.0,0.0,20000.0,0.0,0.0,100.0,2026-05-11 20:08:00,2026-05-11 20:08:00,,,-1.0,-1.0,0,0,False,Paid - On Time/Early,1,1,CG-JZM,BCA Jazmi Hamzah,paid,ENTRY,0,,0,0,0,,2026-10-03 07:00:00,paid,UMKM,20000.0,20000.0,20000.0,0.0,0.0,True,False,0.0,Payment date earlier than invoice date,Settled,External Customer,False
019e1a68-1504-7278-9c5d-1c3b031daaef,PKDR2605050006,2026-05-12 18:17:00.000,2026-05-12 18:46:00.000,paid,4400936080,019b91a5-4e3d-702c-bb5c-b25d99ca7535,IND0019,Pt Prysmian Cables Indonesia,INDUSTRI,INDUSTRI,019b8a09-0bf8-7497-98a0-86a53a78e02f,PWK,Cipta Purwakarta,3000000.0,0.0,330000.0,0.0,3330000.0,3330000.0,0.0,3330000.0,0.0,0.0,100.0,2026-02-28 14:47:00,2026-02-28 14:47:00,,,-73.0,-73.0,0,0,False,Paid - On Time/Early,1,1,PWK-BCA,BCA PWK,paid,ENTRY,0,,0,0,0,,2026-10-03 07:00:00,paid,INDUSTRI,3330000.0,3330000.0,3330000.0,0.0,0.0,True,False,0.0,Payment date earlier than invoice date,Settled,External Customer,False
019e1bde-7aae-748b-9913-8514d417fdf2,CGAA2605120001,2026-05-13 01:05:00.000,2026-05-13 02:05:00.000,paid,,019cea01-4a3d-730a-b5d4-3aa4d505f97f,UMK001591,Feri GMPI,UMKM,UMKM,019490f2-0003-7000-8000-123456789003,CG,Cipta Digital,20000.0,0.0,0.0,0.0,20000.0,20000.0,0.0,20000.0,0.0,0.0,100.0,2026-05-12 18:07:00,2026-05-12 18:07:00,,,-1.0,-1.0,0,0,False,Paid - On Time/Early,1,1,CG-CIB,Cash in Box,paid,ENTRY,0,,0,0,0,,2026-10-03 07:00:00,paid,UMKM,20000.0,20000.0,20000.0,0.0,0.0,True,False,0.0,Payment date earlier than invoice date,Settled,External Customer,False
019e1be7-b45f-7328-9149-c0bc59eb4d69,CGDP2605120012,2026-05-13 01:16:00.000,2026-05-13 02:16:00.000,paid,,019cd67a-ef6b-70cd-9f68-991630768a5b,CST67714243,Putri Disavor,UMKM,UMKM,019490f2-0003-7000-8000-123456789003,CG,Cipta Digital,34000.0,0.0,0.0,0.0,34000.0,34000.0,0.0,34000.0,0.0,0.0,100.0,2026-05-12 18:17:00,2026-05-12 18:17:00,,,-1.0,-1.0,0,0,False,Paid - On Time/Early,1,1,CG-CIB,Cash in Box,paid,ENTRY,0,,0,0,0,,2026-10-03 07:00:00,paid,UMKM,34000.0,34000.0,34000.0,0.0,0.0,True,False,0.0,Payment date earlier than invoice date,Settled,External Customer,False
019e1bf2-9c46-7596-b715-9794f36fae4a,CGDP2605120013,2026-05-13 01:16:00.000,2026-05-13 02:16:00.000,paid,,019e1bbe-41b9-737f-8554-3f9042ba4187,EDU000039,Karsiah Sulastri,SEKOLAH,SEKOLAH,019490f2-0003-7000-8000-123456789003,CG,Cipta Digital,17000.0,0.0,0.0,0.0,17000.0,17000.0,0.0,17000.0,0.0,0.0,100.0,2026-05-12 18:29:00,2026-05-12 18:29:00,,,-1.0,-1.0,0,0,False,Paid - On Time/Early,1,1,CG-JZM,BCA Jazmi Hamzah,paid,ENTRY,0,,0,0,0,,2026-10-03 07:00:00,paid,SEKOLAH,17000.0,17000.0,17000.0,0.0,0.0,True,False,0.0,Payment date earlier than invoice date,Settled,External Customer,False
019e1c37-6c02-71cd-88bd-ed29e71ff290,CJFA2605120014,2026-05-13 02:43:00.000,2026-05-13 03:43:00.000,paid,,019b8de1-c6b9-77e8-a27d-479a0a50c82c,UMK0307,Fauzi Frame,UMKM,UMKM,019490f2-0002-7000-8000-123456789002,CNJ,Cipta Cianjur,5000.0,0.0,0.0,0.0,5000.0,5000.0,0.0,5000.0,0.0,0.0,100.0,2026-05-12 20:47:00,2026-05-12 20:47:00,,,-1.0,-1.0,0,0,False,Paid - On Time/Early,1,1,CNJ-CIB,Cash in Box,paid,ENTRY,0,,0,0,0,,2026-10-03 07:00:00,paid,UMKM,5000.0,5000.0,5000.0,0.0,0.0,True,False,0.0,Payment date earlier than invoice date,Settled,External Customer,False
019e1c4c-5a29-7520-be38-6e2d96eff4b5,CGMR2605120007,2026-05-13 01:16:00.000,2026-05-13 02:16:00.000,paid,,019e1c4b-86c0-70cf-b3b9-9c61a2bcc12e,INS000335,Agim Maulana,INSTANSI,INSTANSI,019490f2-0003-7000-8000-123456789003,CG,Cipta Digital,50000.0,0.0,0.0,0.0,50000.0,50000.0,0.0,50000.0,0.0,0.0,100.0,2026-05-12 20:07:00,2026-05-12 20:07:00,,,-1.0,-1.0,0,0,False,Paid - On Time/Early,1,1,CG-CIB,Cash in Box,paid,ENTRY,0,,0,0,0,,2026-10-03 07:00:00,paid,INSTANSI,50000.0,50000.0,50000.0,0.0,0.0,True,False,0.0,Payment date earlier than invoice date,Settled,External Customer,False
019e1f90-1a89-74aa-b75a-ee5db3596be9,PKJA2605130003,2026-05-14 02:09:00.000,2026-05-14 06:12:00.000,paid,,019b91a5-4e40-7661-9515-85b87c12170f,UMK0017,Alan (Alan),UMKM,UMKM,019b8a09-0bf8-7497-98a0-86a53a78e02f,PWK,Cipta Purwakarta,49000.0,0.0,0.0,0.0,49000.0,49000.0,0.0,49000.0,0.0,0.0,100.0,2026-05-13 11:20:00,2026-05-13 11:20:00,,,-1.0,-1.0,0,0,False,Paid - On Time/Early,1,1,PWK-BCA,BCA PWK,paid,ENTRY,0,,0,0,0,,2026-10-03 07:00:00,paid,UMKM,49000.0,49000.0,49000.0,0.0,0.0,True,False,0.0,Payment date earlier than invoice date,Settled,External Customer,False
019e2028-073b-7794-b47f-e7645b7bcda4,PKDR2605130002,2026-05-13 21:04:00.000,2026-05-13 22:04:00.000,paid,,019b91a5-4e3c-71d9-847b-4b05e121e1ed,DV0002,Cipta Galuh,DIVISI,DIVISI,019b8a09-0bf8-7497-98a0-86a53a78e02f,PWK,Cipta Purwakarta,5000000.0,0.0,0.0,0.0,5000000.0,5000000.0,0.0,5000000.0,0.0,0.0,100.0,2026-04-30 14:18:00,2026-04-30 14:18:00,,,-13.0,-13.0,0,0,False,Paid - On Time/Early,1,1,PWK-BCA,BCA PWK,paid,ENTRY,0,,0,0,0,,2026-10-03 07:00:00,paid,DIVISI,5000000.0,5000000.0,5000000.0,0.0,0.0,True,False,0.0,Payment date earlier than invoice date,Settled,Internal Division,False
019e20ca-94d7-770b-b999-170f4aca44ee,CGSB2605130006,2026-05-14 00:03:00.000,2026-05-14 17:19:00.000,paid,,019e20a0-6384-752c-8cd3-2dcae394f800,USR000510,Timezone Pangkal Pinang,EU,END USER,019490f2-0003-7000-8000-123456789003,CG,Cipta Digital,774000.0,0.0,0.0,0.0,774000.0,774000.0,0.0,774000.0,0.0,0.0,100.0,2026-05-13 17:03:00,2026-05-13 17:03:00,,,-1.0,-1.0,0,0,False,Paid - On Time/Early,1,1,CG-JZM,BCA Jazmi Hamzah,paid,ENTRY,0,,0,0,0,,2026-10-03 07:00:00,paid,END USER,774000.0,774000.0,774000.0,0.0,0.0,True,False,0.0,Payment date earlier than invoice date,Settled,External Customer,False
019e2105-47cf-7116-8842-6650ab0ae249,CGMP2605130025,2026-05-14 00:43:00.000,2026-05-14 01:43:00.000,paid,,019e2104-fa0a-718b-ac42-ce4cd21ad761,INS000341,Sica Natasya,INSTANSI,INSTANSI,019490f2-0003-7000-8000-123456789003,CG,Cipta Digital,20000.0,0.0,0.0,0.0,20000.0,20000.0,0.0,20000.0,0.0,0.0,100.0,2026-05-13 18:09:00,2026-05-13 18:09:00,,,-1.0,-1.0,0,0,False,Paid - On Time/Early,1,1,CG-CIB,Cash in Box,paid,ENTRY,0,,0,0,0,,2026-10-03 07:00:00,paid,INSTANSI,20000.0,20000.0,20000.0,0.0,0.0,True,False,0.0,Payment date earlier than invoice date,Settled,External Customer,False
019e213d-87be-74d1-ab78-16cd14c96b54,CGMP2605130027,2026-05-14 00:43:00.000,2026-05-14 01:43:00.000,paid,,019e213c-db88-71e4-9749-7e0ae25b33d1,INS000342,Yoga Ulya,INSTANSI,INSTANSI,019490f2-0003-7000-8000-123456789003,CG,Cipta Digital,28000.0,0.0,0.0,0.0,28000.0,28000.0,0.0,28000.0,0.0,0.0,100.0,2026-05-13 19:11:00,2026-05-13 19:11:00,,,-1.0,-1.0,0,0,False,Paid - On Time/Early,1,1,CG-CIB,Cash in Box,paid,ENTRY,0,,0,0,0,,2026-10-03 07:00:00,paid,INSTANSI,28000.0,28000.0,28000.0,0.0,0.0,True,False,0.0,Payment date earlier than invoice date,Settled,External Customer,False
019e214c-9ab2-72ff-a6f8-e56d02ef1230,CGMP2605130028,2026-05-14 00:43:00.000,2026-05-14 01:43:00.000,paid,,019b9e35-f787-755d-9c8c-50a924320a2e,EU5150,Alul Unsika,EU,END USER,019490f2-0003-7000-8000-123456789003,CG,Cipta Digital,150000.0,0.0,0.0,0.0,150000.0,150000.0,0.0,150000.0,0.0,0.0,100.0,2026-05-13 19:28:00,2026-05-13 19:28:00,,,-1.0,-1.0,0,0,False,Paid - On Time/Early,1,1,CG-JZM,BCA Jazmi Hamzah,paid,ENTRY,0,,0,0,0,,2026-10-03 07:00:00,paid,END USER,150000.0,150000.0,150000.0,0.0,0.0,True,False,0.0,Payment date earlier than invoice date,Settled,External Customer,False
019e2154-bb60-71c0-9128-3b41693b6f49,CGMP2605130029,2026-05-14 00:43:00.000,2026-05-14 01:43:00.000,paid,,019de12f-7b94-775c-85fc-9fb290c74a50,USR000438,Alfi Yamaha,EU,END USER,019490f2-0003-7000-8000-123456789003,CG,Cipta Digital,16000.0,0.0,0.0,0.0,16000.0,16000.0,0.0,16000.0,0.0,0.0,100.0,2026-05-13 19:38:00,2026-05-13 19:38:00,,,-1.0,-1.0,0,0,False,Paid - On Time/Early,1,1,CG-JZM,BCA Jazmi Hamzah,paid,ENTRY,0,,0,0,0,,2026-10-03 07:00:00,paid,END USER,16000.0,16000.0,16000.0,0.0,0.0,True,False,0.0,Payment date earlier than invoice date,Settled,External Customer,False
019e25f9-6216-762d-950c-adb0b4fa3c56,CJFA2605140018,2026-05-15 00:12:00.000,2026-05-15 01:12:00.000,paid,,019be430-0882-706a-a1d3-0c35c9a20eb1,USR000014,Ajeng Nenden,EU,END USER,019490f2-0002-7000-8000-123456789002,CNJ,Cipta Cianjur,15000.0,0.0,0.0,0.0,15000.0,15000.0,0.0,15000.0,0.0,0.0,100.0,2026-05-14 17:16:00,2026-05-14 17:16:00,,,-1.0,-1.0,0,0,False,Paid - On Time/Early,1,1,CNJ-CIB,Cash in Box,paid,ENTRY,0,,0,0,0,,2026-10-03 07:00:00,paid,END USER,15000.0,15000.0,15000.0,0.0,0.0,True,False,0.0,Payment date earlier than invoice date,Settled,External Customer,False
019e2607-9d82-7508-bc5c-7aed579f21a5,CJFA2605140019,2026-05-15 00:24:00.000,2026-05-20 01:24:00.000,paid,,019e2606-c861-7573-9758-9cadfbcafaa8,USR001107,Reva Eelia Dinata,EU,END USER,019490f2-0002-7000-8000-123456789002,CNJ,Cipta Cianjur,265000.0,0.0,0.0,0.0,265000.0,265000.0,0.0,265000.0,0.0,0.0,100.0,2026-05-14 20:21:00,2026-05-18 16:13:00,,,-1.0,3.0,0,0,False,Paid - On Time/Early,2,1,CNJ-BCA,BCA 2201,"dp, paid",ENTRY,0,,0,0,0,,2026-10-03 07:00:00,paid,END USER,265000.0,265000.0,265000.0,0.0,0.0,True,False,0.0,Payment date earlier than invoice date,Settled,External Customer,False
019e2618-3a33-7394-9029-8de7e962018a,GRDN2605140018,2026-05-15 00:00:00.000,2026-05-15 01:00:00.000,paid,,019b8c17-2587-7024-b689-124207991f3a,CG0691,Yusuf (Yusuf),AGEN,AGEN,019490f2-0000-7000-8000-123456789000,GRH,Cipta Graha,105000.0,0.0,0.0,0.0,105000.0,105000.0,0.0,105000.0,0.0,0.0,100.0,2026-05-14 17:48:00,2026-05-14 17:48:00,,,-1.0,-1.0,0,0,False,Paid - On Time/Early,1,1,GRH-FTN,BCA Graha (Fathan),paid,ENTRY,0,,0,0,0,,2026-10-03 07:00:00,paid,AGEN,105000.0,105000.0,105000.0,0.0,0.0,True,False,0.0,Payment date earlier than invoice date,Settled,External Customer,False
019e266f-c0a7-72a7-b280-1dce8839b07d,GRDN2605140019,2026-05-15 00:38:00.000,2026-05-15 01:38:00.000,paid,,019b8c17-258c-7605-a5d5-84c9b7639f54,USR0147,Niken (Niken),EU,END USER,019490f2-0000-7000-8000-123456789000,GRH,Cipta Graha,120000.0,0.0,0.0,0.0,120000.0,120000.0,0.0,120000.0,0.0,0.0,100.0,2026-05-14 19:35:00,2026-05-14 19:35:00,,,-1.0,-1.0,0,0,False,Paid - On Time/Early,1,1,GRH-FTN,BCA Graha (Fathan),paid,ENTRY,0,,0,0,0,,2026-10-03 07:00:00,paid,END USER,120000.0,120000.0,120000.0,0.0,0.0,True,False,0.0,Payment date earlier than invoice date,Settled,External Customer,False
019e26b0-f9a2-7649-8277-59c927190cee,CJFU2605140007,2026-05-15 03:31:00.000,2026-05-15 04:31:00.000,paid,,019c1d69-ca88-74ed-824b-8d8b5dd292f0,USR000565,Zulfa Fathi A,EU,END USER,019490f2-0002-7000-8000-123456789002,CNJ,Cipta Cianjur,40000.0,0.0,0.0,0.0,40000.0,40000.0,0.0,40000.0,0.0,0.0,100.0,2026-05-14 20:33:00,2026-05-14 20:33:00,,,-1.0,-1.0,0,0,False,Paid - On Time/Early,1,1,CNJ-BCA,BCA 2201,paid,ENTRY,0,,0,0,0,,2026-10-03 07:00:00,paid,END USER,40000.0,40000.0,40000.0,0.0,0.0,True,False,0.0,Payment date earlier than invoice date,Settled,External Customer,False
019e2b3d-20ee-7043-bf0e-87ba7ccb1b10,CJFA2605150008,2026-05-16 00:37:00.000,2026-05-16 01:37:00.000,paid,,019b8de1-c6b8-75ba-9065-b7e794741d45,UMK0013,Sabore Kitchen,UMKM,UMKM,019490f2-0002-7000-8000-123456789002,CNJ,Cipta Cianjur,15000.0,0.0,0.0,0.0,15000.0,15000.0,0.0,15000.0,0.0,0.0,100.0,2026-05-15 21:36:00,2026-05-15 21:36:00,,,-1.0,-1.0,0,0,False,Paid - On Time/Early,1,1,CNJ-BCA,BCA 2201,paid,ENTRY,0,,0,0,0,,2026-10-03 07:00:00,paid,UMKM,15000.0,15000.0,15000.0,0.0,0.0,True,False,0.0,Payment date earlier than invoice date,Settled,External Customer,False
019e2b8a-706a-7342-bf93-894c8e1bcc51,CGNM2605150017,2026-05-16 00:52:00.000,2026-05-16 01:52:00.000,paid,,019b9e33-a445-735c-aeb1-f0571b21e31e,EU4072,Dunia Kopi,EU,END USER,019490f2-0003-7000-8000-123456789003,CG,Cipta Digital,375000.0,0.0,0.0,0.0,375000.0,375000.0,0.0,375000.0,0.0,0.0,100.0,2026-05-15 19:48:00,2026-05-15 19:48:00,,,-1.0,-1.0,0,0,False,Paid - On Time/Early,1,1,CG-CIB,Cash in Box,paid,ENTRY,0,,0,0,0,,2026-10-03 07:00:00,paid,END USER,375000.0,375000.0,375000.0,0.0,0.0,True,False,0.0,Payment date earlier than invoice date,Settled,External Customer,False
019e2b8f-3264-70e9-a527-f841c2eb6315,CGNM2605150018,2026-05-16 00:52:00.000,2026-05-16 01:52:00.000,paid,,019b9e27-67ed-7533-afe1-cf45eb63165d,EU0245,Ka Pebry Adi Prakoso,EU,END USER,019490f2-0003-7000-8000-123456789003,CG,Cipta Digital,825000.0,0.0,0.0,0.0,825000.0,825000.0,0.0,825000.0,0.0,0.0,100.0,2026-05-15 19:19:00,2026-05-15 19:19:00,,,-1.0,-1.0,0,0,False,Paid - On Time/Early,1,1,CG-JZM,BCA Jazmi Hamzah,paid,ENTRY,0,,0,0,0,,2026-10-03 07:00:00,paid,END USER,825000.0,825000.0,825000.0,0.0,0.0,True,False,0.0,Payment date earlier than invoice date,Settled,External Customer,False
019e2c15-8afd-77dc-8490-41e038791f6c,CJYR2605150015,2026-05-16 04:38:00.000,2026-05-16 05:38:00.000,paid,,019c1d5c-d645-767b-9b7c-60bc48368c85,USR000084,Pak Yana (pak yana),EU,END USER,019490f2-0002-7000-8000-123456789002,CNJ,Cipta Cianjur,56000.0,0.0,0.0,0.0,56000.0,56000.0,0.0,56000.0,0.0,0.0,100.0,2026-05-15 21:41:00,2026-05-15 21:41:00,,,-1.0,-1.0,0,0,False,Paid - On Time/Early,1,1,CNJ-CIB,Cash in Box,paid,ENTRY,0,,0,0,0,,2026-10-03 07:00:00,paid,END USER,56000.0,56000.0,56000.0,0.0,0.0,True,False,0.0,Payment date earlier than invoice date,Settled,External Customer,False
019e3097-7e57-75e1-aa0d-49e503937e7f,CJFA2605160015,2026-05-17 01:18:00.000,2026-05-17 02:18:00.000,paid,,019b8de1-c6ba-72a9-8e2c-068da560fcbc,UMK0331,Hmj Collection,UMKM,UMKM,019490f2-0002-7000-8000-123456789002,CNJ,Cipta Cianjur,20000.0,0.0,0.0,0.0,20000.0,20000.0,0.0,20000.0,0.0,0.0,100.0,2026-05-16 18:41:00,2026-05-16 18:41:00,,,-1.0,-1.0,0,0,False,Paid - On Time/Early,1,1,CNJ-CIB,Cash in Box,paid,ENTRY,0,,0,0,0,,2026-10-03 07:00:00,paid,UMKM,20000.0,20000.0,20000.0,0.0,0.0,True,False,0.0,Payment date earlier than invoice date,Settled,External Customer,False
019e3590-1a90-75ed-b24a-0ba370c2b5a0,CJYR2605170006,2026-05-18 00:48:00.000,2026-05-18 01:48:00.000,paid,,019cd7cc-0890-74cd-9697-d1e50ae20b36,UMK000030,Hepimil Cookies,UMKM,UMKM,019490f2-0002-7000-8000-123456789002,CNJ,Cipta Cianjur,410000.0,0.0,0.0,0.0,410000.0,410000.0,0.0,410000.0,0.0,0.0,100.0,2026-05-17 17:52:00,2026-05-17 17:52:00,,,-1.0,-1.0,0,0,False,Paid - On Time/Early,1,1,CNJ-BCA,BCA 2201,paid,ENTRY,0,,0,0,0,,2026-10-03 07:00:00,paid,UMKM,410000.0,410000.0,410000.0,0.0,0.0,True,False,0.0,Payment date earlier than invoice date,Settled,External Customer,False
019e3591-cdb1-757a-b718-c7df038bb894,CJYR2605170007,2026-05-18 00:48:00.000,2026-05-18 01:48:00.000,paid,,019c1d66-6da6-722a-a5d5-b4efebdf82ad,USR000228,A Dedy (A Dedy),EU,END USER,019490f2-0002-7000-8000-123456789002,CNJ,Cipta Cianjur,15000.0,0.0,0.0,0.0,15000.0,15000.0,0.0,15000.0,0.0,0.0,100.0,2026-05-17 19:02:00,2026-05-17 19:02:00,,,-1.0,-1.0,0,0,False,Paid - On Time/Early,1,1,CNJ-CIB,Cash in Box,paid,ENTRY,0,,0,0,0,,2026-10-03 07:00:00,paid,END USER,15000.0,15000.0,15000.0,0.0,0.0,True,False,0.0,Payment date earlier than invoice date,Settled,External Customer,False
019e35a9-5829-73ff-83a8-b16d239683e4,CJYR2605170008,2026-05-18 00:48:00.000,2026-05-18 01:48:00.000,paid,,019c1d91-00f1-7075-b03f-363ea55078d3,USR000950,Nabila (Nabila),EU,END USER,019490f2-0002-7000-8000-123456789002,CNJ,Cipta Cianjur,66000.0,0.0,0.0,0.0,66000.0,66000.0,0.0,66000.0,0.0,0.0,100.0,2026-05-17 18:23:00,2026-05-17 18:23:00,,,-1.0,-1.0,0,0,False,Paid - On Time/Early,1,1,CNJ-BCA,BCA 2201,paid,ENTRY,0,,0,0,0,,2026-10-03 07:00:00,paid,END USER,66000.0,66000.0,66000.0,0.0,0.0,True,False,0.0,Payment date earlier than invoice date,Settled,External Customer,False
019e3aad-5945-703b-877e-01c269655802,CGMP2605180013,2026-05-19 00:31:00.000,2026-05-19 01:31:00.000,paid,,019cbcc1-4047-71f4-b0c7-22f7e0635e67,CST20020581,Ricky Constantin,UMKM,UMKM,019490f2-0003-7000-8000-123456789003,CG,Cipta Digital,85000.0,0.0,0.0,0.0,85000.0,85000.0,0.0,85000.0,0.0,0.0,100.0,2026-05-18 19:56:00,2026-05-18 19:56:00,,,-1.0,-1.0,0,0,False,Paid - On Time/Early,1,1,CG-JZM,BCA Jazmi Hamzah,paid,ENTRY,0,,0,0,0,,2026-10-03 07:00:00,paid,UMKM,85000.0,85000.0,85000.0,0.0,0.0,True,False,0.0,Payment date earlier than invoice date,Settled,External Customer,False
019e3ab0-75d0-76fe-a933-9c5bbaa66c37,CGMP2605180014,2026-05-19 00:31:00.000,2026-05-19 01:31:00.000,paid,,019b9e27-67ed-7533-afe1-13040987de02,EU0198,Abdurrahman Alif,INSTANSI,INSTANSI,019490f2-0003-7000-8000-123456789003,CG,Cipta Digital,20000.0,0.0,0.0,0.0,20000.0,20000.0,0.0,20000.0,0.0,0.0,100.0,2026-05-18 17:51:00,2026-05-18 17:51:00,,,-1.0,-1.0,0,0,False,Paid - On Time/Early,1,1,CG-JZM,BCA Jazmi Hamzah,paid,ENTRY,0,,0,0,0,,2026-10-03 07:00:00,paid,INSTANSI,20000.0,20000.0,20000.0,0.0,0.0,True,False,0.0,Payment date earlier than invoice date,Settled,External Customer,False
019e3ac4-6b9e-7543-8e16-7cf4c9238a41,CGMP2605180015,2026-05-19 00:31:00.000,2026-05-19 01:31:00.000,paid,,019e3ac4-3531-76e1-8067-698387c4dd33,INS000355,Dewi Cikenooki,INSTANSI,INSTANSI,019490f2-0003-7000-8000-123456789003,CG,Cipta Digital,32000.0,0.0,0.0,0.0,32000.0,32000.0,0.0,32000.0,0.0,0.0,100.0,2026-05-18 18:07:00,2026-05-18 18:07:00,,,-1.0,-1.0,0,0,False,Paid - On Time/Early,1,1,CG-JZM,BCA Jazmi Hamzah,paid,ENTRY,0,,0,0,0,,2026-10-03 07:00:00,paid,INSTANSI,32000.0,32000.0,32000.0,0.0,0.0,True,False,0.0,Payment date earlier than invoice date,Settled,External Customer,False
019e3acd-c235-715f-9129-d93578c3b814,CGMP2605180016,2026-05-19 00:31:00.000,2026-05-19 01:31:00.000,paid,,019be04a-b89e-754a-b813-f288d33f079b,INS000010,Reyno Adityanugraha,INSTANSI,INSTANSI,019490f2-0003-7000-8000-123456789003,CG,Cipta Digital,252000.0,0.0,0.0,0.0,252000.0,252000.0,0.0,252000.0,0.0,0.0,100.0,2026-05-18 18:31:00,2026-05-18 18:31:00,,,-1.0,-1.0,0,0,False,Paid - On Time/Early,1,1,CG-JZM,BCA Jazmi Hamzah,paid,ENTRY,0,,0,0,0,,2026-10-03 07:00:00,paid,INSTANSI,252000.0,252000.0,252000.0,0.0,0.0,True,False,0.0,Payment date earlier than invoice date,Settled,External Customer,False
019e3aeb-6cc1-74dc-8e81-1232f2ad9d28,CJFA2605180020,2026-05-19 01:09:00.000,2026-05-19 02:09:00.000,paid,,019b8de1-c6ba-72a9-8e2d-786e7f718758,CG0021,Perc. Ic,AGEN,AGEN,019490f2-0002-7000-8000-123456789002,CNJ,Cipta Cianjur,28000.0,0.0,0.0,0.0,28000.0,28000.0,0.0,28000.0,0.0,0.0,100.0,2026-05-18 18:49:00,2026-05-18 18:49:00,,,-1.0,-1.0,0,0,False,Paid - On Time/Early,1,1,CNJ-CIB,Cash in Box,paid,ENTRY,0,,0,0,0,,2026-10-03 07:00:00,paid,AGEN,28000.0,28000.0,28000.0,0.0,0.0,True,False,0.0,Payment date earlier than invoice date,Settled,External Customer,False
019e3af5-439f-7077-9843-05469485eea9,CGMP2605180018,2026-05-19 01:43:00.000,2026-05-19 02:43:00.000,paid,,019b9e33-a445-735c-aeaf-d21cebbf1031,EU3936,Ana Wahyuni,EU,END USER,019490f2-0003-7000-8000-123456789003,CG,Cipta Digital,170000.0,0.0,0.0,0.0,170000.0,170000.0,0.0,170000.0,0.0,0.0,100.0,2026-05-18 19:12:00,2026-05-18 19:12:00,,,-1.0,-1.0,0,0,False,Paid - On Time/Early,1,1,CG-JZM,BCA Jazmi Hamzah,paid,ENTRY,0,,0,0,0,,2026-10-03 07:00:00,paid,END USER,170000.0,170000.0,170000.0,0.0,0.0,True,False,0.0,Payment date earlier than invoice date,Settled,External Customer,False
019e3b03-ab5e-700d-a038-1a634544d381,CGMP2605180019,2026-05-19 01:43:00.000,2026-05-19 02:43:00.000,paid,,019b9e2b-9f32-75c7-879b-d77d21ba8396,EU1068,Lukman Hakim,EU,END USER,019490f2-0003-7000-8000-123456789003,CG,Cipta Digital,390000.0,0.0,0.0,0.0,390000.0,390000.0,0.0,390000.0,0.0,0.0,100.0,2026-05-18 19:56:00,2026-05-18 19:56:00,,,-1.0,-1.0,0,0,False,Paid - On Time/Early,1,1,CG-JZM,BCA Jazmi Hamzah,paid,ENTRY,0,,0,0,0,,2026-10-03 07:00:00,paid,END USER,390000.0,390000.0,390000.0,0.0,0.0,True,False,0.0,Payment date earlier than invoice date,Settled,External Customer,False
019e3b18-1e91-70ea-8a97-cb25ea9a9647,CGRD2605180013,2026-05-19 02:38:00.000,2026-05-19 03:30:00.000,paid,,019cc1aa-26ca-737a-a1aa-23e3b5a4ee0d,CST17930919,Lutfi Hafiz Muharam,EU,END USER,019490f2-0003-7000-8000-123456789003,CG,Cipta Digital,684000.0,0.0,0.0,0.0,684000.0,684000.0,0.0,684000.0,0.0,0.0,100.0,2026-05-18 19:38:00,2026-05-18 19:38:00,,,-1.0,-1.0,0,0,False,Paid - On Time/Early,1,1,CG-JZM,BCA Jazmi Hamzah,paid,ENTRY,0,,0,0,0,,2026-10-03 07:00:00,paid,END USER,684000.0,684000.0,684000.0,0.0,0.0,True,False,0.0,Payment date earlier than invoice date,Settled,External Customer,False
019e3fac-6d2f-726d-be31-988ed2ad29e0,PKAS2605190002,2026-05-19 23:58:00.000,2026-05-20 00:58:00.000,paid,127/PC-PO/SV/V/2026,019b91a5-4e3f-733e-ad4c-09720e1cbb53,IND000064,Pt Solve It,INDUSTRI,INDUSTRI,019b8a09-0bf8-7497-98a0-86a53a78e02f,PWK,Cipta Purwakarta,730000.0,0.0,80300.0,0.0,810300.0,810300.0,0.0,810300.0,0.0,0.0,100.0,2026-05-09 15:18:00,2026-05-09 15:18:00,,,-10.0,-10.0,0,0,False,Paid - On Time/Early,1,1,PWK-BCA,BCA PWK,paid,ENTRY,0,,0,0,0,,2026-10-03 07:00:00,paid,INDUSTRI,810300.0,810300.0,810300.0,0.0,0.0,True,False,0.0,Payment date earlier than invoice date,Settled,External Customer,False
019e3ffc-df9d-76e5-9f7c-7af978512d02,CJGI2605190005,2026-05-20 01:26:00.000,2026-05-20 02:26:00.000,paid,,019b8de1-c6b8-75ba-9066-c82bdc65da91,UMK0082,Nezzfit (Nezzfit),UMKM,UMKM,019490f2-0002-7000-8000-123456789002,CNJ,Cipta Cianjur,20000.0,0.0,0.0,0.0,20000.0,20000.0,0.0,20000.0,0.0,0.0,100.0,2026-05-19 21:27:00,2026-05-19 21:27:00,,,-1.0,-1.0,0,0,False,Paid - On Time/Early,1,1,CNJ-CIB,Cash in Box,paid,ENTRY,0,,0,0,0,,2026-10-03 07:00:00,paid,UMKM,20000.0,20000.0,20000.0,0.0,0.0,True,False,0.0,Payment date earlier than invoice date,Settled,External Customer,False
019e4018-cb13-7054-8f84-53d308d2789c,CGPJ2605190005,2026-05-20 01:48:00.000,2026-05-20 02:48:00.000,paid,,019e4018-5ec7-76ae-817d-26213f3d3a28,USR000544,Rafi Amartya,EU,END USER,019490f2-0003-7000-8000-123456789003,CG,Cipta Digital,45000.0,0.0,0.0,0.0,45000.0,45000.0,0.0,45000.0,0.0,0.0,100.0,2026-05-19 18:57:00,2026-05-19 18:57:00,,,-1.0,-1.0,0,0,False,Paid - On Time/Early,1,1,CG-QRIS,QRIS BCA,paid,ENTRY,0,,0,0,0,,2026-10-03 07:00:00,paid,END USER,45000.0,45000.0,45000.0,0.0,0.0,True,False,0.0,Payment date earlier than invoice date,Settled,External Customer,False
019e4022-f4ba-7740-b8a5-e1c2bef1f6eb,CGEL2605190011,2026-05-20 00:46:00.000,2026-05-20 01:46:00.000,paid,,019e4022-9d0c-7608-b35f-a3445daa5162,USR000545,Ridho Ahmad Rifai,EU,END USER,019490f2-0003-7000-8000-123456789003,CG,Cipta Digital,24000.0,0.0,0.0,0.0,24000.0,24000.0,0.0,24000.0,0.0,0.0,100.0,2026-05-19 19:08:00,2026-05-19 19:08:00,,,-1.0,-1.0,0,0,False,Paid - On Time/Early,1,1,CG-CIB,Cash in Box,paid,ENTRY,0,,0,0,0,,2026-10-03 07:00:00,paid,END USER,24000.0,24000.0,24000.0,0.0,0.0,True,False,0.0,Payment date earlier than invoice date,Settled,External Customer,False
019e4029-1365-7706-809a-3eda5f4e9b1e,CGEL2605190012,2026-05-20 00:46:00.000,2026-05-20 01:46:00.000,paid,,019b9e31-6b7a-7468-acaf-4f3b77fa8895,INS000590,Atturki Merch,INSTANSI,INSTANSI,019490f2-0003-7000-8000-123456789003,CG,Cipta Digital,145000.0,0.0,0.0,0.0,145000.0,145000.0,0.0,145000.0,0.0,0.0,100.0,2026-05-19 19:52:00,2026-05-19 19:52:00,,,-1.0,-1.0,0,0,False,Paid - On Time/Early,1,1,CG-JZM,BCA Jazmi Hamzah,paid,ENTRY,0,,0,0,0,,2026-10-03 07:00:00,paid,INSTANSI,145000.0,145000.0,145000.0,0.0,0.0,True,False,0.0,Payment date earlier than invoice date,Settled,External Customer,False
019e4029-55cd-767f-9037-1cbaea5ba352,CJYR2605190008,2026-05-20 02:10:00.000,2026-05-20 03:10:00.000,paid,,019b8de1-c6ba-72a9-8e2e-4bac9ac0d73c,CG0073,Perc. Agam Nazwa Digital,AGEN,AGEN,019490f2-0002-7000-8000-123456789002,CNJ,Cipta Cianjur,13000.0,0.0,0.0,0.0,13000.0,13000.0,0.0,13000.0,0.0,0.0,100.0,2026-05-19 19:23:00,2026-05-19 19:23:00,,,-1.0,-1.0,0,0,False,Paid - On Time/Early,1,1,CNJ-CIB,Cash in Box,paid,ENTRY,0,,0,0,0,,2026-10-03 07:00:00,paid,AGEN,13000.0,13000.0,13000.0,0.0,0.0,True,False,0.0,Payment date earlier than invoice date,Settled,External Customer,False
019e402f-33a3-71d4-b055-3b538750c2ef,CJFU2605190008,2026-05-20 00:52:00.000,2026-05-20 01:52:00.000,paid,,019b8de1-c6b9-77e8-a27a-3cca7b983912,UMK0113,Cipudo (Cipudo),UMKM,UMKM,019490f2-0002-7000-8000-123456789002,CNJ,Cipta Cianjur,50000.0,0.0,0.0,0.0,50000.0,50000.0,0.0,50000.0,0.0,0.0,100.0,2026-05-19 19:41:00,2026-05-19 19:41:00,,,-1.0,-1.0,0,0,False,Paid - On Time/Early,1,1,CNJ-BCA,BCA 2201,paid,ENTRY,0,,0,0,0,,2026-10-03 07:00:00,paid,UMKM,50000.0,50000.0,50000.0,0.0,0.0,True,False,0.0,Payment date earlier than invoice date,Settled,External Customer,False
019e403b-5098-755f-94ca-e4e9acebab33,CGEL2605190014,2026-05-20 02:34:00.000,2026-05-20 03:34:00.000,paid,,019bef2c-2333-76f7-ad85-1a3934354ab1,CST38067357,Nicho Albert,INSTANSI,INSTANSI,019490f2-0003-7000-8000-123456789003,CG,Cipta Digital,9000.0,0.0,0.0,0.0,9000.0,9000.0,0.0,9000.0,0.0,0.0,100.0,2026-05-19 19:36:00,2026-05-19 19:36:00,,,-1.0,-1.0,0,0,False,Paid - On Time/Early,1,1,CG-CIB,Cash in Box,paid,ENTRY,0,,0,0,0,,2026-10-03 07:00:00,paid,INSTANSI,9000.0,9000.0,9000.0,0.0,0.0,True,False,0.0,Payment date earlier than invoice date,Settled,External Customer,False
019e4050-3421-77aa-88cc-122fa7340772,CGEL2605190015,2026-05-20 02:34:00.000,2026-05-20 03:34:00.000,paid,,019e404f-ea89-719c-9e7a-eea17f0edbcf,USR000546,Bang Gove,EU,END USER,019490f2-0003-7000-8000-123456789003,CG,Cipta Digital,19000.0,0.0,0.0,0.0,19000.0,19000.0,0.0,19000.0,0.0,0.0,100.0,2026-05-19 19:57:00,2026-05-19 19:57:00,,,-1.0,-1.0,0,0,False,Paid - On Time/Early,1,1,CG-CIB,Cash in Box,paid,ENTRY,0,,0,0,0,,2026-10-03 07:00:00,paid,END USER,19000.0,19000.0,19000.0,0.0,0.0,True,False,0.0,Payment date earlier than invoice date,Settled,External Customer,False
019e4052-e3b7-70be-b799-a055b950824c,CJFU2605190010,2026-05-20 00:52:00.000,2026-05-20 01:52:00.000,paid,,019b8de1-c6b8-75ba-9066-a662b8d72b7f,UMK0073,Syofie Jelly Art & Cake,UMKM,UMKM,019490f2-0002-7000-8000-123456789002,CNJ,Cipta Cianjur,100000.0,0.0,0.0,0.0,100000.0,100000.0,0.0,100000.0,0.0,0.0,100.0,2026-05-19 20:00:00,2026-05-19 20:00:00,,,-1.0,-1.0,0,0,False,Paid - On Time/Early,1,1,CNJ-CIB,Cash in Box,paid,ENTRY,0,,0,0,0,,2026-10-03 07:00:00,paid,UMKM,100000.0,100000.0,100000.0,0.0,0.0,True,False,0.0,Payment date earlier than invoice date,Settled,External Customer,False
019e4058-e9db-774f-8324-253cb95f51a3,CGEL2605190016,2026-05-20 02:34:00.000,2026-05-20 03:34:00.000,paid,,019e4058-59bd-745f-be27-5c5a0ae07e42,USR000547,Nazwa Syahla Nathifa,EU,END USER,019490f2-0003-7000-8000-123456789003,CG,Cipta Digital,40000.0,0.0,0.0,0.0,40000.0,40000.0,0.0,40000.0,0.0,0.0,100.0,2026-05-19 20:07:00,2026-05-19 20:07:00,,,-1.0,-1.0,0,0,False,Paid - On Time/Early,1,1,CG-CIB,Cash in Box,paid,ENTRY,0,,0,0,0,,2026-10-03 07:00:00,paid,END USER,40000.0,40000.0,40000.0,0.0,0.0,True,False,0.0,Payment date earlier than invoice date,Settled,External Customer,False
019e407b-e74f-716d-903e-bcb5358b720c,CGAA2605190001,2026-05-20 03:39:00.000,2026-05-20 04:39:00.000,paid,,019c8832-230e-70ed-b427-f31e14f41530,UMK000234,Ninda Junia,UMKM,UMKM,019490f2-0003-7000-8000-123456789003,CG,Cipta Digital,28000.0,0.0,0.0,0.0,28000.0,28000.0,0.0,28000.0,0.0,0.0,100.0,2026-05-19 20:53:00,2026-05-19 20:53:00,,,-1.0,-1.0,0,0,False,Paid - On Time/Early,1,1,CG-QRIS,QRIS BCA,paid,ENTRY,0,,0,0,0,,2026-10-03 07:00:00,paid,UMKM,28000.0,28000.0,28000.0,0.0,0.0,True,False,0.0,Payment date earlier than invoice date,Settled,External Customer,False
019e40a0-cabc-73dc-a90c-032d350bab79,CJFU2605190012,2026-05-20 00:52:00.000,2026-05-20 01:52:00.000,paid,,019b8de1-c6b8-75ba-9064-6c6cdbdc107f,INS0040,Polres Cianjur,INSTANSI,INSTANSI,019490f2-0002-7000-8000-123456789002,CNJ,Cipta Cianjur,300000.0,0.0,0.0,0.0,300000.0,300000.0,0.0,300000.0,0.0,0.0,100.0,2026-05-19 21:29:00,2026-05-19 21:29:00,,,-1.0,-1.0,0,0,False,Paid - On Time/Early,1,1,CNJ-CIB,Cash in Box,paid,ENTRY,0,,0,0,0,,2026-10-03 07:00:00,paid,INSTANSI,300000.0,300000.0,300000.0,0.0,0.0,True,False,0.0,Payment date earlier than invoice date,Settled,External Customer,False
019e4381-194b-75cd-84f0-aa3c5088ccd2,PKDR2605190001,2026-05-20 17:49:00.000,2026-05-21 17:21:00.000,paid,4400938493,019b91a5-4e3d-702c-bb5c-b25d99ca7535,IND0019,Pt Prysmian Cables Indonesia,INDUSTRI,INDUSTRI,019b8a09-0bf8-7497-98a0-86a53a78e02f,PWK,Cipta Purwakarta,2050000.0,0.0,225500.0,0.0,2275500.0,2275500.0,0.0,2275500.0,0.0,0.0,100.0,2026-02-28 14:47:00,2026-02-28 14:47:00,,,-81.0,-81.0,0,0,False,Paid - On Time/Early,1,1,PWK-BCA,BCA PWK,paid,ENTRY,0,,0,0,0,,2026-10-03 07:00:00,paid,INDUSTRI,2275500.0,2275500.0,2275500.0,0.0,0.0,True,False,0.0,Payment date earlier than invoice date,Settled,External Customer,False
019e451e-533d-700d-9e9e-fb4c0674c15b,PKJA2605200027,2026-05-21 01:19:00.000,2026-05-21 02:19:00.000,paid,,019e451d-b880-7397-9820-e4e8e549d8dc,USR000470,Eveline Eveline,EU,END USER,019b8a09-0bf8-7497-98a0-86a53a78e02f,PWK,Cipta Purwakarta,57000.0,0.0,0.0,0.0,57000.0,57000.0,0.0,57000.0,0.0,0.0,100.0,2026-05-20 18:26:00,2026-05-20 18:26:00,,,-1.0,-1.0,0,0,False,Paid - On Time/Early,1,1,PWK-CIB,Cash in Box,paid,ENTRY,0,,0,0,0,,2026-10-03 07:00:00,paid,END USER,57000.0,57000.0,57000.0,0.0,0.0,True,False,0.0,Payment date earlier than invoice date,Settled,External Customer,False
019e452a-ec0e-70ba-aa4e-6663c61f4efb,PKJA2605200028,2026-05-21 01:33:00.000,2026-05-21 02:33:00.000,paid,,019b91a5-4e40-7661-9516-7fb11fe6e506,UMK0079,Novi (Novi),UMKM,UMKM,019b8a09-0bf8-7497-98a0-86a53a78e02f,PWK,Cipta Purwakarta,150000.0,0.0,0.0,0.0,150000.0,150000.0,0.0,150000.0,0.0,0.0,100.0,2026-05-20 18:43:00,2026-05-20 18:43:00,,,-1.0,-1.0,0,0,False,Paid - On Time/Early,1,1,PWK-BCA,BCA PWK,paid,ENTRY,0,,0,0,0,,2026-10-03 07:00:00,paid,UMKM,150000.0,150000.0,150000.0,0.0,0.0,True,False,0.0,Payment date earlier than invoice date,Settled,External Customer,False
019e4538-cfc5-7191-b980-43983f8b0879,PKJA2605200029,2026-05-21 01:33:00.000,2026-05-21 02:33:00.000,paid,,019b91a5-4e42-73a9-8abf-0a94f02f4cd7,UMK0277,Andre (Andre),UMKM,UMKM,019b8a09-0bf8-7497-98a0-86a53a78e02f,PWK,Cipta Purwakarta,19000.0,0.0,0.0,0.0,19000.0,19000.0,0.0,19000.0,0.0,0.0,100.0,2026-05-20 18:50:00,2026-05-20 18:50:00,,,-1.0,-1.0,0,0,False,Paid - On Time/Early,1,1,PWK-CIB,Cash in Box,paid,ENTRY,0,,0,0,0,,2026-10-03 07:00:00,paid,UMKM,19000.0,19000.0,19000.0,0.0,0.0,True,False,0.0,Payment date earlier than invoice date,Settled,External Customer,False
019e4566-a326-70eb-998c-ba813852a7e7,PKJA2605200030,2026-05-21 01:33:00.000,2026-05-21 02:33:00.000,paid,,019e4566-07c4-751a-8a09-f1744b41c3fd,USR000471,Nafeeza Nafeeza,EU,END USER,019b8a09-0bf8-7497-98a0-86a53a78e02f,PWK,Cipta Purwakarta,14000.0,0.0,0.0,0.0,14000.0,14000.0,0.0,14000.0,0.0,0.0,100.0,2026-05-20 19:58:00,2026-05-20 19:58:00,,,-1.0,-1.0,0,0,False,Paid - On Time/Early,1,1,PWK-BCA,BCA PWK,paid,ENTRY,0,,0,0,0,,2026-10-03 07:00:00,paid,END USER,14000.0,14000.0,14000.0,0.0,0.0,True,False,0.0,Payment date earlier than invoice date,Settled,External Customer,False
019e457b-663f-751f-b554-1b249773afb1,CJFA2605200009,2026-05-21 03:02:00.000,2026-05-21 04:02:00.000,paid,,019c1d6d-94e8-762e-a51c-a3df5f4c3e2d,USR000720,Novia Avivvah,EU,END USER,019490f2-0002-7000-8000-123456789002,CNJ,Cipta Cianjur,8000.0,0.0,0.0,0.0,8000.0,8000.0,0.0,8000.0,0.0,0.0,100.0,2026-05-20 20:03:00,2026-05-20 20:03:00,,,-1.0,-1.0,0,0,False,Paid - On Time/Early,1,1,CNJ-CIB,Cash in Box,paid,ENTRY,0,,0,0,0,,2026-10-03 07:00:00,paid,END USER,8000.0,8000.0,8000.0,0.0,0.0,True,False,0.0,Payment date earlier than invoice date,Settled,External Customer,False
019e4a02-9412-75d5-ae21-5d3fa41b0a10,CGEL2605200003,2026-05-22 00:08:00.000,2026-05-22 01:15:00.000,paid,,019e430a-b897-72a0-8eba-735c0cfc1d12,IND000070,Pt Cciee,INDUSTRI,INDUSTRI,019490f2-0003-7000-8000-123456789003,CG,Cipta Digital,2130000.0,0.0,0.0,0.0,2130000.0,2130000.0,0.0,2130000.0,0.0,0.0,100.0,2026-05-21 17:09:00,2026-05-21 17:09:00,,,-1.0,-1.0,0,0,False,Paid - On Time/Early,1,1,CG-JZM,BCA Jazmi Hamzah,paid,ENTRY,0,,0,0,0,,2026-10-03 07:00:00,paid,INDUSTRI,2130000.0,2130000.0,2130000.0,0.0,0.0,True,False,0.0,Payment date earlier than invoice date,Settled,External Customer,False
019e4a03-47d1-71fe-a426-210beba239fa,PKJA2605210025,2026-05-22 00:09:00.000,2026-05-23 08:26:00.000,paid,,019b91a5-4e42-73a9-8ac1-deb0044df67d,UMK0458,Fadil (Fadil),UMKM,UMKM,019b8a09-0bf8-7497-98a0-86a53a78e02f,PWK,Cipta Purwakarta,90000.0,0.0,0.0,0.0,90000.0,90000.0,0.0,90000.0,0.0,0.0,100.0,2026-05-21 17:13:00,2026-05-21 17:13:00,,,-1.0,-1.0,0,0,False,Paid - On Time/Early,1,1,PWK-BCA,BCA PWK,paid,ENTRY,0,,0,0,0,,2026-10-03 07:00:00,paid,UMKM,90000.0,90000.0,90000.0,0.0,0.0,True,False,0.0,Payment date earlier than invoice date,Settled,External Customer,False
019e4a2a-d1ce-70c3-83b7-ecf8cdfbd9bb,CGSB2605210012,2026-05-22 00:50:00.000,2026-05-22 01:50:00.000,paid,,019e4a28-9781-73fd-b4d7-eee21e22f08a,USR000566,Makmur Firmansyah,EU,END USER,019490f2-0003-7000-8000-123456789003,CG,Cipta Digital,29000.0,0.0,0.0,0.0,29000.0,29000.0,0.0,29000.0,0.0,0.0,100.0,2026-05-21 17:52:00,2026-05-21 17:52:00,,,-1.0,-1.0,0,0,False,Paid - On Time/Early,1,1,CG-MDR,Mandiri Karawang,paid,ENTRY,0,,0,0,0,,2026-10-03 07:00:00,paid,END USER,29000.0,29000.0,29000.0,0.0,0.0,True,False,0.0,Payment date earlier than invoice date,Settled,External Customer,False
019e4a42-65c6-7204-b8f9-1d4eb7a51362,CGSB2605210013,2026-05-22 00:50:00.000,2026-05-22 01:50:00.000,paid,,019b9e33-a442-730a-a5a8-df5ddda8639e,EU3625,Memey Galuh,EU,END USER,019490f2-0003-7000-8000-123456789003,CG,Cipta Digital,25600.0,0.0,0.0,0.0,25600.0,25600.0,0.0,25600.0,0.0,0.0,100.0,2026-05-21 19:53:00,2026-05-21 19:53:00,,,-1.0,-1.0,0,0,False,Paid - On Time/Early,1,1,CG-JZM,BCA Jazmi Hamzah,paid,ENTRY,0,,0,0,0,,2026-10-03 07:00:00,paid,END USER,25600.0,25600.0,25600.0,0.0,0.0,True,False,0.0,Payment date earlier than invoice date,Settled,External Customer,False
019e4a56-1d99-7781-bdd2-696807ed3a92,CJFU2605210009,2026-05-22 01:39:00.000,2026-05-22 02:39:00.000,paid,,019b8de1-c6b8-75ba-9066-036ce77e3c15,UMK0032,Halalin Wedding,UMKM,UMKM,019490f2-0002-7000-8000-123456789002,CNJ,Cipta Cianjur,20000.0,0.0,0.0,0.0,20000.0,20000.0,0.0,20000.0,0.0,0.0,100.0,2026-05-21 18:40:00,2026-05-21 18:40:00,,,-1.0,-1.0,0,0,False,Paid - On Time/Early,1,1,CNJ-CIB,Cash in Box,paid,ENTRY,0,,0,0,0,,2026-10-03 07:00:00,paid,UMKM,20000.0,20000.0,20000.0,0.0,0.0,True,False,0.0,Payment date earlier than invoice date,Settled,External Customer,False
019e4a58-2144-767b-8893-3d761f3413c3,CJFU2605210011,2026-05-22 01:39:00.000,2026-05-22 02:39:00.000,paid,,019b8de1-c6ba-72a9-8e2e-46c1ab322fb5,CG0072,Zuber Screenprinting,AGEN,AGEN,019490f2-0002-7000-8000-123456789002,CNJ,Cipta Cianjur,45000.0,0.0,0.0,0.0,45000.0,45000.0,0.0,45000.0,0.0,0.0,100.0,2026-05-21 19:06:00,2026-05-21 19:06:00,,,-1.0,-1.0,0,0,False,Paid - On Time/Early,1,1,CNJ-CIB,Cash in Box,paid,ENTRY,0,,0,0,0,,2026-10-03 07:00:00,paid,AGEN,45000.0,45000.0,45000.0,0.0,0.0,True,False,0.0,Payment date earlier than invoice date,Settled,External Customer,False
019e4a5c-639c-76ba-a3a4-505925cc3aa2,PKAS2605210003,2026-05-22 01:46:00.000,2026-05-26 18:36:00.000,paid,,019e4917-790a-7738-965a-672ffc21729f,UMK000076,Soedut Ruang Studio,UMKM,UMKM,019b8a09-0bf8-7497-98a0-86a53a78e02f,PWK,Cipta Purwakarta,3047000.0,0.0,0.0,0.0,3047000.0,3047000.0,0.0,3047000.0,0.0,0.0,100.0,2026-05-21 18:47:00,2026-06-01 09:21:00,,,-1.0,10.0,6,0,False,Paid - Late,2,1,PWK-BCA,BCA PWK,"dp, paid",ENTRY,0,,0,0,0,,2026-10-03 07:00:00,paid,UMKM,3047000.0,3047000.0,3047000.0,0.0,0.0,True,False,0.0,Payment date earlier than invoice date,Settled,External Customer,True
019e4a74-4f02-70d2-9ae6-a31ef4f285c1,CGSB2605210014,2026-05-22 00:50:00.000,2026-05-22 01:50:00.000,paid,,019e4a73-d217-77bc-af6e-89c74d33ba30,USR000567,Yosia Kurniawan,EU,END USER,019490f2-0003-7000-8000-123456789003,CG,Cipta Digital,18000.0,0.0,0.0,0.0,18000.0,18000.0,0.0,18000.0,0.0,0.0,100.0,2026-05-21 19:14:00,2026-05-21 19:14:00,,,-1.0,-1.0,0,0,False,Paid - On Time/Early,1,1,CG-CIB,Cash in Box,paid,ENTRY,0,,0,0,0,,2026-10-03 07:00:00,paid,END USER,18000.0,18000.0,18000.0,0.0,0.0,True,False,0.0,Payment date earlier than invoice date,Settled,External Customer,False
019e4a78-0d49-72b9-9738-92ffbfce1479,CGSB2605210015,2026-05-22 00:50:00.000,2026-05-22 01:50:00.000,paid,,019e4a77-789f-7418-ae61-18084663bc23,USR000568,Sopiah Rahayu,EU,END USER,019490f2-0003-7000-8000-123456789003,CG,Cipta Digital,19000.0,0.0,0.0,0.0,19000.0,19000.0,0.0,19000.0,0.0,0.0,100.0,2026-05-21 19:35:00,2026-05-21 19:35:00,,,-1.0,-1.0,0,0,False,Paid - On Time/Early,1,1,CG-JZM,BCA Jazmi Hamzah,paid,ENTRY,0,,0,0,0,,2026-10-03 07:00:00,paid,END USER,19000.0,19000.0,19000.0,0.0,0.0,True,False,0.0,Payment date earlier than invoice date,Settled,External Customer,False
019e4a82-3591-726c-b3c9-e14b2d938685,PKDR2605210004,2026-05-22 02:27:00.000,2026-05-22 03:27:00.000,paid,,019b91a5-4e3f-733e-ad4f-b66715b81083,IND2861,Pln Purwakarta,INDUSTRI,INDUSTRI,019b8a09-0bf8-7497-98a0-86a53a78e02f,PWK,Cipta Purwakarta,150000.0,0.0,0.0,0.0,150000.0,150000.0,0.0,150000.0,0.0,0.0,100.0,2026-05-21 19:29:00,2026-05-21 19:29:00,,,-1.0,-1.0,0,0,False,Paid - On Time/Early,1,1,PWK-CIB,Cash in Box,paid,ENTRY,0,,0,0,0,,2026-10-03 07:00:00,paid,INDUSTRI,150000.0,150000.0,150000.0,0.0,0.0,True,False,0.0,Payment date earlier than invoice date,Settled,External Customer,False
019e4a95-6564-714b-afeb-10024a29376e,CJFU2605210013,2026-05-22 01:39:00.000,2026-05-22 02:39:00.000,paid,,019b8de1-c6b9-77e8-a27a-a744a6a9daf7,UMK0139,Oyenk Nomaden,UMKM,UMKM,019490f2-0002-7000-8000-123456789002,CNJ,Cipta Cianjur,2000.0,0.0,0.0,0.0,2000.0,2000.0,0.0,2000.0,0.0,0.0,100.0,2026-05-21 20:05:00,2026-05-21 20:05:00,,,-1.0,-1.0,0,0,False,Paid - On Time/Early,1,1,CNJ-CIB,Cash in Box,paid,ENTRY,0,,0,0,0,,2026-10-03 07:00:00,paid,UMKM,2000.0,2000.0,2000.0,0.0,0.0,True,False,0.0,Payment date earlier than invoice date,Settled,External Customer,False
019e4dd7-1bec-720f-86a2-19ba1f852b70,GLVI2605200002,2026-05-22 17:59:00.000,2026-05-22 18:23:00.000,paid,,019d660b-01b1-76a1-bf2d-3104ab55bac7,USR000078,Kahfi Konsumen Umum,EU,END USER,019490f2-0001-7000-8000-123456789001,GLH,Cipta Galuh,155000.0,0.0,0.0,0.0,155000.0,155000.0,0.0,155000.0,0.0,0.0,100.0,2026-05-20 11:01:00,2026-05-20 11:01:00,,,-2.0,-2.0,0,0,False,Paid - On Time/Early,1,1,GLH-775,BCA 775,paid,ENTRY,0,,0,0,0,,2026-10-03 07:00:00,paid,END USER,155000.0,155000.0,155000.0,0.0,0.0,True,False,0.0,Payment date earlier than invoice date,Settled,External Customer,False
019e4f22-580e-773c-a62e-e0414fa1b67f,CGDP2605220014,2026-05-23 00:00:00.000,2026-05-23 01:00:00.000,paid,,019dbe2b-0994-758b-8018-ffc0d3fb85dc,UMK000591,Rizky Ibrahim,UMKM,UMKM,019490f2-0003-7000-8000-123456789003,CG,Cipta Digital,145000.0,0.0,0.0,0.0,145000.0,145000.0,0.0,145000.0,0.0,0.0,100.0,2026-05-22 17:36:00,2026-05-22 17:36:00,,,-1.0,-1.0,0,0,False,Paid - On Time/Early,1,1,CG-JZM,BCA Jazmi Hamzah,paid,ENTRY,0,,0,0,0,,2026-10-03 07:00:00,paid,UMKM,145000.0,145000.0,145000.0,0.0,0.0,True,False,0.0,Payment date earlier than invoice date,Settled,External Customer,False
019e4f24-d033-7264-b557-65c77891814a,CJRR2605220017,2026-05-23 00:03:00.000,2026-05-23 01:03:00.000,paid,,019b8de1-c6ba-72a9-8e2c-a954f80bc90e,UMK0372,Indah Salon,UMKM,UMKM,019490f2-0002-7000-8000-123456789002,CNJ,Cipta Cianjur,25000.0,0.0,0.0,0.0,25000.0,25000.0,0.0,25000.0,0.0,0.0,100.0,2026-05-22 17:04:00,2026-05-22 17:04:00,,,-1.0,-1.0,0,0,False,Paid - On Time/Early,1,1,CNJ-CIB,Cash in Box,paid,ENTRY,0,,0,0,0,,2026-10-03 07:00:00,paid,UMKM,25000.0,25000.0,25000.0,0.0,0.0,True,False,0.0,Payment date earlier than invoice date,Settled,External Customer,False
019e4f37-58e0-76fe-9ce1-853533ef84ac,GRRA2605220018,2026-05-23 00:21:00.000,2026-05-23 01:21:00.000,partial,,019e48bd-7b4c-76d9-b2db-fff40c4d01d6,USR000207,Farid Laundry,EU,END USER,019490f2-0000-7000-8000-123456789000,GRH,Cipta Graha,84000.0,0.0,0.0,0.0,84000.0,80000.0,0.0,80000.0,4000.0,0.0,95.24,2026-05-22 17:25:00,2026-05-25 15:50:00,,,-1.0,,0,133,True,Partially Paid - Overdue,2,1,GRH-CIB,Cash in Box,partial,ENTRY,0,,0,0,0,,2026-10-03 07:00:00,partial,END USER,84000.0,80000.0,80000.0,4000.0,0.0,False,True,4000.0,Payment date earlier than invoice date,90+ Days,External Customer,False
019e4f38-98ba-77d8-b617-096881e02c1e,PKAB2605220012,2026-05-23 00:25:00.000,2026-05-23 01:25:00.000,paid,,019b91a7-6a08-729d-b8e8-a8ade6d258f6,USR00383,Rian (Rian),EU,END USER,019b8a09-0bf8-7497-98a0-86a53a78e02f,PWK,Cipta Purwakarta,500000.0,0.0,0.0,0.0,500000.0,500000.0,0.0,500000.0,0.0,0.0,100.0,2026-05-22 17:26:00,2026-05-24 09:03:00,,,-1.0,1.0,1,0,False,Paid - Late,2,2,"PWK-BCA, PWK-CIB","BCA PWK, Cash in Box","paid, partial",ENTRY,0,,0,0,0,,2026-10-03 07:00:00,paid,END USER,500000.0,500000.0,500000.0,0.0,0.0,True,False,0.0,Payment date earlier than invoice date,Settled,External Customer,True
019e4f46-ddd1-7365-89d0-cc1132d5e355,PKAB2605220014,2026-05-23 00:25:00.000,2026-05-23 01:25:00.000,paid,,019b91a5-4e42-73a9-8abf-d519f23e97d6,UMK0328,Ririn (Ririn),UMKM,UMKM,019b8a09-0bf8-7497-98a0-86a53a78e02f,PWK,Cipta Purwakarta,24000.0,0.0,0.0,0.0,24000.0,24000.0,0.0,24000.0,0.0,0.0,100.0,2026-05-22 18:36:00,2026-05-22 18:36:00,,,-1.0,-1.0,0,0,False,Paid - On Time/Early,1,1,PWK-CIB,Cash in Box,paid,ENTRY,0,,0,0,0,,2026-10-03 07:00:00,paid,UMKM,24000.0,24000.0,24000.0,0.0,0.0,True,False,0.0,Payment date earlier than invoice date,Settled,External Customer,False
019e4f62-cfc0-756b-bc49-0f481037189f,CJGI2605220005,2026-05-23 00:40:00.000,2026-05-23 01:40:00.000,paid,,019b8de1-c6ba-72a9-8e2d-09545981049d,UMK0396,Biqinkaos (Biqinkaos),UMKM,UMKM,019490f2-0002-7000-8000-123456789002,CNJ,Cipta Cianjur,24000.0,0.0,0.0,0.0,24000.0,24000.0,0.0,24000.0,0.0,0.0,100.0,2026-05-22 20:17:00,2026-05-22 20:17:00,,,-1.0,-1.0,0,0,False,Paid - On Time/Early,1,1,CNJ-CIB,Cash in Box,paid,ENTRY,0,,0,0,0,,2026-10-03 07:00:00,paid,UMKM,24000.0,24000.0,24000.0,0.0,0.0,True,False,0.0,Payment date earlier than invoice date,Settled,External Customer,False
019e4f63-e085-767f-b6c3-f19135aea888,CJGI2605220006,2026-05-23 00:40:00.000,2026-05-23 01:40:00.000,paid,,019c1d86-2fd4-74e3-9196-f80e65c0f93b,USR000888,Adit (Adit),EU,END USER,019490f2-0002-7000-8000-123456789002,CNJ,Cipta Cianjur,15000.0,0.0,0.0,0.0,15000.0,15000.0,0.0,15000.0,0.0,0.0,100.0,2026-05-22 18:13:00,2026-05-22 18:13:00,,,-1.0,-1.0,0,0,False,Paid - On Time/Early,1,1,CNJ-CIB,Cash in Box,paid,ENTRY,0,,0,0,0,,2026-10-03 07:00:00,paid,END USER,15000.0,15000.0,15000.0,0.0,0.0,True,False,0.0,Payment date earlier than invoice date,Settled,External Customer,False
019e4f6f-ff18-73ec-80d1-cec28fe43694,PKAB2605220015,2026-05-23 00:25:00.000,2026-05-23 01:25:00.000,paid,,019b91a5-4e40-7661-9516-c47b7114688a,UMK0097,Ai (Ai),UMKM,UMKM,019b8a09-0bf8-7497-98a0-86a53a78e02f,PWK,Cipta Purwakarta,30000.0,0.0,0.0,0.0,30000.0,30000.0,0.0,30000.0,0.0,0.0,100.0,2026-05-22 20:01:00,2026-05-22 20:01:00,,,-1.0,-1.0,0,0,False,Paid - On Time/Early,1,1,PWK-CIB,Cash in Box,paid,ENTRY,0,,0,0,0,,2026-10-03 07:00:00,paid,UMKM,30000.0,30000.0,30000.0,0.0,0.0,True,False,0.0,Payment date earlier than invoice date,Settled,External Customer,False
019e4f70-526c-7529-aca7-4752c847a5df,CGDP2605220016,2026-05-23 00:44:00.000,2026-05-23 01:44:00.000,paid,,019ce4fb-b6a6-7648-889f-019be2fa756d,USR000188,Azzakir Fathul,EU,END USER,019490f2-0003-7000-8000-123456789003,CG,Cipta Digital,25000.0,0.0,0.0,0.0,25000.0,25000.0,0.0,25000.0,0.0,0.0,100.0,2026-05-22 18:39:00,2026-05-22 18:39:00,,,-1.0,-1.0,0,0,False,Paid - On Time/Early,1,1,CG-JZM,BCA Jazmi Hamzah,paid,ENTRY,0,,0,0,0,,2026-10-03 07:00:00,paid,END USER,25000.0,25000.0,25000.0,0.0,0.0,True,False,0.0,Payment date earlier than invoice date,Settled,External Customer,False
019e4f7d-7e62-771e-afc2-41ee453f28e1,PKAB2605220016,2026-05-23 00:25:00.000,2026-05-23 01:25:00.000,paid,,019b91a5-4e41-756c-9e96-56e418d42604,UMK0236,Sindi (Sindi),UMKM,UMKM,019b8a09-0bf8-7497-98a0-86a53a78e02f,PWK,Cipta Purwakarta,26000.0,0.0,0.0,0.0,26000.0,26000.0,0.0,26000.0,0.0,0.0,100.0,2026-05-22 18:42:00,2026-05-22 18:42:00,,,-1.0,-1.0,0,0,False,Paid - On Time/Early,1,1,PWK-CIB,Cash in Box,paid,ENTRY,0,,0,0,0,,2026-10-03 07:00:00,paid,UMKM,26000.0,26000.0,26000.0,0.0,0.0,True,False,0.0,Payment date earlier than invoice date,Settled,External Customer,False
019e4f89-06a8-755f-ac07-e0f4b029e061,GLVI2605220011,2026-05-23 01:53:00.000,2026-05-23 02:53:00.000,paid,,019b8de0-01dc-74cd-ba20-b9b59f0f041c,UMK0070,Bunga (Bunga),UMKM,UMKM,019490f2-0001-7000-8000-123456789001,GLH,Cipta Galuh,18000.0,0.0,0.0,0.0,18000.0,18000.0,0.0,18000.0,0.0,0.0,100.0,2026-05-22 19:18:00,2026-05-22 19:18:00,,,-1.0,-1.0,0,0,False,Paid - On Time/Early,1,1,GLH-775,BCA 775,paid,ENTRY,0,,0,0,0,,2026-10-03 07:00:00,paid,UMKM,18000.0,18000.0,18000.0,0.0,0.0,True,False,0.0,Payment date earlier than invoice date,Settled,External Customer,False
019e4f98-3e79-7713-982e-331da71a1d08,CGMP2605220028,2026-05-23 02:06:00.000,2026-05-23 03:06:00.000,paid,,019c7994-fc8b-70f5-be8f-a852e65868b1,UMK000214,Novia Wandini,UMKM,UMKM,019490f2-0003-7000-8000-123456789003,CG,Cipta Digital,36000.0,0.0,0.0,0.0,36000.0,36000.0,0.0,36000.0,0.0,0.0,100.0,2026-05-22 19:54:00,2026-05-22 19:54:00,,,-1.0,-1.0,0,0,False,Paid - On Time/Early,1,1,CG-JZM,BCA Jazmi Hamzah,paid,ENTRY,0,,0,0,0,,2026-10-03 07:00:00,paid,UMKM,36000.0,36000.0,36000.0,0.0,0.0,True,False,0.0,Payment date earlier than invoice date,Settled,External Customer,False
019e4f9a-f9f4-70be-9955-ef3ab44e4a08,PKAB2605220017,2026-05-23 00:25:00.000,2026-05-23 01:25:00.000,paid,,019de23f-f5be-70b8-a4ce-4e8e8fc22caa,EDU000025,Ocean Ties,SEKOLAH,SEKOLAH,019b8a09-0bf8-7497-98a0-86a53a78e02f,PWK,Cipta Purwakarta,11500.0,0.0,0.0,0.0,11500.0,11500.0,0.0,11500.0,0.0,0.0,100.0,2026-05-22 19:13:00,2026-05-22 19:13:00,,,-1.0,-1.0,0,0,False,Paid - On Time/Early,1,1,PWK-CIB,Cash in Box,paid,ENTRY,0,,0,0,0,,2026-10-03 07:00:00,paid,SEKOLAH,11500.0,11500.0,11500.0,0.0,0.0,True,False,0.0,Payment date earlier than invoice date,Settled,External Customer,False
019e4fa4-5f05-7458-862e-41dfc4ead08c,CGMP2605220030,2026-05-23 02:17:00.000,2026-05-23 03:17:00.000,paid,,019c1da2-8b4e-775e-9c05-d1eeae20eea5,CST38203469,Prodi Arsitektur Fakultas Teknik Unsika,UMKM,UMKM,019490f2-0003-7000-8000-123456789003,CG,Cipta Digital,16000.0,0.0,0.0,0.0,16000.0,16000.0,0.0,16000.0,0.0,0.0,100.0,2026-05-22 19:24:00,2026-05-22 19:24:00,,,-1.0,-1.0,0,0,False,Paid - On Time/Early,1,1,CG-CIB,Cash in Box,paid,ENTRY,0,,0,0,0,,2026-10-03 07:00:00,paid,UMKM,16000.0,16000.0,16000.0,0.0,0.0,True,False,0.0,Payment date earlier than invoice date,Settled,External Customer,False
019e4fae-597d-769d-a010-7ef222ae63bd,CGMP2605220031,2026-05-23 02:17:00.000,2026-05-23 03:17:00.000,paid,,019db301-04d7-71d1-aa2c-338e1c9ef200,USR000368,Rheza Adhitama,EU,END USER,019490f2-0003-7000-8000-123456789003,CG,Cipta Digital,72000.0,0.0,0.0,0.0,72000.0,72000.0,0.0,72000.0,0.0,0.0,100.0,2026-05-22 19:49:00,2026-05-22 19:49:00,,,-1.0,-1.0,0,0,False,Paid - On Time/Early,1,1,CG-JZM,BCA Jazmi Hamzah,paid,ENTRY,0,,0,0,0,,2026-10-03 07:00:00,paid,END USER,72000.0,72000.0,72000.0,0.0,0.0,True,False,0.0,Payment date earlier than invoice date,Settled,External Customer,False
019e4fb4-37a3-77f6-8bb8-eecbfd416008,OLLS2605220010,2026-05-23 02:40:00.000,2026-05-23 03:40:00.000,paid,,019e4fb2-dcc0-731c-bd9d-f09b0dc9742a,EDU000028,Zidan Almadani,SEKOLAH,SEKOLAH,019ab8e3-cb41-7087-92ab-c7596e6780f4,OL,Cipta Online,63000.0,0.0,0.0,0.0,63000.0,63000.0,0.0,63000.0,0.0,0.0,100.0,2026-05-22 20:00:00,2026-05-22 20:00:00,,,-1.0,-1.0,0,0,False,Paid - On Time/Early,1,1,OL-FDL,BCA Online,paid,ENTRY,0,,0,0,0,,2026-10-03 07:00:00,paid,SEKOLAH,63000.0,63000.0,63000.0,0.0,0.0,True,False,0.0,Payment date earlier than invoice date,Settled,External Customer,False
019e4fbc-c689-7207-a4b1-e17eb3798514,PKAB2605220019,2026-05-23 00:25:00.000,2026-05-23 01:25:00.000,paid,,019b91a5-4e42-73a9-8abf-dd53f71ea64d,UMK0330,Sinta (Sinta),UMKM,UMKM,019b8a09-0bf8-7497-98a0-86a53a78e02f,PWK,Cipta Purwakarta,22000.0,0.0,0.0,0.0,22000.0,22000.0,0.0,22000.0,0.0,0.0,100.0,2026-05-22 19:50:00,2026-05-22 19:50:00,,,-1.0,-1.0,0,0,False,Paid - On Time/Early,1,1,PWK-CIB,Cash in Box,paid,ENTRY,0,,0,0,0,,2026-10-03 07:00:00,paid,UMKM,22000.0,22000.0,22000.0,0.0,0.0,True,False,0.0,Payment date earlier than invoice date,Settled,External Customer,False
019e5463-ed69-7348-97e6-b032d516bb19,CJGI2605230011,2026-05-24 00:30:00.000,2026-05-24 01:30:00.000,paid,,019c1d5c-d645-767b-9b7c-60bc48368c85,USR000084,Pak Yana (pak yana),EU,END USER,019490f2-0002-7000-8000-123456789002,CNJ,Cipta Cianjur,70000.0,0.0,0.0,0.0,70000.0,70000.0,0.0,70000.0,0.0,0.0,100.0,2026-05-23 17:31:00,2026-05-23 17:31:00,,,-1.0,-1.0,0,0,False,Paid - On Time/Early,1,1,CNJ-BCA,BCA 2201,paid,ENTRY,0,,0,0,0,,2026-10-03 07:00:00,paid,END USER,70000.0,70000.0,70000.0,0.0,0.0,True,False,0.0,Payment date earlier than invoice date,Settled,External Customer,False
019e5eb6-dfd1-73a6-9690-a0dd4c692c2d,CGNM2605250012,2026-05-26 00:20:00.000,2026-05-26 01:20:00.000,paid,,019e5eb6-2650-71d4-ab22-a2847b0c018a,UMK000845,Rahmawan Band,UMKM,UMKM,019490f2-0003-7000-8000-123456789003,CG,Cipta Digital,333000.0,0.0,0.0,0.0,333000.0,333000.0,0.0,333000.0,0.0,0.0,100.0,2026-05-25 17:53:00,2026-05-25 17:53:00,,,-1.0,-1.0,0,0,False,Paid - On Time/Early,1,1,CG-JZM,BCA Jazmi Hamzah,paid,ENTRY,0,,0,0,0,,2026-10-03 07:00:00,paid,UMKM,333000.0,333000.0,333000.0,0.0,0.0,True,False,0.0,Payment date earlier than invoice date,Settled,External Customer,False
019e5eb9-b7b1-712f-913d-1f375d8117a4,CGNM2605250013,2026-05-26 00:20:00.000,2026-05-26 01:20:00.000,paid,,019bdb0f-14c3-735c-85c0-9ce07606404a,USR000009,Muhammad Nasry,EU,END USER,019490f2-0003-7000-8000-123456789003,CG,Cipta Digital,8000.0,0.0,0.0,0.0,8000.0,8000.0,0.0,8000.0,0.0,0.0,100.0,2026-05-25 17:42:00,2026-05-25 17:42:00,,,-1.0,-1.0,0,0,False,Paid - On Time/Early,1,1,CG-QRIS,QRIS BCA,paid,ENTRY,0,,0,0,0,,2026-10-03 07:00:00,paid,END USER,8000.0,8000.0,8000.0,0.0,0.0,True,False,0.0,Payment date earlier than invoice date,Settled,External Customer,False
019e5ec8-5406-7520-a796-e1cafc1cf45b,GRRA2605250037,2026-05-26 00:01:00.000,2026-05-26 01:01:00.000,paid,,019e5ec7-18cd-7138-82b7-ea76190307dd,USR000215,"Sudharmanto, Sudharmanto",EU,END USER,019490f2-0000-7000-8000-123456789000,GRH,Cipta Graha,60000.0,0.0,0.0,0.0,60000.0,60000.0,0.0,60000.0,0.0,0.0,100.0,2026-05-25 18:11:00,2026-05-25 18:11:00,,,-1.0,-1.0,0,0,False,Paid - On Time/Early,1,1,GRH-FTN,BCA Graha (Fathan),paid,ENTRY,0,,0,0,0,,2026-10-03 07:00:00,paid,END USER,60000.0,60000.0,60000.0,0.0,0.0,True,False,0.0,Payment date earlier than invoice date,Settled,External Customer,False
019e5ef0-2e9c-73ea-aae5-c7616c8ecf13,CGNM2605250014,2026-05-26 00:20:00.000,2026-05-26 01:20:00.000,paid,,019e57f9-4d60-774d-8f8f-9809d925f4e4,INS000375,Muhammad Arifin,INSTANSI,INSTANSI,019490f2-0003-7000-8000-123456789003,CG,Cipta Digital,102000.0,0.0,0.0,0.0,102000.0,102000.0,0.0,102000.0,0.0,0.0,100.0,2026-05-25 18:49:00,2026-05-25 18:49:00,,,-1.0,-1.0,0,0,False,Paid - On Time/Early,1,1,CG-JZM,BCA Jazmi Hamzah,paid,ENTRY,0,,0,0,0,,2026-10-03 07:00:00,paid,INSTANSI,102000.0,102000.0,102000.0,0.0,0.0,True,False,0.0,Payment date earlier than invoice date,Settled,External Customer,False
019e5ef7-f0da-77ba-b5d2-91423c15c03e,PKJA2605250019,2026-05-26 01:48:00.000,2026-05-26 05:48:00.000,paid,,019b91a5-4e3c-71d9-847b-90c9e4ca1e99,IND0003,Pt Etex Building Performance Indonesia,INDUSTRI,INDUSTRI,019b8a09-0bf8-7497-98a0-86a53a78e02f,PWK,Cipta Purwakarta,200000.0,0.0,0.0,0.0,200000.0,200000.0,0.0,200000.0,0.0,0.0,100.0,2026-05-25 18:49:00,2026-05-25 18:49:00,,,-1.0,-1.0,0,0,False,Paid - On Time/Early,1,1,PWK-BCA,BCA PWK,paid,ENTRY,0,,0,0,0,,2026-10-03 07:00:00,paid,INDUSTRI,200000.0,200000.0,200000.0,0.0,0.0,True,False,0.0,Payment date earlier than invoice date,Settled,External Customer,False
019e5f0d-555e-7241-8528-56c95c8d65b6,CGPJ2605250009,2026-05-26 02:12:00.000,2026-05-26 16:47:00.000,paid,,019bfeb4-2ec3-7721-abe5-647fc8b6731e,INS000031,Maura Suaratelaga,INSTANSI,INSTANSI,019490f2-0003-7000-8000-123456789003,CG,Cipta Digital,7480000.0,0.0,0.0,0.0,7480000.0,7480000.0,0.0,7480000.0,0.0,0.0,100.0,2026-05-25 19:12:00,2026-05-26 16:05:00,,,-1.0,0.0,0,0,False,Paid - On Time/Early,2,1,CG-JZM,BCA Jazmi Hamzah,"dp, paid",ENTRY,0,,0,0,0,,2026-10-03 07:00:00,paid,INSTANSI,7480000.0,7480000.0,7480000.0,0.0,0.0,True,False,0.0,Payment date earlier than invoice date,Settled,External Customer,False
019e5f36-0d1f-7549-8bfd-a950245d3625,CGNM2605250018,2026-05-26 02:56:00.000,2026-05-26 03:56:00.000,paid,,019d4c4a-f2ca-755b-add5-f5bba4894ce7,UMK000432,Meta Rosyita,UMKM,UMKM,019490f2-0003-7000-8000-123456789003,CG,Cipta Digital,40000.0,0.0,0.0,0.0,40000.0,40000.0,0.0,40000.0,0.0,0.0,100.0,2026-05-25 19:59:00,2026-05-25 19:59:00,,,-1.0,-1.0,0,0,False,Paid - On Time/Early,1,1,CG-JZM,BCA Jazmi Hamzah,paid,ENTRY,0,,0,0,0,,2026-10-03 07:00:00,paid,UMKM,40000.0,40000.0,40000.0,0.0,0.0,True,False,0.0,Payment date earlier than invoice date,Settled,External Customer,False
019e5f37-b7fc-7467-8d5c-a5b044750bd7,CJFA2605250007,2026-05-26 00:41:00.000,2026-05-26 01:41:00.000,paid,,019b8de1-c6b9-77e8-a27b-1f2106ff9f44,UMK0169,Mentari Cake,UMKM,UMKM,019490f2-0002-7000-8000-123456789002,CNJ,Cipta Cianjur,13000.0,0.0,0.0,0.0,13000.0,13000.0,0.0,13000.0,0.0,0.0,100.0,2026-05-25 21:04:00,2026-05-25 21:04:00,,,-1.0,-1.0,0,0,False,Paid - On Time/Early,1,1,CNJ-CIB,Cash in Box,paid,ENTRY,0,,0,0,0,,2026-10-03 07:00:00,paid,UMKM,13000.0,13000.0,13000.0,0.0,0.0,True,False,0.0,Payment date earlier than invoice date,Settled,External Customer,False
019e6230-4401-7024-9225-2d421488bee0,CJGI2605260004,2026-05-26 15:33:00.000,2026-05-26 16:33:00.000,paid,,019c1d91-00f1-7075-b03f-363ea55078d3,USR000950,Nabila (Nabila),EU,END USER,019490f2-0002-7000-8000-123456789002,CNJ,Cipta Cianjur,163000.0,0.0,0.0,0.0,163000.0,163000.0,0.0,163000.0,0.0,0.0,100.0,2026-05-25 09:52:00,2026-05-25 09:52:00,,,-1.0,-1.0,0,0,False,Paid - On Time/Early,1,1,CNJ-CIB,Cash in Box,paid,ENTRY,0,,0,0,0,,2026-10-03 07:00:00,paid,END USER,163000.0,163000.0,163000.0,0.0,0.0,True,False,0.0,Payment date earlier than invoice date,Settled,External Customer,False
019e62ef-a57b-7038-a703-b65b29fee404,PKAS2605260003,2026-05-26 20:18:00.000,2026-05-27 17:53:00.000,paid,132/PC-PO/SV/V/2026,019b91a5-4e3f-733e-ad4c-09720e1cbb53,IND000064,Pt Solve It,INDUSTRI,INDUSTRI,019b8a09-0bf8-7497-98a0-86a53a78e02f,PWK,Cipta Purwakarta,400000.0,0.0,44000.0,0.0,444000.0,444000.0,0.0,444000.0,0.0,0.0,100.0,2026-05-09 15:21:00,2026-05-09 15:21:00,,,-17.0,-17.0,0,0,False,Paid - On Time/Early,1,1,PWK-BCA,BCA PWK,paid,ENTRY,0,,0,0,0,,2026-10-03 07:00:00,paid,INDUSTRI,444000.0,444000.0,444000.0,0.0,0.0,True,False,0.0,Payment date earlier than invoice date,Settled,External Customer,False
019e6e64-4f89-70e9-b562-b65993281b61,CJFA2605280015,2026-05-29 00:52:00.000,2026-05-29 01:52:00.000,paid,,019c1d91-00f1-7075-b03e-f6572d8f0850,USR000934,Aldi (aldi),EU,END USER,019490f2-0002-7000-8000-123456789002,CNJ,Cipta Cianjur,10000.0,0.0,0.0,0.0,10000.0,10000.0,0.0,10000.0,0.0,0.0,100.0,2026-05-28 20:07:00,2026-05-28 20:07:00,,,-1.0,-1.0,0,0,False,Paid - On Time/Early,1,1,CNJ-CIB,Cash in Box,paid,ENTRY,0,,0,0,0,,2026-10-03 07:00:00,paid,END USER,10000.0,10000.0,10000.0,0.0,0.0,True,False,0.0,Payment date earlier than invoice date,Settled,External Customer,False
019e6e70-a922-76fc-ab89-558eab2b8e96,CGSB2605280006,2026-05-29 01:54:00.000,2026-05-29 02:54:00.000,paid,,019dfca4-b7de-7257-9c15-4a27f0957627,DV000003,Sri Bulan Cahyani,DIVISI,DIVISI,019490f2-0003-7000-8000-123456789003,CG,Cipta Digital,38000.0,0.0,0.0,0.0,38000.0,38000.0,0.0,38000.0,0.0,0.0,100.0,2026-05-28 18:59:00,2026-05-28 18:59:00,,,-1.0,-1.0,0,0,False,Paid - On Time/Early,1,1,CG-JZM,BCA Jazmi Hamzah,paid,ENTRY,0,,0,0,0,,2026-10-03 07:00:00,paid,DIVISI,38000.0,38000.0,38000.0,0.0,0.0,True,False,0.0,Payment date earlier than invoice date,Settled,Internal Division,False
019e6e94-20d1-76be-a80d-f1a4aaa74e04,GRDN2605280030,2026-05-29 02:15:00.000,2026-05-29 03:15:00.000,paid,,019b8c17-258e-76bd-8dcb-670bccf4c044,USR0344,Adi Daya Motor,EU,END USER,019490f2-0000-7000-8000-123456789000,GRH,Cipta Graha,171000.0,0.0,0.0,0.0,171000.0,171000.0,0.0,171000.0,0.0,0.0,100.0,2026-05-28 19:44:00,2026-05-28 19:44:00,,,-1.0,-1.0,0,0,False,Paid - On Time/Early,1,1,GRH-FTN,BCA Graha (Fathan),paid,ENTRY,0,,0,0,0,,2026-10-03 07:00:00,paid,END USER,171000.0,171000.0,171000.0,0.0,0.0,True,False,0.0,Payment date earlier than invoice date,Settled,External Customer,False
019e73b0-0bec-771f-848b-027f67dd08d0,OLLS2605290007,2026-05-30 02:21:00.000,2026-05-30 03:21:00.000,paid,,019e73ae-b9a0-77ed-9d37-4cce6c9c53b0,USR000740,Muti Customer,EU,END USER,019ab8e3-cb41-7087-92ab-c7596e6780f4,OL,Cipta Online,28000.0,0.0,0.0,0.0,28000.0,28000.0,0.0,28000.0,0.0,0.0,100.0,2026-05-29 19:44:00,2026-05-29 19:44:00,,,-1.0,-1.0,0,0,False,Paid - On Time/Early,1,1,OL-FDL,BCA Online,paid,ENTRY,0,,0,0,0,,2026-10-03 07:00:00,paid,END USER,28000.0,28000.0,28000.0,0.0,0.0,True,False,0.0,Payment date earlier than invoice date,Settled,External Customer,False
019e73cd-a078-773f-99e3-7504b958f364,CJFA2605290012,2026-05-30 00:54:00.000,2026-05-30 01:54:00.000,paid,,019b8de1-c6b8-75ba-9066-9b980b633417,UMK0070,Sinar Mulya Ibu,UMKM,UMKM,019490f2-0002-7000-8000-123456789002,CNJ,Cipta Cianjur,45000.0,0.0,0.0,0.0,45000.0,45000.0,0.0,45000.0,0.0,0.0,100.0,2026-05-29 20:10:00,2026-05-29 20:10:00,,,-1.0,-1.0,0,0,False,Paid - On Time/Early,1,1,CNJ-BCA,BCA 2201,paid,ENTRY,0,,0,0,0,,2026-10-03 07:00:00,paid,UMKM,45000.0,45000.0,45000.0,0.0,0.0,True,False,0.0,Payment date earlier than invoice date,Settled,External Customer,False
019e73ce-5360-75d1-bfd3-0d68bebd0beb,CJFA2605290013,2026-05-30 00:54:00.000,2026-05-30 01:54:00.000,paid,,019b8de1-c6b8-75ba-9065-b7e794741d45,UMK0013,Sabore Kitchen,UMKM,UMKM,019490f2-0002-7000-8000-123456789002,CNJ,Cipta Cianjur,30000.0,0.0,0.0,0.0,30000.0,30000.0,0.0,30000.0,0.0,0.0,100.0,2026-05-29 20:09:00,2026-05-29 20:09:00,,,-1.0,-1.0,0,0,False,Paid - On Time/Early,1,1,CNJ-BCA,BCA 2201,paid,ENTRY,0,,0,0,0,,2026-10-03 07:00:00,paid,UMKM,30000.0,30000.0,30000.0,0.0,0.0,True,False,0.0,Payment date earlier than invoice date,Settled,External Customer,False
019e82eb-3a86-73e0-bd7c-2497e8f410f0,CJFA2606010013,2026-06-02 00:38:00.000,2026-06-02 01:38:00.000,paid,,019d8a2d-c19c-7483-8363-6139019aabfe,USR001048,Zam Zam,EU,END USER,019490f2-0002-7000-8000-123456789002,CNJ,Cipta Cianjur,25000.0,0.0,0.0,0.0,25000.0,25000.0,0.0,25000.0,0.0,0.0,100.0,2026-06-01 20:25:00,2026-06-01 20:25:00,,,-1.0,-1.0,0,0,False,Paid - On Time/Early,1,1,CNJ-BCA,BCA 2201,paid,ENTRY,0,,0,0,0,,2026-10-03 07:00:00,paid,END USER,25000.0,25000.0,25000.0,0.0,0.0,True,False,0.0,Payment date earlier than invoice date,Settled,External Customer,False
019e8307-e102-71e1-a56d-95ebff3cb3c2,CJFA2606010014,2026-06-02 00:38:00.000,2026-06-02 01:38:00.000,paid,,019b8de1-c6b8-75ba-9066-c1e67e92ee49,UMK0080,Keripik Nulebay,UMKM,UMKM,019490f2-0002-7000-8000-123456789002,CNJ,Cipta Cianjur,20000.0,0.0,0.0,0.0,20000.0,20000.0,0.0,20000.0,0.0,0.0,100.0,2026-06-01 19:20:00,2026-06-01 19:20:00,,,-1.0,-1.0,0,0,False,Paid - On Time/Early,1,1,CNJ-CIB,Cash in Box,paid,ENTRY,0,,0,0,0,,2026-10-03 07:00:00,paid,UMKM,20000.0,20000.0,20000.0,0.0,0.0,True,False,0.0,Payment date earlier than invoice date,Settled,External Customer,False
019e87fe-9fae-702c-9f5f-294e4caa14a3,PKAB2606020016,2026-06-03 00:56:00.000,2026-06-03 01:56:00.000,paid,,019b91a7-6a12-76db-9ff9-103adc3a3df6,USR02590,Abel (Abel),EU,END USER,019b8a09-0bf8-7497-98a0-86a53a78e02f,PWK,Cipta Purwakarta,5000.0,0.0,0.0,0.0,5000.0,5000.0,0.0,5000.0,0.0,0.0,100.0,2026-06-02 18:01:00,2026-06-02 18:01:00,,,-1.0,-1.0,0,0,False,Paid - On Time/Early,1,1,PWK-CIB,Cash in Box,paid,ENTRY,0,,0,0,0,,2026-10-03 07:00:00,paid,END USER,5000.0,5000.0,5000.0,0.0,0.0,True,False,0.0,Payment date earlier than invoice date,Settled,External Customer,False
019e8829-c01a-760b-9abe-8753d7acba65,CJFA2606020012,2026-06-03 01:47:00.000,2026-06-03 02:47:00.000,paid,,019b8de1-c6ba-72a9-8e2e-51b5f7932491,CG0075,Perc. Raja Stample,AGEN,AGEN,019490f2-0002-7000-8000-123456789002,CNJ,Cipta Cianjur,15000.0,0.0,0.0,0.0,15000.0,15000.0,0.0,15000.0,0.0,0.0,100.0,2026-06-02 18:51:00,2026-06-02 18:51:00,,,-1.0,-1.0,0,0,False,Paid - On Time/Early,1,1,CNJ-CIB,Cash in Box,paid,ENTRY,0,,0,0,0,,2026-10-03 07:00:00,paid,AGEN,15000.0,15000.0,15000.0,0.0,0.0,True,False,0.0,Payment date earlier than invoice date,Settled,External Customer,False
019e882c-8a65-709a-a314-1756816e8f0c,CJFA2606020013,2026-06-03 01:47:00.000,2026-06-03 02:47:00.000,paid,,019b8de1-c6ba-72a9-8e2b-f910898c7ad5,UMK0328,Ilyas Gallery,UMKM,UMKM,019490f2-0002-7000-8000-123456789002,CNJ,Cipta Cianjur,33000.0,0.0,0.0,0.0,33000.0,33000.0,0.0,33000.0,0.0,0.0,100.0,2026-06-02 18:51:00,2026-06-02 18:51:00,,,-1.0,-1.0,0,0,False,Paid - On Time/Early,1,1,CNJ-CIB,Cash in Box,paid,ENTRY,0,,0,0,0,,2026-10-03 07:00:00,paid,UMKM,33000.0,33000.0,33000.0,0.0,0.0,True,False,0.0,Payment date earlier than invoice date,Settled,External Customer,False
019e8845-36b9-77dd-846f-d967c8a4628b,CGEL2606020006,2026-06-03 02:17:00.000,2026-06-03 03:17:00.000,paid,,019e8844-f5a1-749f-8d4f-4aa6f268225b,USR000630,Rt Candra,EU,END USER,019490f2-0003-7000-8000-123456789003,CG,Cipta Digital,85000.0,0.0,0.0,0.0,85000.0,85000.0,0.0,85000.0,0.0,0.0,100.0,2026-06-02 19:18:00,2026-06-02 19:18:00,,,-1.0,-1.0,0,0,False,Paid - On Time/Early,1,1,CG-JZM,BCA Jazmi Hamzah,paid,ENTRY,0,,0,0,0,,2026-10-03 07:00:00,paid,END USER,85000.0,85000.0,85000.0,0.0,0.0,True,False,0.0,Payment date earlier than invoice date,Settled,External Customer,False
019e8845-7b47-7411-ba4c-8f8fff159004,CGEL2606020007,2026-06-03 02:17:00.000,2026-06-03 03:17:00.000,paid,,019b9e2e-816b-7217-910e-9511aa0d2723,EU1179,Riki Budiman,EU,END USER,019490f2-0003-7000-8000-123456789003,CG,Cipta Digital,12000.0,0.0,0.0,0.0,12000.0,12000.0,0.0,12000.0,0.0,0.0,100.0,2026-06-02 19:19:00,2026-06-02 19:19:00,,,-1.0,-1.0,0,0,False,Paid - On Time/Early,1,1,CG-QRIS,QRIS BCA,paid,ENTRY,0,,0,0,0,,2026-10-03 07:00:00,paid,END USER,12000.0,12000.0,12000.0,0.0,0.0,True,False,0.0,Payment date earlier than invoice date,Settled,External Customer,False
019e888c-c561-76bf-ba3b-d41a920e0bf4,CJFA2606020014,2026-06-03 03:35:00.000,2026-06-03 04:35:00.000,paid,,019c1d6d-94e8-762e-a51c-6a95aed0bbb2,USR000706,Selsa Selviana,EU,END USER,019490f2-0002-7000-8000-123456789002,CNJ,Cipta Cianjur,90000.0,0.0,0.0,0.0,90000.0,90000.0,0.0,90000.0,0.0,0.0,100.0,2026-06-02 08:49:00,2026-06-02 08:49:00,,,-1.0,-1.0,0,0,False,Paid - On Time/Early,1,1,CNJ-CIB,Cash in Box,paid,ENTRY,0,,0,0,0,,2026-10-03 07:00:00,paid,END USER,90000.0,90000.0,90000.0,0.0,0.0,True,False,0.0,Payment date earlier than invoice date,Settled,External Customer,False
019e8b5c-b057-72c5-b061-f17b79c56c88,PKMM2605130001,2026-06-03 16:42:00.000,2026-06-03 17:42:00.000,paid,4502367050,019b91a5-4e3d-702c-bb5c-b25d99ca7535,IND0019,Pt Prysmian Cables Indonesia,INDUSTRI,INDUSTRI,019b8a09-0bf8-7497-98a0-86a53a78e02f,PWK,Cipta Purwakarta,2450000.0,0.0,269500.0,0.0,2719500.0,2719500.0,0.0,2719500.0,0.0,0.0,100.0,2026-02-28 14:46:00,2026-02-28 14:46:00,,,-95.0,-95.0,0,0,False,Paid - On Time/Early,1,1,PWK-BCA,BCA PWK,paid,ENTRY,0,,0,0,0,,2026-10-03 07:00:00,paid,INDUSTRI,2719500.0,2719500.0,2719500.0,0.0,0.0,True,False,0.0,Payment date earlier than invoice date,Settled,External Customer,False
019e921a-fcdf-75fb-a149-f97f1adf990f,PKAB2606040012,2026-06-05 00:08:00.000,2026-06-05 03:56:00.000,paid,,019b91a5-4e42-73a9-8abf-5d9b1a21752c,UMK0298,Awanti (Awanti),UMKM,UMKM,019b8a09-0bf8-7497-98a0-86a53a78e02f,PWK,Cipta Purwakarta,300000.0,0.0,0.0,0.0,300000.0,300000.0,0.0,300000.0,0.0,0.0,100.0,2026-06-04 17:08:00,2026-06-17 15:10:00,,,-1.0,12.0,12,0,False,Paid - Late,2,1,PWK-BCA,BCA PWK,"dp, paid",ENTRY,0,,0,0,0,,2026-10-03 07:00:00,paid,UMKM,300000.0,300000.0,300000.0,0.0,0.0,True,False,0.0,Payment date earlier than invoice date,Settled,External Customer,True
019e929c-a879-7170-b391-0028dd15dad8,CJFA2606040014,2026-06-05 02:26:00.000,2026-06-05 03:26:00.000,paid,,019b8de1-c6b9-77e8-a27c-5666a1c0531b,UMK0247,Qintha (Qintha),UMKM,UMKM,019490f2-0002-7000-8000-123456789002,CNJ,Cipta Cianjur,20000.0,0.0,0.0,0.0,20000.0,20000.0,0.0,20000.0,0.0,0.0,100.0,2026-06-04 19:30:00,2026-06-04 19:30:00,,,-1.0,-1.0,0,0,False,Paid - On Time/Early,1,1,CNJ-CIB,Cash in Box,paid,ENTRY,0,,0,0,0,,2026-10-03 07:00:00,paid,UMKM,20000.0,20000.0,20000.0,0.0,0.0,True,False,0.0,Payment date earlier than invoice date,Settled,External Customer,False
019e929d-ccb8-7044-899b-b7c1e63d6965,PKAS2606040006,2026-06-05 02:30:00.000,2026-06-10 22:04:00.000,paid,,019b91a5-4e40-7661-9514-bf51eed90809,EDU0091,Sdn 3 Mulyamekar,SEKOLAH,SEKOLAH,019b8a09-0bf8-7497-98a0-86a53a78e02f,PWK,Cipta Purwakarta,1488000.0,0.0,0.0,0.0,1488000.0,1488000.0,0.0,1488000.0,0.0,0.0,100.0,2026-06-04 19:31:00,2026-06-04 19:31:00,,,-1.0,-1.0,0,0,False,Paid - On Time/Early,1,1,PWK-BCA,BCA PWK,paid,ENTRY,0,,0,0,0,,2026-10-03 07:00:00,paid,SEKOLAH,1488000.0,1488000.0,1488000.0,0.0,0.0,True,False,0.0,Payment date earlier than invoice date,Settled,External Customer,False
019e92a2-ea1c-758b-a71b-ad1ffda68a5b,GRSA2606040032,2026-06-05 00:34:00.000,2026-06-05 01:34:00.000,paid,,019e92a1-f243-766d-bc0d-715b976d5d0b,EDU000007,Alam Unsika,SEKOLAH,SEKOLAH,019490f2-0000-7000-8000-123456789000,GRH,Cipta Graha,150000.0,0.0,0.0,0.0,150000.0,150000.0,0.0,150000.0,0.0,0.0,100.0,2026-06-04 19:38:00,2026-06-04 19:38:00,,,-1.0,-1.0,0,0,False,Paid - On Time/Early,1,1,GRH-CIB,Cash in Box,paid,ENTRY,0,,0,0,0,,2026-10-03 07:00:00,paid,SEKOLAH,150000.0,150000.0,150000.0,0.0,0.0,True,False,0.0,Payment date earlier than invoice date,Settled,External Customer,False
019e92a8-edbe-75bb-a470-af813f3877c1,CGDP2606040015,2026-06-05 00:50:00.000,2026-06-05 01:50:00.000,paid,,019e92a8-a31b-721e-9786-e4d99c0be9a3,UMK000930,Maha Rani,UMKM,UMKM,019490f2-0003-7000-8000-123456789003,CG,Cipta Digital,16000.0,0.0,0.0,0.0,16000.0,16000.0,0.0,16000.0,0.0,0.0,100.0,2026-06-04 19:43:00,2026-06-04 19:43:00,,,-1.0,-1.0,0,0,False,Paid - On Time/Early,1,1,CG-CIB,Cash in Box,paid,ENTRY,0,,0,0,0,,2026-10-03 07:00:00,paid,UMKM,16000.0,16000.0,16000.0,0.0,0.0,True,False,0.0,Payment date earlier than invoice date,Settled,External Customer,False
019e92cc-20f4-7348-b459-2eaced6a15b0,CJYR2606040020,2026-06-05 03:19:00.000,2026-06-05 04:19:00.000,paid,,019e92cb-6446-733a-a3ed-d8e9c870fbff,USR001137,Fikri Suhendar,EU,END USER,019490f2-0002-7000-8000-123456789002,CNJ,Cipta Cianjur,80000.0,0.0,0.0,0.0,80000.0,80000.0,0.0,80000.0,0.0,0.0,100.0,2026-06-04 20:23:00,2026-06-04 20:23:00,,,-1.0,-1.0,0,0,False,Paid - On Time/Early,2,2,"CNJ-BCA, CNJ-CIB","BCA 2201, Cash in Box","paid, partial",ENTRY,0,,0,0,0,,2026-10-03 07:00:00,paid,END USER,80000.0,80000.0,80000.0,0.0,0.0,True,False,0.0,Payment date earlier than invoice date,Settled,External Customer,False
019e9687-bc7d-70ec-bb71-11ab67142106,PKDR2606050002,2026-06-05 20:43:00.000,2026-06-05 21:43:00.000,paid,,019b91a5-4e3c-71d9-847b-4b05e121e1ed,DV0002,Cipta Galuh,DIVISI,DIVISI,019b8a09-0bf8-7497-98a0-86a53a78e02f,PWK,Cipta Purwakarta,504000.0,0.0,0.0,0.0,504000.0,504000.0,0.0,504000.0,0.0,0.0,100.0,2026-05-09 15:04:00,2026-05-09 15:04:00,,,-27.0,-27.0,0,0,False,Paid - On Time/Early,1,1,PWK-BCA,BCA PWK,paid,ENTRY,0,,0,0,0,,2026-10-03 07:00:00,paid,DIVISI,504000.0,504000.0,504000.0,0.0,0.0,True,False,0.0,Payment date earlier than invoice date,Settled,Internal Division,False
019e974f-a4e1-775d-8bc1-2eef9efa4de1,PKAB2606050001,2026-06-06 00:23:00.000,2026-06-06 03:09:00.000,paid,,019b91a5-4e40-7661-9514-70faea4b83f6,EDU0072,Nurul Hikmah 3,SEKOLAH,SEKOLAH,019b8a09-0bf8-7497-98a0-86a53a78e02f,PWK,Cipta Purwakarta,2975000.0,0.0,0.0,0.0,2975000.0,2975000.0,0.0,2975000.0,0.0,0.0,100.0,2026-06-05 17:24:00,2026-06-05 17:24:00,,,-1.0,-1.0,0,0,False,Paid - On Time/Early,1,1,PWK-BCA,BCA PWK,paid,ENTRY,0,,0,0,0,,2026-10-03 07:00:00,paid,SEKOLAH,2975000.0,2975000.0,2975000.0,0.0,0.0,True,False,0.0,Payment date earlier than invoice date,Settled,External Customer,False
019e975c-2dbb-77c9-9c36-c0cf178ef101,CGMP2606050026,2026-06-06 00:21:00.000,2026-06-06 01:21:00.000,paid,,019dbe9e-af0c-7688-840e-219434100ffc,USR000396,Amma Muhammad,EU,END USER,019490f2-0003-7000-8000-123456789003,CG,Cipta Digital,10000.0,0.0,0.0,0.0,10000.0,10000.0,0.0,10000.0,0.0,0.0,100.0,2026-06-05 17:37:00,2026-06-05 17:37:00,,,-1.0,-1.0,0,0,False,Paid - On Time/Early,1,1,CG-CIB,Cash in Box,paid,ENTRY,0,,0,0,0,,2026-10-03 07:00:00,paid,END USER,10000.0,10000.0,10000.0,0.0,0.0,True,False,0.0,Payment date earlier than invoice date,Settled,External Customer,False
019e97a7-3de7-735e-9d83-91c97f0c8d4c,CJFA2606050010,2026-06-06 01:58:00.000,2026-06-06 02:58:00.000,paid,,019b8de1-c6ba-72a9-8e2e-9fe5bc622dbc,CG0094,Falah Kaos,AGEN,AGEN,019490f2-0002-7000-8000-123456789002,CNJ,Cipta Cianjur,9000.0,0.0,0.0,0.0,9000.0,9000.0,0.0,9000.0,0.0,0.0,100.0,2026-06-05 19:30:00,2026-06-05 19:30:00,,,-1.0,-1.0,0,0,False,Paid - On Time/Early,1,1,CNJ-CIB,Cash in Box,paid,ENTRY,0,,0,0,0,,2026-10-03 07:00:00,paid,AGEN,9000.0,9000.0,9000.0,0.0,0.0,True,False,0.0,Payment date earlier than invoice date,Settled,External Customer,False
019e97ac-473d-718c-ace9-cd6224a3fcb6,CJFA2606050011,2026-06-06 01:58:00.000,2026-06-06 02:58:00.000,paid,,019b8de1-c6b9-77e8-a27c-a36099034afb,UMK0266,Rimpang Jsr Teh Lia,UMKM,UMKM,019490f2-0002-7000-8000-123456789002,CNJ,Cipta Cianjur,180000.0,0.0,0.0,0.0,180000.0,180000.0,0.0,180000.0,0.0,0.0,100.0,2026-06-05 19:05:00,2026-06-05 19:05:00,,,-1.0,-1.0,0,0,False,Paid - On Time/Early,1,1,CNJ-BCA,BCA 2201,paid,ENTRY,0,,0,0,0,,2026-10-03 07:00:00,paid,UMKM,180000.0,180000.0,180000.0,0.0,0.0,True,False,0.0,Payment date earlier than invoice date,Settled,External Customer,False
019e97b0-bc4f-709c-a058-9eb89ebf7333,CGMP2606050029,2026-06-06 01:04:00.000,2026-06-06 02:04:00.000,paid,,019e6cf0-1843-761e-ace1-d9181f8c8c7a,INS000390,Alifa Sabrina,INSTANSI,INSTANSI,019490f2-0003-7000-8000-123456789003,CG,Cipta Digital,60000.0,0.0,0.0,0.0,60000.0,60000.0,0.0,60000.0,0.0,0.0,100.0,2026-06-05 19:14:00,2026-06-05 19:14:00,,,-1.0,-1.0,0,0,False,Paid - On Time/Early,1,1,CG-JZM,BCA Jazmi Hamzah,paid,ENTRY,0,,0,0,0,,2026-10-03 07:00:00,paid,INSTANSI,60000.0,60000.0,60000.0,0.0,0.0,True,False,0.0,Payment date earlier than invoice date,Settled,External Customer,False
019e97ba-0dc5-768d-9b68-12bc5373fbcc,PKJA2606050013,2026-06-06 02:20:00.000,2026-06-09 05:15:00.000,paid,,019e95fd-df0d-71e9-b605-0652c246c87b,USR000527,Yadea Purwakarta 033,EU,END USER,019b8a09-0bf8-7497-98a0-86a53a78e02f,PWK,Cipta Purwakarta,820000.0,0.0,0.0,0.0,820000.0,820000.0,0.0,820000.0,0.0,0.0,100.0,2026-06-05 19:20:00,2026-06-05 19:20:00,,,-1.0,-1.0,0,0,False,Paid - On Time/Early,1,1,PWK-BCA,BCA PWK,paid,ENTRY,0,,0,0,0,,2026-10-03 07:00:00,paid,END USER,820000.0,820000.0,820000.0,0.0,0.0,True,False,0.0,Payment date earlier than invoice date,Settled,External Customer,False
019e97e4-317b-725f-af43-10885473acd8,CJFA2606050012,2026-06-06 03:05:00.000,2026-06-06 04:05:00.000,paid,,019b8de1-c6b8-75ba-9066-9b980b633417,UMK0070,Sinar Mulya Ibu,UMKM,UMKM,019490f2-0002-7000-8000-123456789002,CNJ,Cipta Cianjur,50000.0,0.0,0.0,0.0,50000.0,50000.0,0.0,50000.0,0.0,0.0,100.0,2026-06-05 20:06:00,2026-06-05 20:06:00,,,-1.0,-1.0,0,0,False,Paid - On Time/Early,1,1,CNJ-BCA,BCA 2201,paid,ENTRY,0,,0,0,0,,2026-10-03 07:00:00,paid,UMKM,50000.0,50000.0,50000.0,0.0,0.0,True,False,0.0,Payment date earlier than invoice date,Settled,External Customer,False
019e9cba-0337-74cd-97b1-37d87a237904,CJYR2606060020,2026-06-07 01:37:00.000,2026-06-07 02:37:00.000,paid,,019c1d72-0183-741e-91ee-f34ebbce0e73,USR000835,Ika Rahmawati,EU,END USER,019490f2-0002-7000-8000-123456789002,CNJ,Cipta Cianjur,55000.0,0.0,0.0,0.0,55000.0,55000.0,0.0,55000.0,0.0,0.0,100.0,2026-06-06 18:39:00,2026-06-06 18:39:00,,,-1.0,-1.0,0,0,False,Paid - On Time/Early,1,1,CNJ-CIB,Cash in Box,paid,ENTRY,0,,0,0,0,,2026-10-03 07:00:00,paid,END USER,55000.0,55000.0,55000.0,0.0,0.0,True,False,0.0,Payment date earlier than invoice date,Settled,External Customer,False
019e9cba-4724-7120-8af7-e1465e3deb5c,CJYR2606060021,2026-06-07 01:37:00.000,2026-06-07 02:37:00.000,paid,,019b8de1-c6b9-77e8-a27c-4e7eadd10d9c,UMK0245,Yosianty Qirana Bouquet,UMKM,UMKM,019490f2-0002-7000-8000-123456789002,CNJ,Cipta Cianjur,10000.0,0.0,0.0,0.0,10000.0,10000.0,0.0,10000.0,0.0,0.0,100.0,2026-06-06 18:40:00,2026-06-06 18:40:00,,,-1.0,-1.0,0,0,False,Paid - On Time/Early,1,1,CNJ-CIB,Cash in Box,paid,ENTRY,0,,0,0,0,,2026-10-03 07:00:00,paid,UMKM,10000.0,10000.0,10000.0,0.0,0.0,True,False,0.0,Payment date earlier than invoice date,Settled,External Customer,False
019e9cd2-001e-75e0-9084-03c35c003837,CJFU2606060009,2026-06-07 02:04:00.000,2026-06-07 03:04:00.000,paid,,019b8de1-c6bb-707a-8730-65a0e5cc803b,CG0188,Perc. Sulton Design,AGEN,AGEN,019490f2-0002-7000-8000-123456789002,CNJ,Cipta Cianjur,6000.0,0.0,0.0,0.0,6000.0,6000.0,0.0,6000.0,0.0,0.0,100.0,2026-06-06 19:11:00,2026-06-06 19:11:00,,,-1.0,-1.0,0,0,False,Paid - On Time/Early,1,1,CNJ-CIB,Cash in Box,paid,ENTRY,0,,0,0,0,,2026-10-03 07:00:00,paid,AGEN,6000.0,6000.0,6000.0,0.0,0.0,True,False,0.0,Payment date earlier than invoice date,Settled,External Customer,False
019ea010-46bc-7351-b875-46c8c92ba8b5,CJRR2604280016,2026-06-07 17:10:00.000,2026-06-16 16:43:00.000,paid,,019c1cb9-7a12-740e-bfde-185b876d44f2,EDU000042,SDN Budidaya Kadupandak,SEKOLAH,SEKOLAH,019490f2-0002-7000-8000-123456789002,CNJ,Cipta Cianjur,940000.0,0.0,0.0,0.0,940000.0,940000.0,0.0,940000.0,0.0,0.0,100.0,2026-06-06 10:11:00,2026-06-19 11:59:00,,,-1.0,12.0,3,0,False,Paid - Late,2,1,CNJ-BCA,BCA 2201,"dp, paid",ENTRY,0,,0,0,0,,2026-10-03 07:00:00,paid,SEKOLAH,940000.0,940000.0,940000.0,0.0,0.0,True,False,0.0,Payment date earlier than invoice date,Settled,External Customer,True
019ea188-6068-741b-8395-fb991d5a21cb,CJRR2606070018,2026-06-08 00:01:00.000,2026-06-08 01:01:00.000,paid,,019b8de1-c6ba-72a9-8e2e-b99e515d767e,CG0101,Iheng Sablon,AGEN,AGEN,019490f2-0002-7000-8000-123456789002,CNJ,Cipta Cianjur,14000.0,0.0,0.0,0.0,14000.0,14000.0,0.0,14000.0,0.0,0.0,100.0,2026-06-07 17:02:00,2026-06-07 17:02:00,,,-1.0,-1.0,0,0,False,Paid - On Time/Early,1,1,CNJ-CIB,Cash in Box,paid,ENTRY,0,,0,0,0,,2026-10-03 07:00:00,paid,AGEN,14000.0,14000.0,14000.0,0.0,0.0,True,False,0.0,Payment date earlier than invoice date,Settled,External Customer,False
019ea190-3f21-7648-8714-461d1cee0f53,CJRR2606070020,2026-06-08 00:10:00.000,2026-06-08 01:10:00.000,paid,,019b8de1-c6ba-72a9-8e2e-4bac9ac0d73c,CG0073,Perc. Agam Nazwa Digital,AGEN,AGEN,019490f2-0002-7000-8000-123456789002,CNJ,Cipta Cianjur,10000.0,0.0,0.0,0.0,10000.0,10000.0,0.0,10000.0,0.0,0.0,100.0,2026-06-07 17:10:00,2026-06-07 17:10:00,,,-1.0,-1.0,0,0,False,Paid - On Time/Early,1,1,CNJ-CIB,Cash in Box,paid,ENTRY,0,,0,0,0,,2026-10-03 07:00:00,paid,AGEN,10000.0,10000.0,10000.0,0.0,0.0,True,False,0.0,Payment date earlier than invoice date,Settled,External Customer,False
019eab10-268a-7576-ad84-02709bce6c85,PKAS2605260009,2026-06-09 20:26:00.000,2026-06-09 21:26:00.000,paid,59861,019d65ca-cb68-7179-8dd0-5731c673e10e,IND000025,Pt. Hino Motors Manufacturing Indonesia,INDUSTRI,INDUSTRI,019b8a09-0bf8-7497-98a0-86a53a78e02f,PWK,Cipta Purwakarta,1740000.0,0.0,191400.0,0.0,1931400.0,1931400.0,0.0,1931400.0,0.0,0.0,100.0,2026-05-31 14:51:00,2026-05-31 14:51:00,,,-9.0,-9.0,0,0,False,Paid - On Time/Early,1,1,PWK-BCA,BCA PWK,paid,ENTRY,0,,0,0,0,,2026-10-03 07:00:00,paid,INDUSTRI,1931400.0,1931400.0,1931400.0,0.0,0.0,True,False,0.0,Payment date earlier than invoice date,Settled,External Customer,False
019eabd8-41cb-75e9-9649-bf89071c359c,PKJA2606090013,2026-06-10 00:03:00.000,2026-06-10 01:03:00.000,paid,,019b91a5-4e40-7661-9515-78d0c20809c7,UMK0014,Ahmad (Ahmad),UMKM,UMKM,019b8a09-0bf8-7497-98a0-86a53a78e02f,PWK,Cipta Purwakarta,9000.0,0.0,0.0,0.0,9000.0,9000.0,0.0,9000.0,0.0,0.0,100.0,2026-06-09 17:05:00,2026-06-09 17:05:00,,,-1.0,-1.0,0,0,False,Paid - On Time/Early,1,1,PWK-CIB,Cash in Box,paid,ENTRY,0,,0,0,0,,2026-10-03 07:00:00,paid,UMKM,9000.0,9000.0,9000.0,0.0,0.0,True,False,0.0,Payment date earlier than invoice date,Settled,External Customer,False
019eabda-fd20-7580-9dd9-2fcb57c69192,GRSA2606090022,2026-06-10 00:08:00.000,2026-06-10 01:08:00.000,partial,,019b8c17-258e-76bd-8dcb-bf745c34d701,USR0366,Zakaria (Zakaria),EU,END USER,019490f2-0000-7000-8000-123456789000,GRH,Cipta Graha,375000.0,0.0,0.0,0.0,375000.0,150000.0,0.0,150000.0,225000.0,0.0,40.0,2026-06-09 17:09:00,2026-06-09 17:09:00,,,-1.0,,0,115,True,Partially Paid - Overdue,1,1,GRH-CIB,Cash in Box,partial,ENTRY,0,,0,0,0,,2026-10-03 07:00:00,partial,END USER,375000.0,150000.0,150000.0,225000.0,0.0,False,True,225000.0,Payment date earlier than invoice date,90+ Days,External Customer,False
019eabdc-bbcc-76e4-b24b-2c41a902862d,PKJA2606090014,2026-06-10 00:03:00.000,2026-06-10 01:03:00.000,paid,,019b91a5-4e42-73a9-8abe-992640388071,UMK0249,Salbean Park,UMKM,UMKM,019b8a09-0bf8-7497-98a0-86a53a78e02f,PWK,Cipta Purwakarta,12000.0,0.0,0.0,0.0,12000.0,12000.0,0.0,12000.0,0.0,0.0,100.0,2026-06-09 17:10:00,2026-06-09 17:10:00,,,-1.0,-1.0,0,0,False,Paid - On Time/Early,1,1,PWK-BCA,BCA PWK,paid,ENTRY,0,,0,0,0,,2026-10-03 07:00:00,paid,UMKM,12000.0,12000.0,12000.0,0.0,0.0,True,False,0.0,Payment date earlier than invoice date,Settled,External Customer,False
019eabef-2887-774e-bb3b-9b8a11735b79,PKJA2606090015,2026-06-10 00:03:00.000,2026-06-10 01:03:00.000,paid,,019eabee-5d69-75ae-bc66-d1ad9e69fa1f,UMK000080,Kedai Ldr,UMKM,UMKM,019b8a09-0bf8-7497-98a0-86a53a78e02f,PWK,Cipta Purwakarta,377000.0,75400.0,0.0,0.0,301600.0,301600.0,0.0,301600.0,0.0,0.0,100.0,2026-06-09 19:25:00,2026-06-09 19:25:00,,,-1.0,-1.0,0,0,False,Paid - On Time/Early,1,1,PWK-BCA,BCA PWK,paid,ENTRY,0,,0,0,0,,2026-10-03 07:00:00,paid,UMKM,301600.0,301600.0,301600.0,0.0,0.0,True,False,0.0,Payment date earlier than invoice date,Settled,External Customer,False
019eabf7-be14-708e-bc71-46df08e9a30b,PKJA2606090016,2026-06-10 00:38:00.000,2026-06-10 01:38:00.000,paid,,019b91a5-4e42-73a9-8abf-25422d3f4351,UMK0284,Arofah (Arofah),UMKM,UMKM,019b8a09-0bf8-7497-98a0-86a53a78e02f,PWK,Cipta Purwakarta,27000.0,0.0,0.0,0.0,27000.0,27000.0,0.0,27000.0,0.0,0.0,100.0,2026-06-09 19:24:00,2026-06-09 19:24:00,,,-1.0,-1.0,0,0,False,Paid - On Time/Early,1,1,PWK-CIB,Cash in Box,paid,ENTRY,0,,0,0,0,,2026-10-03 07:00:00,paid,UMKM,27000.0,27000.0,27000.0,0.0,0.0,True,False,0.0,Payment date earlier than invoice date,Settled,External Customer,False
019eac07-e32e-71d9-8d9e-10cb3e5f637e,CGRD2606090007,2026-06-10 00:55:00.000,2026-06-10 01:55:00.000,paid,,019d4723-5178-714e-8f85-0d1a017b53df,UMK000421,Tania Tm,UMKM,UMKM,019490f2-0003-7000-8000-123456789003,CG,Cipta Digital,27000.0,0.0,0.0,0.0,27000.0,27000.0,0.0,27000.0,0.0,0.0,100.0,2026-06-09 17:57:00,2026-06-09 17:57:00,,,-1.0,-1.0,0,0,False,Paid - On Time/Early,1,1,CG-CIB,Cash in Box,paid,ENTRY,0,,0,0,0,,2026-10-03 07:00:00,paid,UMKM,27000.0,27000.0,27000.0,0.0,0.0,True,False,0.0,Payment date earlier than invoice date,Settled,External Customer,False
019eac0d-0105-7162-a15c-4bfe287ff86a,PKJA2606090018,2026-06-10 00:38:00.000,2026-06-10 01:38:00.000,paid,,019b91a7-6a0e-754f-8010-5c7b6b045025,USR01847,Awa (Awa),EU,END USER,019b8a09-0bf8-7497-98a0-86a53a78e02f,PWK,Cipta Purwakarta,95000.0,0.0,0.0,0.0,95000.0,95000.0,0.0,95000.0,0.0,0.0,100.0,2026-06-09 19:03:00,2026-06-09 19:03:00,,,-1.0,-1.0,0,0,False,Paid - On Time/Early,1,1,PWK-CIB,Cash in Box,paid,ENTRY,0,,0,0,0,,2026-10-03 07:00:00,paid,END USER,95000.0,95000.0,95000.0,0.0,0.0,True,False,0.0,Payment date earlier than invoice date,Settled,External Customer,False
019eac1c-4f09-7031-ba69-713be7bb0f85,CGNM2606090028,2026-06-10 01:16:00.000,2026-06-10 02:16:00.000,paid,,019b9e35-f77a-7522-9c85-e4f4f52fb9f9,EU4677,Pt Global Pratama Powerindo,EU,END USER,019490f2-0003-7000-8000-123456789003,CG,Cipta Digital,205000.0,0.0,0.0,0.0,205000.0,205000.0,0.0,205000.0,0.0,0.0,100.0,2026-06-09 18:27:00,2026-06-09 18:27:00,,,-1.0,-1.0,0,0,False,Paid - On Time/Early,1,1,CG-JZM,BCA Jazmi Hamzah,paid,ENTRY,0,,0,0,0,,2026-10-03 07:00:00,paid,END USER,205000.0,205000.0,205000.0,0.0,0.0,True,False,0.0,Payment date earlier than invoice date,Settled,External Customer,False
019eac1f-0fba-746c-a178-ef850bc123f9,PKJA2606090019,2026-06-10 01:22:00.000,2026-06-10 02:22:00.000,paid,,019b91a5-4e40-7661-9513-cc995afbd6ce,EDU0029,Smpit Cendikia,SEKOLAH,SEKOLAH,019b8a09-0bf8-7497-98a0-86a53a78e02f,PWK,Cipta Purwakarta,19000.0,0.0,0.0,0.0,19000.0,19000.0,0.0,19000.0,0.0,0.0,100.0,2026-06-09 18:22:00,2026-06-09 18:22:00,,,-1.0,-1.0,0,0,False,Paid - On Time/Early,1,1,PWK-CIB,Cash in Box,paid,ENTRY,0,,0,0,0,,2026-10-03 07:00:00,paid,SEKOLAH,19000.0,19000.0,19000.0,0.0,0.0,True,False,0.0,Payment date earlier than invoice date,Settled,External Customer,False
019eac38-0f07-74bb-80cb-43c2076746fd,PKJA2606090020,2026-06-10 01:49:00.000,2026-06-10 02:49:00.000,paid,,019b91a5-4e42-73a9-8ac3-abe6ff0fd5f0,UMK0573,Rini (Rini),UMKM,UMKM,019b8a09-0bf8-7497-98a0-86a53a78e02f,PWK,Cipta Purwakarta,120000.0,0.0,0.0,0.0,120000.0,120000.0,0.0,120000.0,0.0,0.0,100.0,2026-06-09 18:50:00,2026-06-09 18:50:00,,,-1.0,-1.0,0,0,False,Paid - On Time/Early,1,1,PWK-BCA,BCA PWK,paid,ENTRY,0,,0,0,0,,2026-10-03 07:00:00,paid,UMKM,120000.0,120000.0,120000.0,0.0,0.0,True,False,0.0,Payment date earlier than invoice date,Settled,External Customer,False
019eac4d-ede2-7089-8a41-f3f57bd49967,CJFA2606090011,2026-06-10 01:47:00.000,2026-06-10 02:47:00.000,paid,,019b8de1-c6b8-75ba-9064-33444662cc3e,INS0025,Jitu 300 Shooting And Hunting Club,INSTANSI,INSTANSI,019490f2-0002-7000-8000-123456789002,CNJ,Cipta Cianjur,10000.0,0.0,0.0,0.0,10000.0,10000.0,0.0,10000.0,0.0,0.0,100.0,2026-06-09 20:35:00,2026-06-09 20:35:00,,,-1.0,-1.0,0,0,False,Paid - On Time/Early,1,1,CNJ-CIB,Cash in Box,paid,ENTRY,0,,0,0,0,,2026-10-03 07:00:00,paid,INSTANSI,10000.0,10000.0,10000.0,0.0,0.0,True,False,0.0,Payment date earlier than invoice date,Settled,External Customer,False
019eac54-e4b3-7182-87c9-7a4c0e6ea124,PKJA2606090021,2026-06-10 01:49:00.000,2026-06-10 02:49:00.000,paid,,019b91a5-4e42-73a9-8ac3-968dc06dbb7e,UMK0568,Risky (Risky),UMKM,UMKM,019b8a09-0bf8-7497-98a0-86a53a78e02f,PWK,Cipta Purwakarta,180000.0,0.0,0.0,0.0,180000.0,180000.0,0.0,180000.0,0.0,0.0,100.0,2026-06-09 19:21:00,2026-06-09 19:21:00,,,-1.0,-1.0,0,0,False,Paid - On Time/Early,1,1,PWK-CIB,Cash in Box,paid,ENTRY,0,,0,0,0,,2026-10-03 07:00:00,paid,UMKM,180000.0,180000.0,180000.0,0.0,0.0,True,False,0.0,Payment date earlier than invoice date,Settled,External Customer,False
019eac68-ac91-721e-8f06-08217ae0ccf6,PKJA2606090022,2026-06-10 01:49:00.000,2026-06-10 02:49:00.000,paid,,019b91a5-4e40-7661-9515-e51b951495d4,UMK0041,Dea (Dea),UMKM,UMKM,019b8a09-0bf8-7497-98a0-86a53a78e02f,PWK,Cipta Purwakarta,117000.0,0.0,0.0,0.0,117000.0,117000.0,0.0,117000.0,0.0,0.0,100.0,2026-06-09 20:05:00,2026-06-09 20:05:00,,,-1.0,-1.0,0,0,False,Paid - On Time/Early,1,1,PWK-BCA,BCA PWK,paid,ENTRY,0,,0,0,0,,2026-10-03 07:00:00,paid,UMKM,117000.0,117000.0,117000.0,0.0,0.0,True,False,0.0,Payment date earlier than invoice date,Settled,External Customer,False
019eac99-e5ce-71df-a48e-95aaa4788758,CJFA2606090014,2026-06-10 01:47:00.000,2026-06-10 02:47:00.000,paid,,019c1d69-ca88-74ed-824c-5cbdc83adb8c,USR000617,Sofi (Sofi),EU,END USER,019490f2-0002-7000-8000-123456789002,CNJ,Cipta Cianjur,18000.0,0.0,0.0,0.0,18000.0,18000.0,0.0,18000.0,0.0,0.0,100.0,2026-06-09 21:15:00,2026-06-09 21:15:00,,,-1.0,-1.0,0,0,False,Paid - On Time/Early,1,1,CNJ-CIB,Cash in Box,paid,ENTRY,0,,0,0,0,,2026-10-03 07:00:00,paid,END USER,18000.0,18000.0,18000.0,0.0,0.0,True,False,0.0,Payment date earlier than invoice date,Settled,External Customer,False
019eac9c-36c6-73dd-8a80-88d1cbddf11c,CJFA2606090015,2026-06-10 01:47:00.000,2026-06-10 02:47:00.000,paid,,019e6310-a5b0-76fb-bc6c-969c964b42a9,UMK000045,Dapur Hana,UMKM,UMKM,019490f2-0002-7000-8000-123456789002,CNJ,Cipta Cianjur,3000.0,0.0,0.0,0.0,3000.0,3000.0,0.0,3000.0,0.0,0.0,100.0,2026-06-09 20:39:00,2026-06-09 20:39:00,,,-1.0,-1.0,0,0,False,Paid - On Time/Early,1,1,CNJ-CIB,Cash in Box,paid,ENTRY,0,,0,0,0,,2026-10-03 07:00:00,paid,UMKM,3000.0,3000.0,3000.0,0.0,0.0,True,False,0.0,Payment date earlier than invoice date,Settled,External Customer,False
019eacbd-7b9a-7024-b043-ce6735b13cc1,CJYR2606090015,2026-06-10 04:15:00.000,2026-06-10 05:15:00.000,paid,,019b8de1-c6b9-77e8-a27a-576550bd8337,UMK0119,Abay Sablon,UMKM,UMKM,019490f2-0002-7000-8000-123456789002,CNJ,Cipta Cianjur,4000.0,0.0,0.0,0.0,4000.0,4000.0,0.0,4000.0,0.0,0.0,100.0,2026-06-09 21:16:00,2026-06-09 21:16:00,,,-1.0,-1.0,0,0,False,Paid - On Time/Early,1,1,CNJ-CIB,Cash in Box,paid,ENTRY,0,,0,0,0,,2026-10-03 07:00:00,paid,UMKM,4000.0,4000.0,4000.0,0.0,0.0,True,False,0.0,Payment date earlier than invoice date,Settled,External Customer,False
019eb10f-4770-75b5-a880-08b54c336233,PKJA2606100022,2026-06-11 00:22:00.000,2026-06-11 01:22:00.000,paid,,019b91a5-4e42-73a9-8ac2-2439c8cd8898,UMK0476,Arena Kopi,UMKM,UMKM,019b8a09-0bf8-7497-98a0-86a53a78e02f,PWK,Cipta Purwakarta,60000.0,0.0,0.0,0.0,60000.0,60000.0,0.0,60000.0,0.0,0.0,100.0,2026-06-10 18:03:00,2026-06-10 18:03:00,,,-1.0,-1.0,0,0,False,Paid - On Time/Early,1,1,PWK-CIB,Cash in Box,paid,ENTRY,0,,0,0,0,,2026-10-03 07:00:00,paid,UMKM,60000.0,60000.0,60000.0,0.0,0.0,True,False,0.0,Payment date earlier than invoice date,Settled,External Customer,False
019eb116-5975-72ec-a047-1d14a7489325,PKJA2606100023,2026-06-11 00:22:00.000,2026-06-11 01:22:00.000,paid,,019b91a7-6a11-735e-8719-43e6cecd7a79,USR02435,Rizka (Rizka),EU,END USER,019b8a09-0bf8-7497-98a0-86a53a78e02f,PWK,Cipta Purwakarta,80000.0,0.0,0.0,0.0,80000.0,80000.0,0.0,80000.0,0.0,0.0,100.0,2026-06-10 18:29:00,2026-06-10 18:29:00,,,-1.0,-1.0,0,0,False,Paid - On Time/Early,1,1,PWK-BCA,BCA PWK,paid,ENTRY,0,,0,0,0,,2026-10-03 07:00:00,paid,END USER,80000.0,80000.0,80000.0,0.0,0.0,True,False,0.0,Payment date earlier than invoice date,Settled,External Customer,False
019eb121-581f-7361-b024-d732409664a1,CGMR2606100008,2026-06-11 00:42:00.000,2026-06-11 01:42:00.000,paid,,019dc2ee-1eec-771d-a615-ab0d0376eb51,UMK000600,Bp Edi,UMKM,UMKM,019490f2-0003-7000-8000-123456789003,CG,Cipta Digital,40000.0,0.0,0.0,0.0,40000.0,40000.0,0.0,40000.0,0.0,0.0,100.0,2026-06-10 17:43:00,2026-06-10 17:43:00,,,-1.0,-1.0,0,0,False,Paid - On Time/Early,1,1,CG-CIB,Cash in Box,paid,ENTRY,0,,0,0,0,,2026-10-03 07:00:00,paid,UMKM,40000.0,40000.0,40000.0,0.0,0.0,True,False,0.0,Payment date earlier than invoice date,Settled,External Customer,False
019eb125-e93d-77b3-921b-974a94cbd4f2,PKJA2606100024,2026-06-11 00:22:00.000,2026-06-11 01:22:00.000,paid,,019b91a5-4e43-76fd-ab9e-5806e9f4df64,UMK0575,Putri (Putri),UMKM,UMKM,019b8a09-0bf8-7497-98a0-86a53a78e02f,PWK,Cipta Purwakarta,60000.0,0.0,0.0,0.0,60000.0,60000.0,0.0,60000.0,0.0,0.0,100.0,2026-06-10 18:45:00,2026-06-10 18:45:00,,,-1.0,-1.0,0,0,False,Paid - On Time/Early,1,1,PWK-BCA,BCA PWK,paid,ENTRY,0,,0,0,0,,2026-10-03 07:00:00,paid,UMKM,60000.0,60000.0,60000.0,0.0,0.0,True,False,0.0,Payment date earlier than invoice date,Settled,External Customer,False
019eb129-ce71-7487-b0f3-aa5dabb8bd26,PKJA2606100025,2026-06-11 00:22:00.000,2026-06-11 01:22:00.000,paid,,019b91a5-4e40-7661-9515-78d0c20809c7,UMK0014,Ahmad (Ahmad),UMKM,UMKM,019b8a09-0bf8-7497-98a0-86a53a78e02f,PWK,Cipta Purwakarta,18000.0,0.0,0.0,0.0,18000.0,18000.0,0.0,18000.0,0.0,0.0,100.0,2026-06-10 17:52:00,2026-06-10 17:52:00,,,-1.0,-1.0,0,0,False,Paid - On Time/Early,1,1,PWK-CIB,Cash in Box,paid,ENTRY,0,,0,0,0,,2026-10-03 07:00:00,paid,UMKM,18000.0,18000.0,18000.0,0.0,0.0,True,False,0.0,Payment date earlier than invoice date,Settled,External Customer,False
019eb12a-2272-71ad-bc26-d9b1741c0974,CGMR2606100009,2026-06-11 00:42:00.000,2026-06-11 01:42:00.000,paid,,019eb129-801c-7598-b28a-7e5664c84f5a,INS000432,Jodi Jodi,INSTANSI,INSTANSI,019490f2-0003-7000-8000-123456789003,CG,Cipta Digital,95000.0,0.0,0.0,0.0,95000.0,95000.0,0.0,95000.0,0.0,0.0,100.0,2026-06-10 17:53:00,2026-06-10 17:53:00,,,-1.0,-1.0,0,0,False,Paid - On Time/Early,1,1,CG-QRIS,QRIS BCA,paid,ENTRY,0,,0,0,0,,2026-10-03 07:00:00,paid,INSTANSI,95000.0,95000.0,95000.0,0.0,0.0,True,False,0.0,Payment date earlier than invoice date,Settled,External Customer,False
019eb141-505c-7505-a618-5a383a6b81f1,CGMR2606100010,2026-06-11 00:42:00.000,2026-06-11 01:42:00.000,paid,,019b9e2b-9f2f-7054-b701-9301c6030df4,EU0751,Sds Pemulihan,EU,END USER,019490f2-0003-7000-8000-123456789003,CG,Cipta Digital,12000.0,0.0,0.0,0.0,12000.0,12000.0,0.0,12000.0,0.0,0.0,100.0,2026-06-10 18:18:00,2026-06-10 18:18:00,,,-1.0,-1.0,0,0,False,Paid - On Time/Early,1,1,CG-QRIS,QRIS BCA,paid,ENTRY,0,,0,0,0,,2026-10-03 07:00:00,paid,END USER,12000.0,12000.0,12000.0,0.0,0.0,True,False,0.0,Payment date earlier than invoice date,Settled,External Customer,False
019eb141-bd16-70c9-ae91-435704f487f7,PKJA2606100026,2026-06-11 00:22:00.000,2026-06-11 01:22:00.000,paid,,019c6a29-ee34-73c5-88e4-43251f638c13,UMK000061,Knb Coffee Shop,UMKM,UMKM,019b8a09-0bf8-7497-98a0-86a53a78e02f,PWK,Cipta Purwakarta,180000.0,0.0,0.0,0.0,180000.0,180000.0,0.0,180000.0,0.0,0.0,100.0,2026-06-10 19:16:00,2026-06-10 19:16:00,,,-1.0,-1.0,0,0,False,Paid - On Time/Early,1,1,PWK-CIB,Cash in Box,paid,ENTRY,0,,0,0,0,,2026-10-03 07:00:00,paid,UMKM,180000.0,180000.0,180000.0,0.0,0.0,True,False,0.0,Payment date earlier than invoice date,Settled,External Customer,False
019eb151-ff7f-702e-ad7e-2776a185e5a4,PKJA2606100012,2026-06-11 01:36:00.000,2026-06-14 03:24:00.000,paid,,019b91a5-4e40-7661-9516-67d75fed0ef8,UMK0073,Mersia (Mersia),UMKM,UMKM,019b8a09-0bf8-7497-98a0-86a53a78e02f,PWK,Cipta Purwakarta,1459200.0,0.0,0.0,0.0,1459200.0,1459200.0,0.0,1459200.0,0.0,0.0,100.0,2026-06-10 18:36:00,2026-06-13 17:08:00,,,-1.0,2.0,0,0,False,Paid - On Time/Early,2,1,PWK-BCA,BCA PWK,"dp, paid",ENTRY,0,,0,0,0,,2026-10-03 07:00:00,paid,UMKM,1459200.0,1459200.0,1459200.0,0.0,0.0,True,False,0.0,Payment date earlier than invoice date,Settled,External Customer,False
019eb164-a8d8-775d-a165-3351ffe1a896,CGMR2606100012,2026-06-11 00:42:00.000,2026-06-11 01:42:00.000,paid,,019b9e2b-9f30-70e4-bf78-3ccb19a159c0,UMK001108,Edy Primagama,UMKM,UMKM,019490f2-0003-7000-8000-123456789003,CG,Cipta Digital,435000.0,0.0,0.0,0.0,435000.0,435000.0,0.0,435000.0,0.0,0.0,100.0,2026-06-10 18:58:00,2026-06-10 18:58:00,,,-1.0,-1.0,0,0,False,Paid - On Time/Early,1,1,CG-CIB,Cash in Box,paid,ENTRY,0,,0,0,0,,2026-10-03 07:00:00,paid,UMKM,435000.0,435000.0,435000.0,0.0,0.0,True,False,0.0,Payment date earlier than invoice date,Settled,External Customer,False
019eb17d-4898-777a-80cb-7751d8cd7fcc,CGMR2606100014,2026-06-11 00:42:00.000,2026-06-11 01:42:00.000,paid,,019eb17c-b882-7372-8988-72577624f2a9,EDU000058,Riska Riska,SEKOLAH,SEKOLAH,019490f2-0003-7000-8000-123456789003,CG,Cipta Digital,24000.0,0.0,0.0,0.0,24000.0,24000.0,0.0,24000.0,0.0,0.0,100.0,2026-06-10 19:24:00,2026-06-10 19:24:00,,,-1.0,-1.0,0,0,False,Paid - On Time/Early,1,1,CG-CIB,Cash in Box,paid,ENTRY,0,,0,0,0,,2026-10-03 07:00:00,paid,SEKOLAH,24000.0,24000.0,24000.0,0.0,0.0,True,False,0.0,Payment date earlier than invoice date,Settled,External Customer,False
019eb185-be81-719b-9e26-64cec8e917a5,CGMR2606100015,2026-06-11 00:42:00.000,2026-06-11 01:42:00.000,paid,,019eb184-980b-734c-8d5d-7ef5665a88fa,IND000082,Grandy Grandy,INDUSTRI,INDUSTRI,019490f2-0003-7000-8000-123456789003,CG,Cipta Digital,350000.0,0.0,0.0,0.0,350000.0,350000.0,0.0,350000.0,0.0,0.0,100.0,2026-06-10 19:33:00,2026-06-10 19:33:00,,,-1.0,-1.0,0,0,False,Paid - On Time/Early,1,1,CG-CIB,Cash in Box,paid,ENTRY,0,,0,0,0,,2026-10-03 07:00:00,paid,INDUSTRI,350000.0,350000.0,350000.0,0.0,0.0,True,False,0.0,Payment date earlier than invoice date,Settled,External Customer,False
019eb626-0cb8-71b8-8bd7-b308441712e0,OLLS2606110005,2026-06-12 00:01:00.000,2026-06-12 01:01:00.000,paid,,019bd422-5dec-76ea-a14e-79d4349c5ef0,UMK000001,Chicken noki,UMKM,UMKM,019ab8e3-cb41-7087-92ab-c7596e6780f4,OL,Cipta Online,54000.0,0.0,0.0,0.0,54000.0,54000.0,0.0,54000.0,0.0,0.0,100.0,2026-06-11 18:25:00,2026-06-11 18:25:00,,,-1.0,-1.0,0,0,False,Paid - On Time/Early,1,1,OL-FDL,BCA Online,paid,ENTRY,0,,0,0,0,,2026-10-03 07:00:00,paid,UMKM,54000.0,54000.0,54000.0,0.0,0.0,True,False,0.0,Payment date earlier than invoice date,Settled,External Customer,False
019eb627-24fd-716a-bd37-3f87275292b1,GRDN2606110015,2026-06-12 00:05:00.000,2026-06-12 01:05:00.000,dp,,019bdb79-e86a-709e-aee2-27584671c29d,EDU000001,Arma KJ1,SEKOLAH,SEKOLAH,019490f2-0000-7000-8000-123456789000,GRH,Cipta Graha,176000.0,0.0,0.0,0.0,176000.0,100000.0,0.0,100000.0,76000.0,0.0,56.82,2026-06-11 17:08:00,2026-06-11 17:08:00,,,-1.0,,0,113,True,Partially Paid - Overdue,1,1,GRH-CIB,Cash in Box,dp,ENTRY,0,,0,0,0,,2026-10-03 07:00:00,dp,SEKOLAH,176000.0,100000.0,100000.0,76000.0,0.0,False,True,76000.0,Payment date earlier than invoice date,90+ Days,External Customer,False
019eb669-3765-74f9-8530-29bec1bb1c7f,CGSB2606110007,2026-06-12 01:05:00.000,2026-06-12 02:05:00.000,paid,,019eb668-9802-760d-a023-97269e010861,USR000683,Muhammad Raditiyan Fajri,EU,END USER,019490f2-0003-7000-8000-123456789003,CG,Cipta Digital,525000.0,0.0,0.0,0.0,525000.0,525000.0,0.0,525000.0,0.0,0.0,100.0,2026-06-11 18:20:00,2026-06-14 14:29:00,,,-1.0,2.0,2,0,False,Paid - Late,2,1,CG-CIB,Cash in Box,"dp, paid",ENTRY,0,,0,0,0,,2026-10-03 07:00:00,paid,END USER,525000.0,525000.0,525000.0,0.0,0.0,True,False,0.0,Payment date earlier than invoice date,Settled,External Customer,True
019eb69e-c197-72df-82a9-59c45732c504,CGSB2606110006,2026-06-12 02:18:00.000,2026-06-12 03:18:00.000,paid,,019b9e35-f78d-705d-9904-5f78faec3f38,EU5317,PT. Primero Raya Abadi,EU,END USER,019490f2-0003-7000-8000-123456789003,CG,Cipta Digital,1300000.0,0.0,0.0,0.0,1300000.0,1300000.0,0.0,1300000.0,0.0,0.0,100.0,2026-06-11 19:18:00,2026-06-11 19:18:00,,,-1.0,-1.0,0,0,False,Paid - On Time/Early,1,1,CG-JZM,BCA Jazmi Hamzah,paid,ENTRY,0,,0,0,0,,2026-10-03 07:00:00,paid,END USER,1300000.0,1300000.0,1300000.0,0.0,0.0,True,False,0.0,Payment date earlier than invoice date,Settled,External Customer,False
019eb6a9-ff06-70eb-b19d-10aacfef9f09,CJFA2606110016,2026-06-12 02:26:00.000,2026-06-12 03:26:00.000,paid,,019b8de1-c6ba-72a9-8e2f-1a85fc042cbe,CG0125,Adzie Suherman Aera,AGEN,AGEN,019490f2-0002-7000-8000-123456789002,CNJ,Cipta Cianjur,25000.0,0.0,0.0,0.0,25000.0,25000.0,0.0,25000.0,0.0,0.0,100.0,2026-06-11 22:49:00,2026-06-11 22:49:00,,,-1.0,-1.0,0,0,False,Paid - On Time/Early,1,1,CNJ-CIB,Cash in Box,paid,ENTRY,0,,0,0,0,,2026-10-03 07:00:00,paid,AGEN,25000.0,25000.0,25000.0,0.0,0.0,True,False,0.0,Payment date earlier than invoice date,Settled,External Customer,False
019eb6b7-36ef-712a-8d54-0d9aa9ff5682,CGSB2606110009,2026-06-12 02:18:00.000,2026-06-12 03:18:00.000,paid,,019eb6b6-723b-77be-886b-5c6c7d4ecebd,USR000684,Kons Toro,EU,END USER,019490f2-0003-7000-8000-123456789003,CG,Cipta Digital,40000.0,0.0,0.0,0.0,40000.0,40000.0,0.0,40000.0,0.0,0.0,100.0,2026-06-11 19:54:00,2026-06-11 19:54:00,,,-1.0,-1.0,0,0,False,Paid - On Time/Early,1,1,CG-JZM,BCA Jazmi Hamzah,paid,ENTRY,0,,0,0,0,,2026-10-03 07:00:00,paid,END USER,40000.0,40000.0,40000.0,0.0,0.0,True,False,0.0,Payment date earlier than invoice date,Settled,External Customer,False
019eb6bd-b8e1-749c-91fa-3d080108f585,PKJA2606110012,2026-06-12 02:51:00.000,2026-06-12 03:51:00.000,paid,,019c7a51-5679-776a-8851-4d74cc706962,USR000127,Despariza A,EU,END USER,019b8a09-0bf8-7497-98a0-86a53a78e02f,PWK,Cipta Purwakarta,226000.0,0.0,0.0,0.0,226000.0,226000.0,0.0,226000.0,0.0,0.0,100.0,2026-06-11 19:52:00,2026-06-11 19:52:00,,,-1.0,-1.0,0,0,False,Paid - On Time/Early,1,1,PWK-BCA,BCA PWK,paid,ENTRY,0,,0,0,0,,2026-10-03 07:00:00,paid,END USER,226000.0,226000.0,226000.0,0.0,0.0,True,False,0.0,Payment date earlier than invoice date,Settled,External Customer,False
019eb6c0-57bb-73a9-b09e-f1ece4a484aa,CJFA2606110018,2026-06-12 02:26:00.000,2026-06-12 03:26:00.000,paid,,019b8de1-c6bb-707a-8730-0462990ae0e2,CG0164,Queen Trophy,AGEN,AGEN,019490f2-0002-7000-8000-123456789002,CNJ,Cipta Cianjur,10000.0,0.0,0.0,0.0,10000.0,10000.0,0.0,10000.0,0.0,0.0,100.0,2026-06-11 23:15:00,2026-06-11 23:15:00,,,-1.0,-1.0,0,0,False,Paid - On Time/Early,1,1,CNJ-CIB,Cash in Box,paid,ENTRY,0,,0,0,0,,2026-10-03 07:00:00,paid,AGEN,10000.0,10000.0,10000.0,0.0,0.0,True,False,0.0,Payment date earlier than invoice date,Settled,External Customer,False
019eb6f5-651a-736b-b9b9-ef9ab0ea4adc,CJYR2606110006,2026-06-12 03:44:00.000,2026-06-12 04:44:00.000,paid,,019b8de1-c6ba-72a9-8e2f-70f365c150f9,CG0147,Perc. Sakura,AGEN,AGEN,019490f2-0002-7000-8000-123456789002,CNJ,Cipta Cianjur,120000.0,0.0,0.0,0.0,120000.0,120000.0,0.0,120000.0,0.0,0.0,100.0,2026-06-11 23:14:00,2026-06-11 23:14:00,,,-1.0,-1.0,0,0,False,Paid - On Time/Early,1,1,CNJ-CIB,Cash in Box,paid,ENTRY,0,,0,0,0,,2026-10-03 07:00:00,paid,AGEN,120000.0,120000.0,120000.0,0.0,0.0,True,False,0.0,Payment date earlier than invoice date,Settled,External Customer,False
019eb6f7-8b35-703b-b978-36fcf82a2a70,CJYR2606110007,2026-06-12 03:44:00.000,2026-06-12 04:44:00.000,paid,,019b8de1-c6ba-72a9-8e2e-ac155e9e8457,CG0098,Robi Sablon,AGEN,AGEN,019490f2-0002-7000-8000-123456789002,CNJ,Cipta Cianjur,15000.0,0.0,0.0,0.0,15000.0,15000.0,0.0,15000.0,0.0,0.0,100.0,2026-06-11 23:13:00,2026-06-11 23:13:00,,,-1.0,-1.0,0,0,False,Paid - On Time/Early,1,1,CNJ-CIB,Cash in Box,paid,ENTRY,0,,0,0,0,,2026-10-03 07:00:00,paid,AGEN,15000.0,15000.0,15000.0,0.0,0.0,True,False,0.0,Payment date earlier than invoice date,Settled,External Customer,False
019eb751-19c7-75d8-8da2-ddd6100d37ac,CJFA2606110019,2026-06-12 02:26:00.000,2026-06-12 03:26:00.000,paid,,019b8de1-c6b8-75ba-9066-c82bdc65da91,UMK0082,Nezzfit (Nezzfit),UMKM,UMKM,019490f2-0002-7000-8000-123456789002,CNJ,Cipta Cianjur,20000.0,0.0,0.0,0.0,20000.0,20000.0,0.0,20000.0,0.0,0.0,100.0,2026-06-11 22:34:00,2026-06-11 22:34:00,,,-1.0,-1.0,0,0,False,Paid - On Time/Early,1,1,CNJ-CIB,Cash in Box,paid,ENTRY,0,,0,0,0,,2026-10-03 07:00:00,paid,UMKM,20000.0,20000.0,20000.0,0.0,0.0,True,False,0.0,Payment date earlier than invoice date,Settled,External Customer,False
019eb76f-c07e-7136-9d1b-183eb0afc690,CJYR2606110008,2026-06-12 03:44:00.000,2026-06-12 04:44:00.000,paid,,019b8de1-c6ba-72a9-8e2e-51b5f7932491,CG0075,Perc. Raja Stample,AGEN,AGEN,019490f2-0002-7000-8000-123456789002,CNJ,Cipta Cianjur,30000.0,0.0,0.0,0.0,30000.0,30000.0,0.0,30000.0,0.0,0.0,100.0,2026-06-11 23:12:00,2026-06-11 23:12:00,,,-1.0,-1.0,0,0,False,Paid - On Time/Early,1,1,CNJ-CIB,Cash in Box,paid,ENTRY,0,,0,0,0,,2026-10-03 07:00:00,paid,AGEN,30000.0,30000.0,30000.0,0.0,0.0,True,False,0.0,Payment date earlier than invoice date,Settled,External Customer,False
019ebb89-7098-73a8-b992-eafc7b2b81ec,CGNM2606120012,2026-06-13 01:13:00.000,2026-06-13 02:13:00.000,paid,,019eaa0e-c80b-7659-b6e0-d3e41cf6c7f0,UMK000961,Atang Saepudin,UMKM,UMKM,019490f2-0003-7000-8000-123456789003,CG,Cipta Digital,50000.0,0.0,0.0,0.0,50000.0,50000.0,0.0,50000.0,0.0,0.0,100.0,2026-06-12 18:15:00,2026-06-12 18:15:00,,,-1.0,-1.0,0,0,False,Paid - On Time/Early,1,1,CG-QRIS,QRIS BCA,paid,ENTRY,0,,0,0,0,,2026-10-03 07:00:00,paid,UMKM,50000.0,50000.0,50000.0,0.0,0.0,True,False,0.0,Payment date earlier than invoice date,Settled,External Customer,False
019ebb96-2af0-77d2-8932-818af1407a27,CGNM2606120013,2026-06-13 01:13:00.000,2026-06-13 02:13:00.000,paid,,019ebb93-77d0-7288-a803-01717083c84a,UMK000990,Nurcahya Agung,UMKM,UMKM,019490f2-0003-7000-8000-123456789003,CG,Cipta Digital,183000.0,0.0,0.0,0.0,183000.0,183000.0,0.0,183000.0,0.0,0.0,100.0,2026-06-12 18:31:00,2026-06-12 18:31:00,,,-1.0,-1.0,0,0,False,Paid - On Time/Early,1,1,CG-JZM,BCA Jazmi Hamzah,paid,ENTRY,0,,0,0,0,,2026-10-03 07:00:00,paid,UMKM,183000.0,183000.0,183000.0,0.0,0.0,True,False,0.0,Payment date earlier than invoice date,Settled,External Customer,False
019ebbb5-5bda-7444-97a1-be35ef5fe501,CGNM2606120015,2026-06-13 01:13:00.000,2026-06-13 02:13:00.000,paid,,019dde6b-6c0a-7286-be0c-6ab460ae14dc,UMK000633,Fathur Rizky,UMKM,UMKM,019490f2-0003-7000-8000-123456789003,CG,Cipta Digital,16000.0,0.0,0.0,0.0,16000.0,16000.0,0.0,16000.0,0.0,0.0,100.0,2026-06-12 19:01:00,2026-06-12 19:01:00,,,-1.0,-1.0,0,0,False,Paid - On Time/Early,1,1,CG-QRIS,QRIS BCA,paid,ENTRY,0,,0,0,0,,2026-10-03 07:00:00,paid,UMKM,16000.0,16000.0,16000.0,0.0,0.0,True,False,0.0,Payment date earlier than invoice date,Settled,External Customer,False
019ebbd1-8041-779a-872e-9aaf07d54ec0,CGNM2606120017,2026-06-13 01:13:00.000,2026-06-13 02:13:00.000,paid,,019b9e31-6b78-72ac-9b68-6e4e42327fa4,EU2987,Farid Katineung,EU,END USER,019490f2-0003-7000-8000-123456789003,CG,Cipta Digital,22000.0,0.0,0.0,0.0,22000.0,22000.0,0.0,22000.0,0.0,0.0,100.0,2026-06-12 19:33:00,2026-06-12 19:33:00,,,-1.0,-1.0,0,0,False,Paid - On Time/Early,1,1,CG-CIB,Cash in Box,paid,ENTRY,0,,0,0,0,,2026-10-03 07:00:00,paid,END USER,22000.0,22000.0,22000.0,0.0,0.0,True,False,0.0,Payment date earlier than invoice date,Settled,External Customer,False
019ebbf7-ae66-77fb-adc1-1b4d0fdb4120,CGNM2606120022,2026-06-13 01:13:00.000,2026-06-13 02:13:00.000,paid,,019ebbf6-e4dc-7255-8dc3-3ea7dc0c0ca4,UMK000991,Kendaya P.,UMKM,UMKM,019490f2-0003-7000-8000-123456789003,CG,Cipta Digital,8000.0,0.0,0.0,0.0,8000.0,8000.0,0.0,8000.0,0.0,0.0,100.0,2026-06-12 20:17:00,2026-06-12 20:17:00,,,-1.0,-1.0,0,0,False,Paid - On Time/Early,1,1,CG-JZM,BCA Jazmi Hamzah,paid,ENTRY,0,,0,0,0,,2026-10-03 07:00:00,paid,UMKM,8000.0,8000.0,8000.0,0.0,0.0,True,False,0.0,Payment date earlier than invoice date,Settled,External Customer,False
019ebc0f-d25b-756b-8921-0df7e7b29325,CGNM2606120023,2026-06-13 01:13:00.000,2026-06-13 02:13:00.000,paid,,019b9e35-f78d-705d-9904-5f78faec3f38,EU5317,PT. Primero Raya Abadi,EU,END USER,019490f2-0003-7000-8000-123456789003,CG,Cipta Digital,4972000.0,0.0,0.0,0.0,4972000.0,4972000.0,0.0,4972000.0,0.0,0.0,100.0,2026-06-12 20:48:00,2026-06-12 20:48:00,,,-1.0,-1.0,0,0,False,Paid - On Time/Early,1,1,CG-JZM,BCA Jazmi Hamzah,paid,ENTRY,0,,0,0,0,,2026-10-03 07:00:00,paid,END USER,4972000.0,4972000.0,4972000.0,0.0,0.0,True,False,0.0,Payment date earlier than invoice date,Settled,External Customer,False
019ebed7-2d44-71d9-9adb-fe626cbb75c2,CJFA2606130001,2026-06-13 16:35:00.000,2026-06-13 17:35:00.000,paid,,019ebed6-dd78-717e-ba66-dd1d14d24d03,UMK000051,Gabin Pelangi,UMKM,UMKM,019490f2-0002-7000-8000-123456789002,CNJ,Cipta Cianjur,140000.0,0.0,0.0,0.0,140000.0,140000.0,0.0,140000.0,0.0,0.0,100.0,2026-06-10 09:38:00,2026-06-10 09:38:00,,,-3.0,-3.0,0,0,False,Paid - On Time/Early,2,1,CNJ-BCA,BCA 2201,"dp, paid",ENTRY,0,,0,0,0,,2026-10-03 07:00:00,paid,UMKM,140000.0,140000.0,140000.0,0.0,0.0,True,False,0.0,Payment date earlier than invoice date,Settled,External Customer,False
019ec092-93b0-71bb-9cde-e15e273dc5a6,PKJA2606130032,2026-06-14 00:39:00.000,2026-06-14 07:39:00.000,paid,,019ec091-be35-75fe-8e19-409cf11c9ec5,USR000550,Abu Afnan Agam,EU,END USER,019b8a09-0bf8-7497-98a0-86a53a78e02f,PWK,Cipta Purwakarta,20000.0,0.0,0.0,0.0,20000.0,20000.0,0.0,20000.0,0.0,0.0,100.0,2026-06-13 17:53:00,2026-06-13 17:53:00,,,-1.0,-1.0,0,0,False,Paid - On Time/Early,1,1,PWK-BCA,BCA PWK,paid,ENTRY,0,,0,0,0,,2026-10-03 07:00:00,paid,END USER,20000.0,20000.0,20000.0,0.0,0.0,True,False,0.0,Payment date earlier than invoice date,Settled,External Customer,False
019ec09c-6007-7495-b800-012162f96aaf,CJFA2606130011,2026-06-14 00:49:00.000,2026-06-14 01:49:00.000,paid,,019b8de1-c6ba-72a9-8e2d-e534cdfde7ad,CG0048,Perc. Twantana,AGEN,AGEN,019490f2-0002-7000-8000-123456789002,CNJ,Cipta Cianjur,65000.0,0.0,0.0,0.0,65000.0,65000.0,0.0,65000.0,0.0,0.0,100.0,2026-06-13 18:21:00,2026-06-13 18:21:00,,,-1.0,-1.0,0,0,False,Paid - On Time/Early,1,1,CNJ-BCA,BCA 2201,paid,ENTRY,0,,0,0,0,,2026-10-03 07:00:00,paid,AGEN,65000.0,65000.0,65000.0,0.0,0.0,True,False,0.0,Payment date earlier than invoice date,Settled,External Customer,False
019ec5d9-c414-77e1-abb3-5253e087a8e6,CJFA2606140001,2026-06-15 00:51:00.000,2026-06-15 01:51:00.000,paid,,019b8de1-c6ba-72a9-8e2d-b796b7c26a87,CG0036,Perc. Prima K,AGEN,AGEN,019490f2-0002-7000-8000-123456789002,CNJ,Cipta Cianjur,60000.0,0.0,0.0,0.0,60000.0,60000.0,0.0,60000.0,0.0,0.0,100.0,2026-06-14 18:17:00,2026-06-14 18:17:00,,,-1.0,-1.0,0,0,False,Paid - On Time/Early,1,1,CNJ-CIB,Cash in Box,paid,ENTRY,0,,0,0,0,,2026-10-03 07:00:00,paid,AGEN,60000.0,60000.0,60000.0,0.0,0.0,True,False,0.0,Payment date earlier than invoice date,Settled,External Customer,False
019ecfe8-795f-75cc-a9c5-78af132bde1f,CGEL2606160010,2026-06-17 00:08:00.000,2026-06-17 01:08:00.000,paid,,019b9e35-f77a-7522-9c85-c82bbfa1cfb6,EU4670,Nrj Shop,UMKM,UMKM,019490f2-0003-7000-8000-123456789003,CG,Cipta Digital,90000.0,0.0,0.0,0.0,90000.0,90000.0,0.0,90000.0,0.0,0.0,100.0,2026-06-16 19:29:00,2026-06-16 19:29:00,,,-1.0,-1.0,0,0,False,Paid - On Time/Early,1,1,CG-JZM,BCA Jazmi Hamzah,paid,ENTRY,0,,0,0,0,,2026-10-03 07:00:00,paid,UMKM,90000.0,90000.0,90000.0,0.0,0.0,True,False,0.0,Payment date earlier than invoice date,Settled,External Customer,False
019ecffc-954e-7518-98b2-41318fc61cf5,CGEL2606160011,2026-06-17 00:08:00.000,2026-06-17 01:08:00.000,paid,,019ecffc-4740-72b8-a658-a97ecf6f28d0,USR000708,Maulida Hasanah,EU,END USER,019490f2-0003-7000-8000-123456789003,CG,Cipta Digital,19000.0,0.0,0.0,0.0,19000.0,19000.0,0.0,19000.0,0.0,0.0,100.0,2026-06-16 17:31:00,2026-06-16 17:31:00,,,-1.0,-1.0,0,0,False,Paid - On Time/Early,1,1,CG-CIB,Cash in Box,paid,ENTRY,0,,0,0,0,,2026-10-03 07:00:00,paid,END USER,19000.0,19000.0,19000.0,0.0,0.0,True,False,0.0,Payment date earlier than invoice date,Settled,External Customer,False
019ed016-d0ff-742c-be7d-9d5ba7a6528b,CJGI2606160010,2026-06-17 00:57:00.000,2026-06-17 01:57:00.000,paid,,019b8de1-c6ba-72a9-8e2e-9fe5bc622dbc,CG0094,Falah Kaos,AGEN,AGEN,019490f2-0002-7000-8000-123456789002,CNJ,Cipta Cianjur,15000.0,0.0,0.0,0.0,15000.0,15000.0,0.0,15000.0,0.0,0.0,100.0,2026-06-16 18:15:00,2026-06-16 18:15:00,,,-1.0,-1.0,0,0,False,Paid - On Time/Early,1,1,CNJ-CIB,Cash in Box,paid,ENTRY,0,,0,0,0,,2026-10-03 07:00:00,paid,AGEN,15000.0,15000.0,15000.0,0.0,0.0,True,False,0.0,Payment date earlier than invoice date,Settled,External Customer,False
019ed040-f5df-76cb-9c9a-180cc204e90a,CGEL2606160012,2026-06-17 00:08:00.000,2026-06-17 01:08:00.000,paid,,019ec56b-9adc-7589-a0b7-62dfdc36444f,INS000451,Candra Gunawan,INSTANSI,INSTANSI,019490f2-0003-7000-8000-123456789003,CG,Cipta Digital,42000.0,0.0,0.0,0.0,42000.0,42000.0,0.0,42000.0,0.0,0.0,100.0,2026-06-16 18:46:00,2026-06-16 18:46:00,,,-1.0,-1.0,0,0,False,Paid - On Time/Early,1,1,CG-QRIS,QRIS BCA,paid,ENTRY,0,,0,0,0,,2026-10-03 07:00:00,paid,INSTANSI,42000.0,42000.0,42000.0,0.0,0.0,True,False,0.0,Payment date earlier than invoice date,Settled,External Customer,False
019ed058-4e7b-74ce-bd06-0fb3f5264b52,CGEL2606160013,2026-06-17 00:08:00.000,2026-06-17 01:08:00.000,paid,,019b9e35-f786-759d-a4a0-5d6e0241c4a6,EU5013,Ima AAB,EU,END USER,019490f2-0003-7000-8000-123456789003,CG,Cipta Digital,19000.0,0.0,0.0,0.0,19000.0,19000.0,0.0,19000.0,0.0,0.0,100.0,2026-06-16 19:11:00,2026-06-16 19:11:00,,,-1.0,-1.0,0,0,False,Paid - On Time/Early,1,1,CG-QRIS,QRIS BCA,paid,ENTRY,0,,0,0,0,,2026-10-03 07:00:00,paid,END USER,19000.0,19000.0,19000.0,0.0,0.0,True,False,0.0,Payment date earlier than invoice date,Settled,External Customer,False
019ed3b5-4087-74a7-a1a7-70240f40ed3f,PKDR2606100001,2026-06-17 17:51:00.000,2026-06-17 18:51:00.000,paid,4400949064,019b91a5-4e3d-702c-bb5c-b25d99ca7535,IND0019,Pt Prysmian Cables Indonesia,INDUSTRI,INDUSTRI,019b8a09-0bf8-7497-98a0-86a53a78e02f,PWK,Cipta Purwakarta,1150000.0,0.0,126500.0,0.0,1276500.0,1276500.0,0.0,1276500.0,0.0,0.0,100.0,2026-02-28 14:46:00,2026-02-28 14:46:00,,,-109.0,-109.0,0,0,False,Paid - On Time/Early,1,1,PWK-BCA,BCA PWK,paid,ENTRY,0,,0,0,0,,2026-10-03 07:00:00,paid,INDUSTRI,1276500.0,1276500.0,1276500.0,0.0,0.0,True,False,0.0,Payment date earlier than invoice date,Settled,External Customer,False
019ed50e-2dfa-70ac-bc04-967e67b56861,CGEL2606170013,2026-06-18 00:07:00.000,2026-06-18 01:07:00.000,paid,,019ed50d-3026-71ae-805a-c2b8f72efe35,USR000713,Sempoa Sip Deltamas,EU,END USER,019490f2-0003-7000-8000-123456789003,CG,Cipta Digital,150000.0,0.0,0.0,0.0,150000.0,150000.0,0.0,150000.0,0.0,0.0,100.0,2026-06-17 18:25:00,2026-06-17 18:25:00,,,-1.0,-1.0,0,0,False,Paid - On Time/Early,1,1,CG-JZM,BCA Jazmi Hamzah,paid,ENTRY,0,,0,0,0,,2026-10-03 07:00:00,paid,END USER,150000.0,150000.0,150000.0,0.0,0.0,True,False,0.0,Payment date earlier than invoice date,Settled,External Customer,False
019ed511-0ba2-7548-8393-a7d93c2e8fac,CGEL2606170014,2026-06-18 00:07:00.000,2026-06-18 01:07:00.000,paid,,019c55e0-d457-722d-9741-deb4f0888cb1,USR001148,Nurhasanah Nuri,EU,END USER,019490f2-0003-7000-8000-123456789003,CG,Cipta Digital,16000.0,0.0,0.0,0.0,16000.0,16000.0,0.0,16000.0,0.0,0.0,100.0,2026-06-17 17:12:00,2026-06-17 17:12:00,,,-1.0,-1.0,0,0,False,Paid - On Time/Early,1,1,CG-JZM,BCA Jazmi Hamzah,paid,ENTRY,0,,0,0,0,,2026-10-03 07:00:00,paid,END USER,16000.0,16000.0,16000.0,0.0,0.0,True,False,0.0,Payment date earlier than invoice date,Settled,External Customer,False
019ed522-a7d7-73d5-b74f-892319ad4456,CJRR2606170009,2026-06-18 00:26:00.000,2026-06-18 01:26:00.000,paid,,019c1d91-00f1-7075-b03e-b8645f746904,USR000919,Alia (Alia),EU,END USER,019490f2-0002-7000-8000-123456789002,CNJ,Cipta Cianjur,15000.0,0.0,0.0,0.0,15000.0,15000.0,0.0,15000.0,0.0,0.0,100.0,2026-06-17 17:31:00,2026-06-17 17:31:00,,,-1.0,-1.0,0,0,False,Paid - On Time/Early,1,1,CNJ-CIB,Cash in Box,paid,ENTRY,0,,0,0,0,,2026-10-03 07:00:00,paid,END USER,15000.0,15000.0,15000.0,0.0,0.0,True,False,0.0,Payment date earlier than invoice date,Settled,External Customer,False
019ed524-a6b6-730a-8588-88ad45589027,CJRR2606170010,2026-06-18 00:26:00.000,2026-06-18 01:26:00.000,paid,,019b8de1-c6b8-75ba-9065-c15a0908e11a,UMK0016,Cv. Aisy Kitchen,UMKM,UMKM,019490f2-0002-7000-8000-123456789002,CNJ,Cipta Cianjur,50000.0,0.0,0.0,0.0,50000.0,50000.0,0.0,50000.0,0.0,0.0,100.0,2026-06-17 17:55:00,2026-06-17 17:55:00,,,-1.0,-1.0,0,0,False,Paid - On Time/Early,1,1,CNJ-BCA,BCA 2201,paid,ENTRY,0,,0,0,0,,2026-10-03 07:00:00,paid,UMKM,50000.0,50000.0,50000.0,0.0,0.0,True,False,0.0,Payment date earlier than invoice date,Settled,External Customer,False
019ed53d-cfb4-7161-86b3-6bce98950ba0,CGSB2606170008,2026-06-18 01:00:00.000,2026-06-18 02:00:00.000,paid,,019ed53d-8aa6-748d-9d55-09060cd2c35b,USR000714,Romly Cazper,EU,END USER,019490f2-0003-7000-8000-123456789003,CG,Cipta Digital,20000.0,0.0,0.0,0.0,20000.0,20000.0,0.0,20000.0,0.0,0.0,100.0,2026-06-17 18:07:00,2026-06-17 18:07:00,,,-1.0,-1.0,0,0,False,Paid - On Time/Early,1,1,CG-CIB,Cash in Box,paid,ENTRY,0,,0,0,0,,2026-10-03 07:00:00,paid,END USER,20000.0,20000.0,20000.0,0.0,0.0,True,False,0.0,Payment date earlier than invoice date,Settled,External Customer,False
019ed549-901c-713a-86c7-e9e8b2b92c69,CGSB2606170011,2026-06-18 01:00:00.000,2026-06-18 02:00:00.000,paid,,019ed549-51a4-757f-bb03-d22378339e17,USR000715,Muhammad Haykal,EU,END USER,019490f2-0003-7000-8000-123456789003,CG,Cipta Digital,90000.0,0.0,0.0,0.0,90000.0,90000.0,0.0,90000.0,0.0,0.0,100.0,2026-06-17 18:38:00,2026-06-17 18:38:00,,,-1.0,-1.0,0,0,False,Paid - On Time/Early,1,1,CG-JZM,BCA Jazmi Hamzah,paid,ENTRY,0,,0,0,0,,2026-10-03 07:00:00,paid,END USER,90000.0,90000.0,90000.0,0.0,0.0,True,False,0.0,Payment date earlier than invoice date,Settled,External Customer,False
019ed565-f3ef-7211-a680-1d6f344ac6e6,CGSB2606170012,2026-06-18 01:00:00.000,2026-06-18 02:00:00.000,paid,,019c940e-c614-70f8-b8db-1c5f0ff98f27,UMK000248,Fitri Febriani,UMKM,UMKM,019490f2-0003-7000-8000-123456789003,CG,Cipta Digital,10000.0,0.0,0.0,0.0,10000.0,10000.0,0.0,10000.0,0.0,0.0,100.0,2026-06-17 18:53:00,2026-06-17 18:53:00,,,-1.0,-1.0,0,0,False,Paid - On Time/Early,1,1,CG-JZM,BCA Jazmi Hamzah,paid,ENTRY,0,,0,0,0,,2026-10-03 07:00:00,paid,UMKM,10000.0,10000.0,10000.0,0.0,0.0,True,False,0.0,Payment date earlier than invoice date,Settled,External Customer,False
019ed578-fb2b-7499-bb0c-675ae15f905b,CJFA2606170014,2026-06-18 00:49:00.000,2026-06-18 01:49:00.000,paid,,019c1d6d-94e9-72e3-bd9e-43f827d8dd8a,USR000791,Fahri (Fahri),EU,END USER,019490f2-0002-7000-8000-123456789002,CNJ,Cipta Cianjur,50000.0,0.0,0.0,0.0,50000.0,50000.0,0.0,50000.0,0.0,0.0,100.0,2026-06-17 19:40:00,2026-06-17 19:40:00,,,-1.0,-1.0,0,0,False,Paid - On Time/Early,1,1,CNJ-CIB,Cash in Box,paid,ENTRY,0,,0,0,0,,2026-10-03 07:00:00,paid,END USER,50000.0,50000.0,50000.0,0.0,0.0,True,False,0.0,Payment date earlier than invoice date,Settled,External Customer,False
019ed59d-491a-71e3-8ae8-b6ba9ff95b39,GRRA2606170005,2026-06-18 02:33:00.000,2026-06-18 03:33:00.000,paid,,019b8c17-2582-719d-8d6b-44717cfedad1,EDU0020,Asrofi (Asrofi),SEKOLAH,SEKOLAH,019490f2-0000-7000-8000-123456789000,GRH,Cipta Graha,10000.0,0.0,0.0,0.0,10000.0,10000.0,0.0,10000.0,0.0,0.0,100.0,2026-06-17 19:45:00,2026-06-17 19:45:00,,,-1.0,-1.0,0,0,False,Paid - On Time/Early,1,1,GRH-CIB,Cash in Box,paid,ENTRY,0,,0,0,0,,2026-10-03 07:00:00,paid,SEKOLAH,10000.0,10000.0,10000.0,0.0,0.0,True,False,0.0,Payment date earlier than invoice date,Settled,External Customer,False
019ed5eb-1058-7404-bbb7-76ac6dc7e1be,CJFA2606170017,2026-06-18 00:49:00.000,2026-06-18 01:49:00.000,paid,,019c4c67-38bd-7668-abee-1ace0f3bea52,CST83208909,Farel Kurniawan,EU,END USER,019490f2-0002-7000-8000-123456789002,CNJ,Cipta Cianjur,15000.0,0.0,0.0,0.0,15000.0,15000.0,0.0,15000.0,0.0,0.0,100.0,2026-06-17 21:10:00,2026-06-17 21:10:00,,,-1.0,-1.0,0,0,False,Paid - On Time/Early,1,1,CNJ-CIB,Cash in Box,paid,ENTRY,0,,0,0,0,,2026-10-03 07:00:00,paid,END USER,15000.0,15000.0,15000.0,0.0,0.0,True,False,0.0,Payment date earlier than invoice date,Settled,External Customer,False
019eda7d-91ea-7561-864f-634c9e840da8,CGNM2606180015,2026-06-19 01:28:00.000,2026-06-19 02:28:00.000,paid,,019d90ff-4c0d-75ac-9ffa-37b950fbf3f6,UMK000535,Dani Kaum Kopi,UMKM,UMKM,019490f2-0003-7000-8000-123456789003,CG,Cipta Digital,19000.0,0.0,0.0,0.0,19000.0,19000.0,0.0,19000.0,0.0,0.0,100.0,2026-06-18 18:29:00,2026-06-18 18:29:00,,,-1.0,-1.0,0,0,False,Paid - On Time/Early,1,1,CG-CIB,Cash in Box,paid,ENTRY,0,,0,0,0,,2026-10-03 07:00:00,paid,UMKM,19000.0,19000.0,19000.0,0.0,0.0,True,False,0.0,Payment date earlier than invoice date,Settled,External Customer,False
019edaaa-f603-763a-838e-5763fb0420f4,CGNM2606180016,2026-06-19 02:17:00.000,2026-06-19 03:17:00.000,paid,,019edaaa-a7bd-749d-a41b-7d341696dbd1,USR000723,Saka Sulis,EU,END USER,019490f2-0003-7000-8000-123456789003,CG,Cipta Digital,17000.0,0.0,0.0,0.0,17000.0,17000.0,0.0,17000.0,0.0,0.0,100.0,2026-06-18 19:33:00,2026-06-18 19:33:00,,,-1.0,-1.0,0,0,False,Paid - On Time/Early,1,1,CG-JZM,BCA Jazmi Hamzah,paid,ENTRY,0,,0,0,0,,2026-10-03 07:00:00,paid,END USER,17000.0,17000.0,17000.0,0.0,0.0,True,False,0.0,Payment date earlier than invoice date,Settled,External Customer,False
019eddc6-5b48-72dd-bd54-1677be541e0b,OLLS2606190001,2026-06-20 03:18:00.000,2026-06-20 04:18:00.000,paid,,019c4574-97d7-772f-a358-217f6fe245d0,USR2246,Atim Prianto,EU,END USER,019ab8e3-cb41-7087-92ab-c7596e6780f4,OL,Cipta Online,570000.0,0.0,0.0,0.0,570000.0,570000.0,0.0,570000.0,0.0,0.0,100.0,2026-06-19 11:27:00,2026-06-19 11:27:00,,,-1.0,-1.0,0,0,False,Paid - On Time/Early,1,1,OL-FDL,BCA Online,paid,ENTRY,0,,0,0,0,,2026-10-03 07:00:00,paid,END USER,570000.0,570000.0,570000.0,0.0,0.0,True,False,0.0,Payment date earlier than invoice date,Settled,External Customer,False
019edf78-de09-7148-8d75-736f1c55bb91,CJFA2606190007,2026-06-20 00:41:00.000,2026-06-20 01:41:00.000,paid,,019b8de1-c6ba-72a9-8e2e-46c1ab322fb5,CG0072,Zuber Screenprinting,AGEN,AGEN,019490f2-0002-7000-8000-123456789002,CNJ,Cipta Cianjur,10500.0,0.0,0.0,0.0,10500.0,10500.0,0.0,10500.0,0.0,0.0,100.0,2026-06-19 19:49:00,2026-06-19 19:49:00,,,-1.0,-1.0,0,0,False,Paid - On Time/Early,1,1,CNJ-CIB,Cash in Box,paid,ENTRY,0,,0,0,0,,2026-10-03 07:00:00,paid,AGEN,10500.0,10500.0,10500.0,0.0,0.0,True,False,0.0,Payment date earlier than invoice date,Settled,External Customer,False
019edf83-c44c-71f8-9424-9b86628ffddf,CJFA2606190008,2026-06-20 00:41:00.000,2026-06-20 01:41:00.000,paid,,019b8de1-c6ba-72a9-8e2f-7a7a165962b1,CG0149,Perc. Handa Print,AGEN,AGEN,019490f2-0002-7000-8000-123456789002,CNJ,Cipta Cianjur,153000.0,0.0,0.0,0.0,153000.0,153000.0,0.0,153000.0,0.0,0.0,100.0,2026-06-19 17:55:00,2026-06-19 17:55:00,,,-1.0,-1.0,0,0,False,Paid - On Time/Early,1,1,CNJ-CIB,Cash in Box,paid,ENTRY,0,,0,0,0,,2026-10-03 07:00:00,paid,AGEN,153000.0,153000.0,153000.0,0.0,0.0,True,False,0.0,Payment date earlier than invoice date,Settled,External Customer,False
019edfa5-4bbd-7148-a573-f1d42dd88ef3,CGMP2606190019,2026-06-20 01:24:00.000,2026-06-20 02:24:00.000,paid,,019ed894-e9b6-7344-ab8d-9d2c49f11bdc,UMK001031,Wibhi Misdaseum,UMKM,UMKM,019490f2-0003-7000-8000-123456789003,CG,Cipta Digital,229000.0,0.0,0.0,0.0,229000.0,229000.0,0.0,229000.0,0.0,0.0,100.0,2026-06-19 19:05:00,2026-06-19 19:05:00,,,-1.0,-1.0,0,0,False,Paid - On Time/Early,1,1,CG-JZM,BCA Jazmi Hamzah,paid,ENTRY,0,,0,0,0,,2026-10-03 07:00:00,paid,UMKM,229000.0,229000.0,229000.0,0.0,0.0,True,False,0.0,Payment date earlier than invoice date,Settled,External Customer,False
019edfaa-bc0f-7451-b455-2c34aeb78e6e,CJFU2606190006,2026-06-20 01:35:00.000,2026-06-20 02:35:00.000,paid,,019b8de1-c6b8-75ba-9066-f48822674f8e,UMK0093,Arif Sablon,UMKM,UMKM,019490f2-0002-7000-8000-123456789002,CNJ,Cipta Cianjur,14000.0,0.0,0.0,0.0,14000.0,14000.0,0.0,14000.0,0.0,0.0,100.0,2026-06-19 18:41:00,2026-06-19 18:41:00,,,-1.0,-1.0,0,0,False,Paid - On Time/Early,1,1,CNJ-CIB,Cash in Box,paid,ENTRY,0,,0,0,0,,2026-10-03 07:00:00,paid,UMKM,14000.0,14000.0,14000.0,0.0,0.0,True,False,0.0,Payment date earlier than invoice date,Settled,External Customer,False
019edfab-7d69-762b-8b8c-d801bfe2bbbb,CGMP2606190020,2026-06-20 01:24:00.000,2026-06-20 02:24:00.000,paid,,019b9e31-6b77-741a-b766-2e146c458d18,EU2881,Asan Honda,EU,END USER,019490f2-0003-7000-8000-123456789003,CG,Cipta Digital,114000.0,0.0,0.0,0.0,114000.0,114000.0,0.0,114000.0,0.0,0.0,100.0,2026-06-19 18:37:00,2026-06-19 18:37:00,,,-1.0,-1.0,0,0,False,Paid - On Time/Early,1,1,CG-CIB,Cash in Box,paid,ENTRY,0,,0,0,0,,2026-10-03 07:00:00,paid,END USER,114000.0,114000.0,114000.0,0.0,0.0,True,False,0.0,Payment date earlier than invoice date,Settled,External Customer,False
019edfbf-959e-75ce-8bf8-bb41f8bfa601,PKAB2606190019,2026-06-20 01:56:00.000,2026-06-20 02:56:00.000,paid,,019b91a7-6a12-76db-9ff7-0161d1923bbc,USR02458,Maulana (Maulana),EU,END USER,019b8a09-0bf8-7497-98a0-86a53a78e02f,PWK,Cipta Purwakarta,40000.0,0.0,0.0,0.0,40000.0,40000.0,0.0,40000.0,0.0,0.0,100.0,2026-06-19 19:00:00,2026-06-19 19:00:00,,,-1.0,-1.0,0,0,False,Paid - On Time/Early,1,1,PWK-BCA,BCA PWK,paid,ENTRY,0,,0,0,0,,2026-10-03 07:00:00,paid,END USER,40000.0,40000.0,40000.0,0.0,0.0,True,False,0.0,Payment date earlier than invoice date,Settled,External Customer,False
019edfdc-8d44-7159-ba99-5169787a1003,CGMP2606190021,2026-06-20 02:29:00.000,2026-06-20 03:29:00.000,paid,,019b9e31-6b78-72ac-9b68-9182992ee0fe,EU2996,Ari Lung Leup,EU,END USER,019490f2-0003-7000-8000-123456789003,CG,Cipta Digital,97500.0,0.0,0.0,0.0,97500.0,97500.0,0.0,97500.0,0.0,0.0,100.0,2026-06-19 19:37:00,2026-06-19 19:37:00,,,-1.0,-1.0,0,0,False,Paid - On Time/Early,1,1,CG-JZM,BCA Jazmi Hamzah,paid,ENTRY,0,,0,0,0,,2026-10-03 07:00:00,paid,END USER,97500.0,97500.0,97500.0,0.0,0.0,True,False,0.0,Payment date earlier than invoice date,Settled,External Customer,False
019edfe0-be2c-7348-ba49-2aa042c8971e,CGRD2606190010,2026-06-20 02:33:00.000,2026-06-20 03:33:00.000,paid,,019b9dc5-25f8-7099-b297-99ce7f632d11,EU0013,Mb Digital,EU,END USER,019490f2-0003-7000-8000-123456789003,CG,Cipta Digital,28000.0,0.0,0.0,0.0,28000.0,28000.0,0.0,28000.0,0.0,0.0,100.0,2026-06-19 19:35:00,2026-06-19 19:35:00,,,-1.0,-1.0,0,0,False,Paid - On Time/Early,1,1,CG-CIB,Cash in Box,paid,ENTRY,0,,0,0,0,,2026-10-03 07:00:00,paid,END USER,28000.0,28000.0,28000.0,0.0,0.0,True,False,0.0,Payment date earlier than invoice date,Settled,External Customer,False
019edfe7-7c14-70fd-96ad-43ab1870803b,CJFU2606190007,2026-06-20 01:35:00.000,2026-06-20 02:35:00.000,paid,,019b8de1-c6ba-72a9-8e2f-0142f56d841d,CG0119,Obvious Atep Sablon,AGEN,AGEN,019490f2-0002-7000-8000-123456789002,CNJ,Cipta Cianjur,11000.0,0.0,0.0,0.0,11000.0,11000.0,0.0,11000.0,0.0,0.0,100.0,2026-06-19 19:51:00,2026-06-19 19:51:00,,,-1.0,-1.0,0,0,False,Paid - On Time/Early,1,1,CNJ-CIB,Cash in Box,paid,ENTRY,0,,0,0,0,,2026-10-03 07:00:00,paid,AGEN,11000.0,11000.0,11000.0,0.0,0.0,True,False,0.0,Payment date earlier than invoice date,Settled,External Customer,False
019ee2e6-b438-7474-a274-9f5b3b838778,CGRD2606200004,2026-06-22 14:22:00.000,2026-06-23 15:22:00.000,paid,,019cbc44-98a0-70bc-8c93-818a7080b5b0,CST51776308,Fadhil Abdhilah,INSTANSI,INSTANSI,019490f2-0003-7000-8000-123456789003,CG,Cipta Digital,100000.0,0.0,0.0,0.0,100000.0,100000.0,0.0,100000.0,0.0,0.0,100.0,2026-06-20 09:56:00,2026-06-20 09:56:00,,,-2.0,-2.0,0,0,False,Paid - On Time/Early,1,1,CG-JZM,BCA Jazmi Hamzah,paid,ENTRY,0,,0,0,0,,2026-10-03 07:00:00,paid,INSTANSI,100000.0,100000.0,100000.0,0.0,0.0,True,False,0.0,Payment date earlier than invoice date,Settled,External Customer,False
019ee82b-ef27-71de-971d-4858d7472791,CGNM2606210008,2026-06-22 17:05:00.000,2026-06-22 18:05:00.000,paid,,019b9dc5-25d2-7440-ade9-f7266a4c85ec,IND0210,Mr DIY Telukjambe,INDUSTRI,INDUSTRI,019490f2-0003-7000-8000-123456789003,CG,Cipta Digital,8000.0,0.0,0.0,0.0,8000.0,8000.0,0.0,8000.0,0.0,0.0,100.0,2026-06-21 10:18:00,2026-06-21 10:18:00,,,-1.0,-1.0,0,0,False,Paid - On Time/Early,1,1,CG-JZM,BCA Jazmi Hamzah,paid,ENTRY,0,,0,0,0,,2026-10-03 07:00:00,paid,INDUSTRI,8000.0,8000.0,8000.0,0.0,0.0,True,False,0.0,Payment date earlier than invoice date,Settled,External Customer,False
019ee9d1-c87f-7518-9cc7-4e0d74bbe145,CJFA2606210009,2026-06-22 00:43:00.000,2026-06-22 01:43:00.000,paid,,019ee9c7-efdb-73d9-9e1f-8d56fd1c17af,USR001156,Try Anjas,EU,END USER,019490f2-0002-7000-8000-123456789002,CNJ,Cipta Cianjur,270000.0,0.0,0.0,0.0,270000.0,270000.0,0.0,270000.0,0.0,0.0,100.0,2026-06-21 18:32:00,2026-06-23 16:43:00,,,-1.0,1.0,1,0,False,Paid - Late,2,1,CNJ-BCA,BCA 2201,"dp, paid",ENTRY,0,,0,0,0,,2026-10-03 07:00:00,paid,END USER,270000.0,270000.0,270000.0,0.0,0.0,True,False,0.0,Payment date earlier than invoice date,Settled,External Customer,True
019eee25-001a-766c-97cc-aaefe763eb32,CGSB2606220009,2026-06-25 15:06:00.000,2026-06-26 16:06:00.000,paid,,019b9e27-67ec-778c-a920-e1ee167ee18f,EU0172,Ichiban Resinda,EU,END USER,019490f2-0003-7000-8000-123456789003,CG,Cipta Digital,108000.0,0.0,0.0,0.0,108000.0,108000.0,0.0,108000.0,0.0,0.0,100.0,2026-06-23 16:34:00,2026-06-23 16:34:00,,,-2.0,-2.0,0,0,False,Paid - On Time/Early,1,1,CG-JZM,BCA Jazmi Hamzah,paid,ENTRY,0,,0,0,0,,2026-10-03 07:00:00,paid,END USER,108000.0,108000.0,108000.0,0.0,0.0,True,False,0.0,Payment date earlier than invoice date,Settled,External Customer,False
019eeee1-d257-74dc-9e96-95803a2d055c,PKJA2606220022,2026-06-23 00:30:00.000,2026-06-23 01:30:00.000,paid,,019eee19-1df4-7070-a034-1b6d70cd4153,EDU000030,Kampus Dua Al Muhajirin,SEKOLAH,SEKOLAH,019b8a09-0bf8-7497-98a0-86a53a78e02f,PWK,Cipta Purwakarta,406600.0,0.0,0.0,0.0,406600.0,406600.0,0.0,406600.0,0.0,0.0,100.0,2026-06-22 17:40:00,2026-06-22 17:40:00,,,-1.0,-1.0,0,0,False,Paid - On Time/Early,1,1,PWK-BCA,BCA PWK,paid,ENTRY,0,,0,0,0,,2026-10-03 07:00:00,paid,SEKOLAH,406600.0,406600.0,406600.0,0.0,0.0,True,False,0.0,Payment date earlier than invoice date,Settled,External Customer,False
019eef0c-6def-728a-b959-5c52ccfde4c1,PKAB2606220019,2026-06-23 01:16:00.000,2026-06-23 03:33:00.000,paid,,019b91a5-4e3f-733e-ad4d-bdb24b7e1bd8,IND0150,Pt Kinarya,INDUSTRI,INDUSTRI,019b8a09-0bf8-7497-98a0-86a53a78e02f,PWK,Cipta Purwakarta,785000.0,0.0,0.0,0.0,785000.0,785000.0,0.0,785000.0,0.0,0.0,100.0,2026-06-22 18:17:00,2026-06-22 18:17:00,,,-1.0,-1.0,0,0,False,Paid - On Time/Early,1,1,PWK-BCA,BCA PWK,paid,ENTRY,0,,0,0,0,,2026-10-03 07:00:00,paid,INDUSTRI,785000.0,785000.0,785000.0,0.0,0.0,True,False,0.0,Payment date earlier than invoice date,Settled,External Customer,False
019eef6a-16a6-7411-9430-0a70e13a1d74,PKAB2606220023,2026-06-23 00:30:00.000,2026-06-23 01:30:00.000,paid,,019b91a7-6a08-729d-b8e7-32bd245faf19,USR00289,Elsa (Elsa),EU,END USER,019b8a09-0bf8-7497-98a0-86a53a78e02f,PWK,Cipta Purwakarta,24000.0,0.0,0.0,0.0,24000.0,24000.0,0.0,24000.0,0.0,0.0,100.0,2026-06-22 20:00:00,2026-06-22 20:00:00,,,-1.0,-1.0,0,0,False,Paid - On Time/Early,1,1,PWK-BCA,BCA PWK,paid,ENTRY,0,,0,0,0,,2026-10-03 07:00:00,paid,END USER,24000.0,24000.0,24000.0,0.0,0.0,True,False,0.0,Payment date earlier than invoice date,Settled,External Customer,False
019eef70-7855-7002-a4f5-a48424c6d2ad,PKAB2606220020,2026-06-23 03:06:00.000,2026-06-23 03:30:00.000,paid,,019dba59-3680-723e-b9f9-ed8b35659c6b,INS000021,Bdx Data Center Indonesia,INSTANSI,INSTANSI,019b8a09-0bf8-7497-98a0-86a53a78e02f,PWK,Cipta Purwakarta,500000.0,0.0,0.0,0.0,500000.0,500000.0,0.0,500000.0,0.0,0.0,100.0,2026-06-22 20:06:00,2026-06-22 20:06:00,,,-1.0,-1.0,0,0,False,Paid - On Time/Early,1,1,PWK-BCA,BCA PWK,paid,ENTRY,0,,0,0,0,,2026-10-03 07:00:00,paid,INSTANSI,500000.0,500000.0,500000.0,0.0,0.0,True,False,0.0,Payment date earlier than invoice date,Settled,External Customer,False
019ef40f-9988-717f-b96c-910848fe90bc,CGNM2606230014,2026-06-24 00:25:00.000,2026-06-24 01:25:00.000,paid,,019ef3a6-ded7-7191-af59-4bd05cefd94b,UMK001063,Luqman Pb.,UMKM,UMKM,019490f2-0003-7000-8000-123456789003,CG,Cipta Digital,13500.0,0.0,0.0,0.0,13500.0,13500.0,0.0,13500.0,0.0,0.0,100.0,2026-06-23 17:42:00,2026-06-23 17:42:00,,,-1.0,-1.0,0,0,False,Paid - On Time/Early,1,1,CG-CIB,Cash in Box,paid,ENTRY,0,,0,0,0,,2026-10-03 07:00:00,paid,UMKM,13500.0,13500.0,13500.0,0.0,0.0,True,False,0.0,Payment date earlier than invoice date,Settled,External Customer,False
019ef433-f232-74db-bed4-625555bd78b3,CGPJ2606230010,2026-06-24 01:17:00.000,2026-06-24 02:17:00.000,paid,,019b9e31-6b78-72ac-9b69-4ee4ba777019,EU3043,Basecamp Cloth,EU,END USER,019490f2-0003-7000-8000-123456789003,CG,Cipta Digital,28000.0,0.0,0.0,0.0,28000.0,28000.0,0.0,28000.0,0.0,0.0,100.0,2026-06-23 18:18:00,2026-06-23 18:18:00,,,-1.0,-1.0,0,0,False,Paid - On Time/Early,1,1,CG-CIB,Cash in Box,paid,ENTRY,0,,0,0,0,,2026-10-03 07:00:00,paid,END USER,28000.0,28000.0,28000.0,0.0,0.0,True,False,0.0,Payment date earlier than invoice date,Settled,External Customer,False
019ef436-6378-744f-bf8f-548450f431fb,GRRA2606230023,2026-06-24 01:15:00.000,2026-06-24 02:15:00.000,partial,,019b8c17-2592-713b-bc5c-387ac0b212ec,USR0743,SALON SERUNI,EU,END USER,019490f2-0000-7000-8000-123456789000,GRH,Cipta Graha,259000.0,0.0,0.0,0.0,259000.0,55000.0,0.0,55000.0,204000.0,0.0,21.24,2026-06-23 18:22:00,2026-06-23 18:22:00,,,-1.0,,0,101,True,Partially Paid - Overdue,1,1,GRH-CIB,Cash in Box,partial,ENTRY,0,,0,0,0,,2026-10-03 07:00:00,partial,END USER,259000.0,55000.0,55000.0,204000.0,0.0,False,True,204000.0,Payment date earlier than invoice date,90+ Days,External Customer,False
019ef456-a446-778f-8ba0-9a9cd7ba401c,CGMR2606230006,2026-06-24 01:17:00.000,2026-06-24 02:17:00.000,paid,,019ef456-12ec-70ef-a670-ce1ac86606ee,INS000479,Anggraini Anggraini,INSTANSI,INSTANSI,019490f2-0003-7000-8000-123456789003,CG,Cipta Digital,29000.0,0.0,0.0,0.0,29000.0,29000.0,0.0,29000.0,0.0,0.0,100.0,2026-06-23 18:56:00,2026-06-23 18:56:00,,,-1.0,-1.0,0,0,False,Paid - On Time/Early,1,1,CG-QRIS,QRIS BCA,paid,ENTRY,0,,0,0,0,,2026-10-03 07:00:00,paid,INSTANSI,29000.0,29000.0,29000.0,0.0,0.0,True,False,0.0,Payment date earlier than invoice date,Settled,External Customer,False
019ef45a-1de8-76e5-8f5c-2d2cd04c4f17,CGMR2606230007,2026-06-24 01:17:00.000,2026-06-24 02:17:00.000,paid,,019e4d63-0e8e-708d-871b-4839652fda55,UMK000803,Larana Flowers,UMKM,UMKM,019490f2-0003-7000-8000-123456789003,CG,Cipta Digital,30000.0,0.0,0.0,0.0,30000.0,30000.0,0.0,30000.0,0.0,0.0,100.0,2026-06-23 19:10:00,2026-06-23 19:10:00,,,-1.0,-1.0,0,0,False,Paid - On Time/Early,1,1,CG-JZM,BCA Jazmi Hamzah,paid,ENTRY,0,,0,0,0,,2026-10-03 07:00:00,paid,UMKM,30000.0,30000.0,30000.0,0.0,0.0,True,False,0.0,Payment date earlier than invoice date,Settled,External Customer,False
019ef46d-7481-7208-9e46-de4d280afb79,PKAS2606230011,2026-06-24 02:20:00.000,2026-06-24 03:20:00.000,paid,,019c0411-b17b-716f-bdcd-4530f0eabdb8,EDU000009,Zolan Itb,SEKOLAH,SEKOLAH,019b8a09-0bf8-7497-98a0-86a53a78e02f,PWK,Cipta Purwakarta,63000.0,0.0,0.0,0.0,63000.0,63000.0,0.0,63000.0,0.0,0.0,100.0,2026-06-23 19:21:00,2026-06-23 19:21:00,,,-1.0,-1.0,0,0,False,Paid - On Time/Early,1,1,PWK-CIB,Cash in Box,paid,ENTRY,0,,0,0,0,,2026-10-03 07:00:00,paid,SEKOLAH,63000.0,63000.0,63000.0,0.0,0.0,True,False,0.0,Payment date earlier than invoice date,Settled,External Customer,False
019ef470-2aea-77a4-97ba-d060e60c9bc5,PKAS2606230012,2026-06-24 02:20:00.000,2026-06-24 03:20:00.000,paid,,019b91a7-6a07-732e-8b0c-bd1155b5769b,USR00143,Ramdan (Ramdan),EU,END USER,019b8a09-0bf8-7497-98a0-86a53a78e02f,PWK,Cipta Purwakarta,76000.0,0.0,0.0,0.0,76000.0,76000.0,0.0,76000.0,0.0,0.0,100.0,2026-06-23 19:47:00,2026-06-23 19:47:00,,,-1.0,-1.0,0,0,False,Paid - On Time/Early,1,1,PWK-BCA,BCA PWK,paid,ENTRY,0,,0,0,0,,2026-10-03 07:00:00,paid,END USER,76000.0,76000.0,76000.0,0.0,0.0,True,False,0.0,Payment date earlier than invoice date,Settled,External Customer,False
019ef478-b42c-76a6-97d0-ca331d918eb7,PKAS2606230013,2026-06-24 02:20:00.000,2026-06-24 03:20:00.000,paid,,019b91a5-4e43-76fd-ab9e-5806e9f4df64,UMK0575,Putri (Putri),UMKM,UMKM,019b8a09-0bf8-7497-98a0-86a53a78e02f,PWK,Cipta Purwakarta,130000.0,0.0,0.0,0.0,130000.0,130000.0,0.0,130000.0,0.0,0.0,100.0,2026-06-23 19:33:00,2026-06-23 19:33:00,,,-1.0,-1.0,0,0,False,Paid - On Time/Early,1,1,PWK-BCA,BCA PWK,paid,ENTRY,0,,0,0,0,,2026-10-03 07:00:00,paid,UMKM,130000.0,130000.0,130000.0,0.0,0.0,True,False,0.0,Payment date earlier than invoice date,Settled,External Customer,False
019ef48b-835c-7158-a29e-be2315d37fb6,PKAS2606230016,2026-06-24 02:20:00.000,2026-06-24 03:20:00.000,paid,,019b91a7-6a09-7539-b6ed-f367ac883a46,USR00652,Mita (Mita),EU,END USER,019b8a09-0bf8-7497-98a0-86a53a78e02f,PWK,Cipta Purwakarta,10000.0,0.0,0.0,0.0,10000.0,10000.0,0.0,10000.0,0.0,0.0,100.0,2026-06-23 19:56:00,2026-06-23 19:56:00,,,-1.0,-1.0,0,0,False,Paid - On Time/Early,1,1,PWK-CIB,Cash in Box,paid,ENTRY,0,,0,0,0,,2026-10-03 07:00:00,paid,END USER,10000.0,10000.0,10000.0,0.0,0.0,True,False,0.0,Payment date earlier than invoice date,Settled,External Customer,False
019ef4a0-73e5-72bd-8769-59b7922c1aa5,CJYR2606230021,2026-06-24 01:47:00.000,2026-06-24 02:47:00.000,paid,,019b8de1-c6ba-72a9-8e2e-b99e515d767e,CG0101,Iheng Sablon,AGEN,AGEN,019490f2-0002-7000-8000-123456789002,CNJ,Cipta Cianjur,14000.0,0.0,0.0,0.0,14000.0,14000.0,0.0,14000.0,0.0,0.0,100.0,2026-06-23 20:17:00,2026-06-23 20:17:00,,,-1.0,-1.0,0,0,False,Paid - On Time/Early,1,1,CNJ-CIB,Cash in Box,paid,ENTRY,0,,0,0,0,,2026-10-03 07:00:00,paid,AGEN,14000.0,14000.0,14000.0,0.0,0.0,True,False,0.0,Payment date earlier than invoice date,Settled,External Customer,False
019ef4aa-82aa-732e-8341-9fbb959f224d,CGMR2606230008,2026-06-24 01:17:00.000,2026-06-24 02:17:00.000,paid,,019ef4a7-d4f9-73ef-9c84-221fb43820b8,UMK001064,Koh Erwin,UMKM,UMKM,019490f2-0003-7000-8000-123456789003,CG,Cipta Digital,663592.0,0.0,0.0,0.0,663592.0,663592.0,0.0,663592.0,0.0,0.0,100.0,2026-06-23 20:32:00,2026-06-25 14:58:00,,,-1.0,1.0,1,0,False,Paid - Late,2,2,"CG-CIB, CG-QRIS","Cash in Box, QRIS BCA","dp, paid",ENTRY,0,,0,0,0,,2026-10-03 07:00:00,paid,UMKM,663592.0,663592.0,663592.0,0.0,0.0,True,False,0.0,Payment date earlier than invoice date,Settled,External Customer,True
019ef94d-faa5-74b5-bf2c-045dff0bc82c,CGPJ2606240006,2026-06-25 01:02:00.000,2026-06-25 02:02:00.000,paid,,019dbe9e-af0c-7688-840e-219434100ffc,USR000396,Amma Muhammad,EU,END USER,019490f2-0003-7000-8000-123456789003,CG,Cipta Digital,8000.0,0.0,0.0,0.0,8000.0,8000.0,0.0,8000.0,0.0,0.0,100.0,2026-06-24 18:14:00,2026-06-24 18:14:00,,,-1.0,-1.0,0,0,False,Paid - On Time/Early,1,1,CG-CIB,Cash in Box,paid,ENTRY,0,,0,0,0,,2026-10-03 07:00:00,paid,END USER,8000.0,8000.0,8000.0,0.0,0.0,True,False,0.0,Payment date earlier than invoice date,Settled,External Customer,False
019ef95f-b307-7670-ba5b-d49a39269169,CJFA2606240020,2026-06-25 01:20:00.000,2026-06-25 02:20:00.000,paid,,019b8de1-c6ba-72a9-8e2e-bcc8a1e1fc61,CG0102,Jajay Sablon,AGEN,AGEN,019490f2-0002-7000-8000-123456789002,CNJ,Cipta Cianjur,3500.0,0.0,0.0,0.0,3500.0,3500.0,0.0,3500.0,0.0,0.0,100.0,2026-06-24 18:40:00,2026-06-24 18:40:00,,,-1.0,-1.0,0,0,False,Paid - On Time/Early,1,1,CNJ-CIB,Cash in Box,paid,ENTRY,0,,0,0,0,,2026-10-03 07:00:00,paid,AGEN,3500.0,3500.0,3500.0,0.0,0.0,True,False,0.0,Payment date earlier than invoice date,Settled,External Customer,False
019efe75-026e-749b-8f12-56d75514bb79,CGSB2606250005,2026-06-26 00:46:00.000,2026-06-26 01:46:00.000,paid,,019efe72-fe6b-72b6-9f65-79e5fc346566,USR000760,Nanda Hilman,EU,END USER,019490f2-0003-7000-8000-123456789003,CG,Cipta Digital,400000.0,0.0,0.0,0.0,400000.0,400000.0,0.0,400000.0,0.0,0.0,100.0,2026-06-25 18:13:00,2026-06-28 16:09:00,,,-1.0,2.0,2,0,False,Paid - Late,3,1,CG-JZM,BCA Jazmi Hamzah,"paid, partial",ENTRY,0,,0,0,0,,2026-10-03 07:00:00,paid,END USER,400000.0,400000.0,400000.0,0.0,0.0,True,False,0.0,Payment date earlier than invoice date,Settled,External Customer,True
019efe80-d148-7311-a669-c4fde841d412,CJFA2606250014,2026-06-26 01:15:00.000,2026-06-26 02:15:00.000,paid,,019b8de1-c6b8-75ba-9067-14d7bca57699,UMK0101,Seteguk Drink,UMKM,UMKM,019490f2-0002-7000-8000-123456789002,CNJ,Cipta Cianjur,45000.0,0.0,0.0,0.0,45000.0,45000.0,0.0,45000.0,0.0,0.0,100.0,2026-06-25 18:54:00,2026-06-25 18:54:00,,,-1.0,-1.0,0,0,False,Paid - On Time/Early,1,1,CNJ-BCA,BCA 2201,paid,ENTRY,0,,0,0,0,,2026-10-03 07:00:00,paid,UMKM,45000.0,45000.0,45000.0,0.0,0.0,True,False,0.0,Payment date earlier than invoice date,Settled,External Customer,False
019efe9a-d1d2-727a-83ef-d256e3fa8118,CJFA2606250015,2026-06-26 01:15:00.000,2026-06-26 02:15:00.000,paid,,019b8de1-c6ba-72a9-8e2f-70f365c150f9,CG0147,Perc. Sakura,AGEN,AGEN,019490f2-0002-7000-8000-123456789002,CNJ,Cipta Cianjur,15000.0,0.0,0.0,0.0,15000.0,15000.0,0.0,15000.0,0.0,0.0,100.0,2026-06-25 19:14:00,2026-06-25 19:14:00,,,-1.0,-1.0,0,0,False,Paid - On Time/Early,1,1,CNJ-CIB,Cash in Box,paid,ENTRY,0,,0,0,0,,2026-10-03 07:00:00,paid,AGEN,15000.0,15000.0,15000.0,0.0,0.0,True,False,0.0,Payment date earlier than invoice date,Settled,External Customer,False
019efeb2-cc83-703b-b860-39fc5b39c847,CJFA2606250016,2026-06-26 02:12:00.000,2026-06-26 03:12:00.000,paid,,019b8de1-c6ba-72a9-8e2e-1c595a263a03,CG0062,Perc. Q Offset,AGEN,AGEN,019490f2-0002-7000-8000-123456789002,CNJ,Cipta Cianjur,6000.0,0.0,0.0,0.0,6000.0,6000.0,0.0,6000.0,0.0,0.0,100.0,2026-06-25 19:13:00,2026-06-25 19:13:00,,,-1.0,-1.0,0,0,False,Paid - On Time/Early,1,1,CNJ-CIB,Cash in Box,paid,ENTRY,0,,0,0,0,,2026-10-03 07:00:00,paid,AGEN,6000.0,6000.0,6000.0,0.0,0.0,True,False,0.0,Payment date earlier than invoice date,Settled,External Customer,False
019efec5-ce02-73cd-9fcc-c99dfae9674b,CJFA2606250017,2026-06-26 02:32:00.000,2026-06-26 03:32:00.000,paid,,019b8de1-c6b8-75ba-9066-3ec2383e13f4,UMK0047,Majelta (Majelta),UMKM,UMKM,019490f2-0002-7000-8000-123456789002,CNJ,Cipta Cianjur,150000.0,0.0,0.0,0.0,150000.0,150000.0,0.0,150000.0,0.0,0.0,100.0,2026-06-25 19:39:00,2026-06-25 19:39:00,,,-1.0,-1.0,0,0,False,Paid - On Time/Early,1,1,CNJ-BCA,BCA 2201,paid,ENTRY,0,,0,0,0,,2026-10-03 07:00:00,paid,UMKM,150000.0,150000.0,150000.0,0.0,0.0,True,False,0.0,Payment date earlier than invoice date,Settled,External Customer,False
019efec7-f84d-77aa-9c79-fe794ab65487,CGSB2606250006,2026-06-26 00:46:00.000,2026-06-26 01:46:00.000,paid,,019efec7-7df5-702e-9e9c-6aca5fb17a8d,USR000761,Elvina Farissa Budiputri,EU,END USER,019490f2-0003-7000-8000-123456789003,CG,Cipta Digital,90000.0,0.0,0.0,0.0,90000.0,90000.0,0.0,90000.0,0.0,0.0,100.0,2026-06-25 19:37:00,2026-06-25 19:37:00,,,-1.0,-1.0,0,0,False,Paid - On Time/Early,1,1,CG-JZM,BCA Jazmi Hamzah,paid,ENTRY,0,,0,0,0,,2026-10-03 07:00:00,paid,END USER,90000.0,90000.0,90000.0,0.0,0.0,True,False,0.0,Payment date earlier than invoice date,Settled,External Customer,False
019efeda-754e-77bd-a5c5-81ede379a8af,CGNN2606250012,2026-06-26 02:55:00.000,2026-06-26 03:55:00.000,paid,,019b9e35-f787-755d-9c8c-9947cc2973fa,EU5168,Siti Rahmah,EU,END USER,019490f2-0003-7000-8000-123456789003,CG,Cipta Digital,48000.0,0.0,0.0,0.0,48000.0,48000.0,0.0,48000.0,0.0,0.0,100.0,2026-06-25 20:14:00,2026-06-25 20:14:00,,,-1.0,-1.0,0,0,False,Paid - On Time/Early,1,1,CG-QRIS,QRIS BCA,paid,ENTRY,0,,0,0,0,,2026-10-03 07:00:00,paid,END USER,48000.0,48000.0,48000.0,0.0,0.0,True,False,0.0,Payment date earlier than invoice date,Settled,External Customer,False
019efee1-cd49-757a-b3a7-3a80e836bc60,CGNN2606250013,2026-06-26 02:55:00.000,2026-06-26 03:55:00.000,paid,,019c54e4-d526-7058-8e82-900169b7a7cf,UMK000155,Fita Jayanti,UMKM,UMKM,019490f2-0003-7000-8000-123456789003,CG,Cipta Digital,50000.0,0.0,0.0,0.0,50000.0,50000.0,0.0,50000.0,0.0,0.0,100.0,2026-06-25 20:22:00,2026-06-25 20:22:00,,,-1.0,-1.0,0,0,False,Paid - On Time/Early,1,1,CG-JZM,BCA Jazmi Hamzah,paid,ENTRY,0,,0,0,0,,2026-10-03 07:00:00,paid,UMKM,50000.0,50000.0,50000.0,0.0,0.0,True,False,0.0,Payment date earlier than invoice date,Settled,External Customer,False
019efee6-856c-714e-a1a9-4948277375f9,CGSB2606250007,2026-06-26 00:46:00.000,2026-06-26 01:46:00.000,paid,,019b9e31-6b7a-7468-acad-e1505de9c54e,EU3393,PT Pr Rolls Indonesia,EU,END USER,019490f2-0003-7000-8000-123456789003,CG,Cipta Digital,75000.0,0.0,0.0,0.0,75000.0,75000.0,0.0,75000.0,0.0,0.0,100.0,2026-06-25 20:12:00,2026-06-25 20:12:00,,,-1.0,-1.0,0,0,False,Paid - On Time/Early,1,1,CG-JZM,BCA Jazmi Hamzah,paid,ENTRY,0,,0,0,0,,2026-10-03 07:00:00,paid,END USER,75000.0,75000.0,75000.0,0.0,0.0,True,False,0.0,Payment date earlier than invoice date,Settled,External Customer,False
019efee7-a4c6-71bc-a5e8-fabdc028fed8,CGRD2606250010,2026-06-26 03:08:00.000,2026-06-26 04:08:00.000,paid,,019efee7-2017-7571-9dcd-1f41197362ad,USR000762,Devi Ubadillah,EU,END USER,019490f2-0003-7000-8000-123456789003,CG,Cipta Digital,1815000.0,0.0,0.0,0.0,1815000.0,1815000.0,0.0,1815000.0,0.0,0.0,100.0,2026-06-25 20:14:00,2026-06-28 13:00:00,,,-1.0,2.0,2,0,False,Paid - Late,2,2,"CG-CIB, CG-JZM","BCA Jazmi Hamzah, Cash in Box",paid,ENTRY,0,,0,0,0,,2026-10-03 07:00:00,paid,END USER,1815000.0,1815000.0,1815000.0,0.0,0.0,True,False,0.0,Payment date earlier than invoice date,Settled,External Customer,True
019f037c-73dc-733c-a83b-35f12f6cf1db,CJFU2606260007,2026-06-27 00:30:00.000,2026-06-27 01:30:00.000,paid,,019b8de1-c6ba-72a9-8e2e-596d78407798,CG0077,Salafie Inside,AGEN,AGEN,019490f2-0002-7000-8000-123456789002,CNJ,Cipta Cianjur,30000.0,0.0,0.0,0.0,30000.0,30000.0,0.0,30000.0,0.0,0.0,100.0,2026-06-26 19:11:00,2026-06-26 19:11:00,,,-1.0,-1.0,0,0,False,Paid - On Time/Early,1,1,CNJ-CIB,Cash in Box,paid,ENTRY,0,,0,0,0,,2026-10-03 07:00:00,paid,AGEN,30000.0,30000.0,30000.0,0.0,0.0,True,False,0.0,Payment date earlier than invoice date,Settled,External Customer,False
019f0384-28ad-77fd-9323-b740faa20e06,PKJA2606260013,2026-06-27 00:40:00.000,2026-07-03 19:22:00.000,paid,,019b91a5-4e42-73a9-8ac2-bbc3582746f4,UMK0513,Silvi (Silvi),UMKM,UMKM,019b8a09-0bf8-7497-98a0-86a53a78e02f,PWK,Cipta Purwakarta,2080000.0,0.0,0.0,0.0,2080000.0,2080000.0,0.0,2080000.0,0.0,0.0,100.0,2026-06-26 17:40:00,2026-07-05 14:03:00,,,-1.0,8.0,2,0,False,Paid - Late,2,2,"PWK-BCA, PWK-CIB","BCA PWK, Cash in Box","dp, paid",ENTRY,0,,0,0,0,,2026-10-03 07:00:00,paid,UMKM,2080000.0,2080000.0,2080000.0,0.0,0.0,True,False,0.0,Payment date earlier than invoice date,Settled,External Customer,True
019f0396-0f64-75cf-805b-4f69c982ebc7,CJFU2606260009,2026-06-27 00:30:00.000,2026-06-27 01:30:00.000,paid,,019c136a-f791-73d7-afc0-208b2b7cfa18,USR000046,Afandi Kafi,EU,END USER,019490f2-0002-7000-8000-123456789002,CNJ,Cipta Cianjur,75000.0,0.0,0.0,0.0,75000.0,75000.0,0.0,75000.0,0.0,0.0,100.0,2026-06-26 23:34:00,2026-06-26 23:34:00,,,-1.0,-1.0,0,0,False,Paid - On Time/Early,1,1,CNJ-CIB,Cash in Box,paid,ENTRY,0,,0,0,0,,2026-10-03 07:00:00,paid,END USER,75000.0,75000.0,75000.0,0.0,0.0,True,False,0.0,Payment date earlier than invoice date,Settled,External Customer,False
019f03b9-4b92-776a-9984-1a81453b48c0,CJFU2606260010,2026-06-27 00:30:00.000,2026-06-27 01:30:00.000,paid,,019b8de1-c6b8-75ba-9066-f48822674f8e,UMK0093,Arif Sablon,UMKM,UMKM,019490f2-0002-7000-8000-123456789002,CNJ,Cipta Cianjur,17500.0,0.0,0.0,0.0,17500.0,17500.0,0.0,17500.0,0.0,0.0,100.0,2026-06-26 19:14:00,2026-06-26 19:14:00,,,-1.0,-1.0,0,0,False,Paid - On Time/Early,1,1,CNJ-CIB,Cash in Box,paid,ENTRY,0,,0,0,0,,2026-10-03 07:00:00,paid,UMKM,17500.0,17500.0,17500.0,0.0,0.0,True,False,0.0,Payment date earlier than invoice date,Settled,External Customer,False
019f03e1-1fcb-77a8-9fec-d30ac72155d3,CJYR2606260015,2026-06-27 01:47:00.000,2026-06-27 02:47:00.000,paid,,019b8de1-c6ba-72a9-8e2d-ffef0dba7666,CG0054,Perc. Yoes,AGEN,AGEN,019490f2-0002-7000-8000-123456789002,CNJ,Cipta Cianjur,32000.0,0.0,0.0,0.0,32000.0,32000.0,0.0,32000.0,0.0,0.0,100.0,2026-06-26 19:22:00,2026-06-26 19:22:00,,,-1.0,-1.0,0,0,False,Paid - On Time/Early,1,1,CNJ-CIB,Cash in Box,paid,ENTRY,0,,0,0,0,,2026-10-03 07:00:00,paid,AGEN,32000.0,32000.0,32000.0,0.0,0.0,True,False,0.0,Payment date earlier than invoice date,Settled,External Customer,False
019f03e3-c20f-71a3-a9a2-bc4ee81e2186,CJFU2606260011,2026-06-27 00:30:00.000,2026-06-27 01:30:00.000,paid,,019b8de1-c6bb-707a-8731-0dab57f2c5ce,CG0230,Foto Copy Aira Firman,AGEN,AGEN,019490f2-0002-7000-8000-123456789002,CNJ,Cipta Cianjur,294000.0,0.0,0.0,0.0,294000.0,294000.0,0.0,294000.0,0.0,0.0,100.0,2026-06-26 23:34:00,2026-06-26 23:34:00,,,-1.0,-1.0,0,0,False,Paid - On Time/Early,1,1,CNJ-CIB,Cash in Box,paid,ENTRY,0,,0,0,0,,2026-10-03 07:00:00,paid,AGEN,294000.0,294000.0,294000.0,0.0,0.0,True,False,0.0,Payment date earlier than invoice date,Settled,External Customer,False
019f0427-ec7b-71df-a782-9aaf82dd9545,CJFA2606260010,2026-06-27 03:38:00.000,2026-06-27 04:38:00.000,paid,,019b8de1-c6b8-75ba-9066-9b980b633417,UMK0070,Sinar Mulya Ibu,UMKM,UMKM,019490f2-0002-7000-8000-123456789002,CNJ,Cipta Cianjur,70000.0,0.0,0.0,0.0,70000.0,70000.0,0.0,70000.0,0.0,0.0,100.0,2026-06-26 21:16:00,2026-06-26 21:16:00,,,-1.0,-1.0,0,0,False,Paid - On Time/Early,1,1,CNJ-BCA,BCA 2201,paid,ENTRY,0,,0,0,0,,2026-10-03 07:00:00,paid,UMKM,70000.0,70000.0,70000.0,0.0,0.0,True,False,0.0,Payment date earlier than invoice date,Settled,External Customer,False
019f0460-1ffe-7649-9bdd-431c34d4cae9,CJYR2606260016,2026-06-27 01:47:00.000,2026-06-27 02:47:00.000,paid,,019c1d66-6da6-722a-a5d6-71f90c61de17,USR000275,A Ridwan (A Ridwan),EU,END USER,019490f2-0002-7000-8000-123456789002,CNJ,Cipta Cianjur,40000.0,0.0,0.0,0.0,40000.0,40000.0,0.0,40000.0,0.0,0.0,100.0,2026-06-26 21:40:00,2026-06-26 21:40:00,,,-1.0,-1.0,0,0,False,Paid - On Time/Early,1,1,CNJ-CIB,Cash in Box,paid,ENTRY,0,,0,0,0,,2026-10-03 07:00:00,paid,END USER,40000.0,40000.0,40000.0,0.0,0.0,True,False,0.0,Payment date earlier than invoice date,Settled,External Customer,False
019f0947-4465-7766-90db-582c36322792,CJFA2606270011,2026-06-28 03:29:00.000,2026-06-28 04:29:00.000,paid,,019c1d66-6da6-722a-a5d6-77a3120042e5,USR000276,Dama (Dama),EU,END USER,019490f2-0002-7000-8000-123456789002,CNJ,Cipta Cianjur,90000.0,0.0,0.0,0.0,90000.0,90000.0,0.0,90000.0,0.0,0.0,100.0,2026-06-27 20:31:00,2026-06-27 20:31:00,,,-1.0,-1.0,0,0,False,Paid - On Time/Early,1,1,CNJ-CIB,Cash in Box,paid,ENTRY,0,,0,0,0,,2026-10-03 07:00:00,paid,END USER,90000.0,90000.0,90000.0,0.0,0.0,True,False,0.0,Payment date earlier than invoice date,Settled,External Customer,False
019f0949-2f43-72eb-a162-4dc0af8fe6aa,CJFA2606270012,2026-06-28 03:29:00.000,2026-06-28 04:29:00.000,paid,,019b8de1-c6b9-77e8-a27a-41c5d655164e,UMK0114,Fahmi Sablon,UMKM,UMKM,019490f2-0002-7000-8000-123456789002,CNJ,Cipta Cianjur,10500.0,500.0,0.0,0.0,10000.0,10000.0,0.0,10000.0,0.0,0.0,100.0,2026-06-27 20:33:00,2026-06-27 20:33:00,,,-1.0,-1.0,0,0,False,Paid - On Time/Early,1,1,CNJ-CIB,Cash in Box,paid,ENTRY,0,,0,0,0,,2026-10-03 07:00:00,paid,UMKM,10000.0,10000.0,10000.0,0.0,0.0,True,False,0.0,Payment date earlier than invoice date,Settled,External Customer,False
019f132b-b9e5-775a-8f80-70a4a8ceea73,CJFU2606290001,2026-06-30 01:37:00.000,2026-06-30 02:37:00.000,paid,,019b8de1-c6ba-72a9-8e2e-d1699875d3fb,CG0107,Fugitive Sablon,AGEN,AGEN,019490f2-0002-7000-8000-123456789002,CNJ,Cipta Cianjur,7000.0,0.0,0.0,0.0,7000.0,7000.0,0.0,7000.0,0.0,0.0,100.0,2026-06-29 19:03:00,2026-06-29 19:03:00,,,-1.0,-1.0,0,0,False,Paid - On Time/Early,1,1,CNJ-CIB,Cash in Box,paid,ENTRY,0,,0,0,0,,2026-10-03 07:00:00,paid,AGEN,7000.0,7000.0,7000.0,0.0,0.0,True,False,0.0,Payment date earlier than invoice date,Settled,External Customer,False
019f1386-9efa-7409-8556-e30d8403e5e6,OLAM2606290004,2026-06-30 03:12:00.000,2026-06-30 04:12:00.000,paid,,019e57a6-ab8b-7123-8d50-8ed1b7eafa80,IND000056,Pt Fumindo Mandiri Sejahtera,INDUSTRI,INDUSTRI,019ab8e3-cb41-7087-92ab-c7596e6780f4,OL,Cipta Online,57000.0,0.0,0.0,0.0,57000.0,57000.0,0.0,57000.0,0.0,0.0,100.0,2026-06-29 20:20:00,2026-06-29 20:20:00,,,-1.0,-1.0,0,0,False,Paid - On Time/Early,1,1,OL-CIB,Cash in Box,paid,ENTRY,0,,0,0,0,,2026-10-03 07:00:00,paid,INDUSTRI,57000.0,57000.0,57000.0,0.0,0.0,True,False,0.0,Payment date earlier than invoice date,Settled,External Customer,False
019f189a-d503-756a-8e12-16c540a0b8b9,CGPJ2606300015,2026-07-01 02:38:00.000,2026-07-01 03:38:00.000,paid,,019f189a-6ab5-73fe-87bd-6142b1a40658,USR000779,Ayi Ismaya,EU,END USER,019490f2-0003-7000-8000-123456789003,CG,Cipta Digital,80000.0,0.0,0.0,0.0,80000.0,80000.0,0.0,80000.0,0.0,0.0,100.0,2026-06-30 19:57:00,2026-06-30 19:57:00,,,-1.0,-1.0,0,0,False,Paid - On Time/Early,1,1,CG-QRIS,QRIS BCA,paid,ENTRY,0,,0,0,0,,2026-10-03 07:00:00,paid,END USER,80000.0,80000.0,80000.0,0.0,0.0,True,False,0.0,Payment date earlier than invoice date,Settled,External Customer,False
019f18b6-4ec0-77bd-ab9f-ac20cbf1a5ea,CJFA2606300017,2026-07-01 03:26:00.000,2026-07-01 04:26:00.000,paid,,019b8de1-c6ba-72a9-8e2f-0142f56d841d,CG0119,Obvious Atep Sablon,AGEN,AGEN,019490f2-0002-7000-8000-123456789002,CNJ,Cipta Cianjur,5000.0,0.0,0.0,0.0,5000.0,5000.0,0.0,5000.0,0.0,0.0,100.0,2026-06-30 20:31:00,2026-06-30 20:31:00,,,-1.0,-1.0,0,0,False,Paid - On Time/Early,1,1,CNJ-CIB,Cash in Box,paid,ENTRY,0,,0,0,0,,2026-10-03 07:00:00,paid,AGEN,5000.0,5000.0,5000.0,0.0,0.0,True,False,0.0,Payment date earlier than invoice date,Settled,External Customer,False
019f1bc6-134c-700d-942e-2c20c71399a8,GLVI2607010003,2026-07-01 15:10:00.000,2026-07-01 16:10:00.000,paid,,019ed483-fcfd-747d-a71f-5a032b57552e,EM000001,Winny Cust,EMPLOYEE,EMPLOYEE,019490f2-0001-7000-8000-123456789001,GLH,Cipta Galuh,440000.0,0.0,0.0,0.0,440000.0,440000.0,0.0,440000.0,0.0,0.0,100.0,2026-06-30 13:52:00,2026-06-30 13:52:00,,,-1.0,-1.0,0,0,False,Paid - On Time/Early,1,1,GLH-MDR,Mandiri Karawang,paid,ENTRY,0,,0,0,0,,2026-10-03 07:00:00,paid,EMPLOYEE,440000.0,440000.0,440000.0,0.0,0.0,True,False,0.0,Payment date earlier than invoice date,Settled,External Customer,False
019f1d41-2a8c-7204-901a-3ec442646f32,PKAB2607010012,2026-07-02 00:36:00.000,2026-07-02 03:52:00.000,paid,,019bf345-7a12-70bd-b5c4-8e35e99bb69e,UMK000027,Eza Firly,UMKM,UMKM,019b8a09-0bf8-7497-98a0-86a53a78e02f,PWK,Cipta Purwakarta,1500000.0,0.0,0.0,0.0,1500000.0,1500000.0,0.0,1500000.0,0.0,0.0,100.0,2026-07-01 17:37:00,2026-07-01 17:37:00,,,-1.0,-1.0,0,0,False,Paid - On Time/Early,1,1,PWK-BCA,BCA PWK,paid,ENTRY,0,,0,0,0,,2026-10-03 07:00:00,paid,UMKM,1500000.0,1500000.0,1500000.0,0.0,0.0,True,False,0.0,Payment date earlier than invoice date,Settled,External Customer,False
019f2268-0488-76b9-b2e1-80a4a9d8e624,CJFA2607020017,2026-07-03 00:36:00.000,2026-07-03 01:36:00.000,paid,,019b8de1-c6b9-77e8-a27a-989eb3b23589,UMK0136,Pizza Hut Cianjur,UMKM,UMKM,019490f2-0002-7000-8000-123456789002,CNJ,Cipta Cianjur,35000.0,0.0,0.0,0.0,35000.0,35000.0,0.0,35000.0,0.0,0.0,100.0,2026-07-02 17:41:00,2026-07-02 17:41:00,,,-1.0,-1.0,0,0,False,Paid - On Time/Early,1,1,CNJ-CIB,Cash in Box,paid,ENTRY,0,,0,0,0,,2026-10-03 07:00:00,paid,UMKM,35000.0,35000.0,35000.0,0.0,0.0,True,False,0.0,Payment date earlier than invoice date,Settled,External Customer,False
019f226d-c42e-76cc-8b1d-bab37aee21a2,CJYR2607020008,2026-07-03 00:40:00.000,2026-07-03 01:40:00.000,paid,,019c1d66-6da6-722a-a5d5-b4efebdf82ad,USR000228,A Dedy (A Dedy),EU,END USER,019490f2-0002-7000-8000-123456789002,CNJ,Cipta Cianjur,15000.0,0.0,0.0,0.0,15000.0,15000.0,0.0,15000.0,0.0,0.0,100.0,2026-07-02 17:50:00,2026-07-02 17:50:00,,,-1.0,-1.0,0,0,False,Paid - On Time/Early,1,1,CNJ-CIB,Cash in Box,paid,ENTRY,0,,0,0,0,,2026-10-03 07:00:00,paid,END USER,15000.0,15000.0,15000.0,0.0,0.0,True,False,0.0,Payment date earlier than invoice date,Settled,External Customer,False
019f2270-e34c-7254-bc3d-86ff75c07359,CJFA2607020018,2026-07-03 00:36:00.000,2026-07-03 01:36:00.000,paid,,019c1d68-55e7-7649-a646-f02617d61981,USR000372,Nurul Syipa,EU,END USER,019490f2-0002-7000-8000-123456789002,CNJ,Cipta Cianjur,40000.0,0.0,0.0,0.0,40000.0,40000.0,0.0,40000.0,0.0,0.0,100.0,2026-07-02 17:48:00,2026-07-02 17:48:00,,,-1.0,-1.0,0,0,False,Paid - On Time/Early,1,1,CNJ-CIB,Cash in Box,paid,ENTRY,0,,0,0,0,,2026-10-03 07:00:00,paid,END USER,40000.0,40000.0,40000.0,0.0,0.0,True,False,0.0,Payment date earlier than invoice date,Settled,External Customer,False
019f22bf-00a6-7681-8529-f2052958755a,CJYR2607020010,2026-07-03 00:40:00.000,2026-07-03 01:40:00.000,dp,,019b8de1-c6ba-72a9-8e2f-70f365c150f9,CG0147,Perc. Sakura,AGEN,AGEN,019490f2-0002-7000-8000-123456789002,CNJ,Cipta Cianjur,35000.0,0.0,0.0,0.0,35000.0,25000.0,0.0,25000.0,10000.0,0.0,71.43,2026-07-02 19:17:00,2026-07-02 19:17:00,,,-1.0,,0,92,True,Partially Paid - Overdue,1,1,CNJ-CIB,Cash in Box,paid,ENTRY,0,,0,0,0,,2026-10-03 07:00:00,dp,AGEN,35000.0,25000.0,25000.0,10000.0,0.0,False,True,10000.0,Payment date earlier than invoice date,90+ Days,External Customer,False
019f27d9-76c8-711d-9d44-7c9b69011f48,PKAB2607030012,2026-07-04 01:57:00.000,2026-07-04 02:57:00.000,paid,,019b91a7-6a12-76db-9ff8-299b9315ac04,USR02532,Stefani (Stefani),EU,END USER,019b8a09-0bf8-7497-98a0-86a53a78e02f,PWK,Cipta Purwakarta,16000.0,0.0,0.0,0.0,16000.0,16000.0,0.0,16000.0,0.0,0.0,100.0,2026-07-03 18:59:00,2026-07-03 18:59:00,,,-1.0,-1.0,0,0,False,Paid - On Time/Early,1,1,PWK-BCA,BCA PWK,paid,ENTRY,0,,0,0,0,,2026-10-03 07:00:00,paid,END USER,16000.0,16000.0,16000.0,0.0,0.0,True,False,0.0,Payment date earlier than invoice date,Settled,External Customer,False
019f27ee-1442-766b-908d-b57922277424,PKAB2607030008,2026-07-04 02:22:00.000,2026-07-04 02:57:00.000,paid,,019e209a-8b46-7115-b797-e6c2d55416f7,USR000445,Abah Tri,EU,END USER,019b8a09-0bf8-7497-98a0-86a53a78e02f,PWK,Cipta Purwakarta,490000.0,0.0,0.0,0.0,490000.0,490000.0,0.0,490000.0,0.0,0.0,100.0,2026-07-03 19:22:00,2026-07-03 19:22:00,,,-1.0,-1.0,0,0,False,Paid - On Time/Early,1,1,PWK-BCA,BCA PWK,paid,ENTRY,0,,0,0,0,,2026-10-03 07:00:00,paid,END USER,490000.0,490000.0,490000.0,0.0,0.0,True,False,0.0,Payment date earlier than invoice date,Settled,External Customer,False
019f280d-edd9-763c-8fe7-54c2ee821c1d,CJYR2607030009,2026-07-04 02:56:00.000,2026-07-04 03:56:00.000,paid,,019c1d66-6da6-722a-a5d6-71f90c61de17,USR000275,A Ridwan (A Ridwan),EU,END USER,019490f2-0002-7000-8000-123456789002,CNJ,Cipta Cianjur,25000.0,0.0,0.0,0.0,25000.0,25000.0,0.0,25000.0,0.0,0.0,100.0,2026-07-03 19:57:00,2026-07-03 19:57:00,,,-1.0,-1.0,0,0,False,Paid - On Time/Early,1,1,CNJ-CIB,Cash in Box,paid,ENTRY,0,,0,0,0,,2026-10-03 07:00:00,paid,END USER,25000.0,25000.0,25000.0,0.0,0.0,True,False,0.0,Payment date earlier than invoice date,Settled,External Customer,False
019f2af9-d788-731a-ac21-d3c5dc061283,PKJA2607040002,2026-07-04 17:35:00.000,2026-07-04 20:38:00.000,paid,,019b91a5-4e42-73a9-8abf-dd53f71ea64d,UMK0330,Sinta (Sinta),UMKM,UMKM,019b8a09-0bf8-7497-98a0-86a53a78e02f,PWK,Cipta Purwakarta,42000.0,0.0,0.0,0.0,42000.0,42000.0,0.0,42000.0,0.0,0.0,100.0,2026-07-03 21:44:00,2026-07-03 21:44:00,,,-1.0,-1.0,0,0,False,Paid - On Time/Early,1,1,PWK-BCA,BCA PWK,paid,ENTRY,0,,0,0,0,,2026-10-03 07:00:00,paid,UMKM,42000.0,42000.0,42000.0,0.0,0.0,True,False,0.0,Payment date earlier than invoice date,Settled,External Customer,False
019f2cc9-0f00-76bc-bcac-3bd9472a0d27,CJYR2607040017,2026-07-05 00:47:00.000,2026-07-05 01:47:00.000,paid,,019c1d5c-d646-72cb-88c4-a453b94d1980,USR000099,ZAHRA (ZAHRA),EU,END USER,019490f2-0002-7000-8000-123456789002,CNJ,Cipta Cianjur,8000.0,0.0,0.0,0.0,8000.0,8000.0,0.0,8000.0,0.0,0.0,100.0,2026-07-04 18:00:00,2026-07-04 18:00:00,,,-1.0,-1.0,0,0,False,Paid - On Time/Early,1,1,CNJ-CIB,Cash in Box,paid,ENTRY,0,,0,0,0,,2026-10-03 07:00:00,paid,END USER,8000.0,8000.0,8000.0,0.0,0.0,True,False,0.0,Payment date earlier than invoice date,Settled,External Customer,False
019f309c-ceed-74be-ae0f-199a88c18261,PKJA2607050001,2026-07-05 22:03:00.000,2026-07-06 04:03:00.000,paid,,019b91a7-6a0d-71db-81f8-01a225cba237,USR01699,Fandy (Fandy),EU,END USER,019b8a09-0bf8-7497-98a0-86a53a78e02f,PWK,Cipta Purwakarta,2270000.0,170000.0,0.0,0.0,2100000.0,2100000.0,0.0,2100000.0,0.0,0.0,100.0,2026-07-04 18:09:00,2026-07-06 15:40:00,,,-1.0,1.0,0,0,False,Paid - On Time/Early,2,1,PWK-BCA,BCA PWK,"dp, paid",ENTRY,0,,0,0,0,,2026-10-03 07:00:00,paid,END USER,2100000.0,2100000.0,2100000.0,0.0,0.0,True,False,0.0,Payment date earlier than invoice date,Settled,External Customer,True
019f36f8-009c-742e-ba0a-9a37357c3ae6,CJFA2607060003,2026-07-07 00:21:00.000,2026-07-07 01:21:00.000,paid,,019ef33a-be0a-743a-83ce-ba66f4600390,USR001165,Muhammad Alfian,EU,END USER,019490f2-0002-7000-8000-123456789002,CNJ,Cipta Cianjur,240000.0,0.0,0.0,0.0,240000.0,240000.0,0.0,240000.0,0.0,0.0,100.0,2026-07-06 20:24:00,2026-07-06 20:24:00,,,-1.0,-1.0,0,0,False,Paid - On Time/Early,1,1,CNJ-BCA,BCA 2201,paid,ENTRY,0,,0,0,0,,2026-10-03 07:00:00,paid,END USER,240000.0,240000.0,240000.0,0.0,0.0,True,False,0.0,Payment date earlier than invoice date,Settled,External Customer,False
019f371b-605a-724d-ab98-548823462598,CJYR2607060010,2026-07-07 00:56:00.000,2026-07-07 01:56:00.000,paid,,019c1d69-ca88-74ed-824b-91bcf818a87c,USR000566,Salma (Salma),EU,END USER,019490f2-0002-7000-8000-123456789002,CNJ,Cipta Cianjur,25000.0,0.0,0.0,0.0,25000.0,25000.0,0.0,25000.0,0.0,0.0,100.0,2026-07-06 20:31:00,2026-07-06 20:31:00,,,-1.0,-1.0,0,0,False,Paid - On Time/Early,1,1,CNJ-CIB,Cash in Box,paid,ENTRY,0,,0,0,0,,2026-10-03 07:00:00,paid,END USER,25000.0,25000.0,25000.0,0.0,0.0,True,False,0.0,Payment date earlier than invoice date,Settled,External Customer,False
019f3772-b509-756b-93f1-5b1c4b1f5908,CJYR2607060013,2026-07-07 00:56:00.000,2026-07-07 01:56:00.000,paid,,019b8de1-c6bb-707a-8731-10443b465cd1,CG0231,Sadulur Digital Printing,AGEN,AGEN,019490f2-0002-7000-8000-123456789002,CNJ,Cipta Cianjur,26000.0,1000.0,0.0,0.0,25000.0,25000.0,0.0,25000.0,0.0,0.0,100.0,2026-07-06 19:57:00,2026-07-06 19:57:00,,,-1.0,-1.0,0,0,False,Paid - On Time/Early,1,1,CNJ-CIB,Cash in Box,paid,ENTRY,0,,0,0,0,,2026-10-03 07:00:00,paid,AGEN,25000.0,25000.0,25000.0,0.0,0.0,True,False,0.0,Payment date earlier than invoice date,Settled,External Customer,False
019f377e-492f-7449-a4c2-68e0b135bf8b,CGRD2607060006,2026-07-07 02:53:00.000,2026-07-07 03:53:00.000,paid,,019f377d-d8f8-73db-a8eb-99c3f4561f24,USR000800,Idham Qursyah,EU,END USER,019490f2-0003-7000-8000-123456789003,CG,Cipta Digital,30000.0,0.0,0.0,0.0,30000.0,30000.0,0.0,30000.0,0.0,0.0,100.0,2026-07-06 19:54:00,2026-07-06 19:54:00,,,-1.0,-1.0,0,0,False,Paid - On Time/Early,1,1,CG-CIB,Cash in Box,paid,ENTRY,0,,0,0,0,,2026-10-03 07:00:00,paid,END USER,30000.0,30000.0,30000.0,0.0,0.0,True,False,0.0,Payment date earlier than invoice date,Settled,External Customer,False
019f3782-bcec-7509-b8ac-72a4fd4c2011,CJFA2607060005,2026-07-07 00:51:00.000,2026-07-07 01:51:00.000,paid,,019c1d69-ca87-73fc-b4c1-a1157b063797,USR000476,Noviani (Noviani),EU,END USER,019490f2-0002-7000-8000-123456789002,CNJ,Cipta Cianjur,5000.0,0.0,0.0,0.0,5000.0,5000.0,0.0,5000.0,0.0,0.0,100.0,2026-07-06 20:09:00,2026-07-06 20:09:00,,,-1.0,-1.0,0,0,False,Paid - On Time/Early,1,1,CNJ-CIB,Cash in Box,paid,ENTRY,0,,0,0,0,,2026-10-03 07:00:00,paid,END USER,5000.0,5000.0,5000.0,0.0,0.0,True,False,0.0,Payment date earlier than invoice date,Settled,External Customer,False
019f3afc-a69f-73a2-bd0a-79eec87071d5,PKDR2606090005,2026-07-07 19:08:00.000,2026-07-07 20:08:00.000,paid,PO/ATWS-00004972,019b91a5-4e3f-733e-ad4e-19881964c89b,IND0182,Atw Solar Indonesia,INDUSTRI,INDUSTRI,019b8a09-0bf8-7497-98a0-86a53a78e02f,PWK,Cipta Purwakarta,5685500.0,0.0,625405.0,0.0,6310905.0,6310905.0,0.0,6310905.0,0.0,0.0,100.0,2026-05-31 14:49:00,2026-05-31 14:49:00,,,-37.0,-37.0,0,0,False,Paid - On Time/Early,1,1,PWK-BCA,BCA PWK,paid,ENTRY,0,,0,0,0,,2026-10-03 07:00:00,paid,INDUSTRI,6310905.0,6310905.0,6310905.0,0.0,0.0,True,False,0.0,Payment date earlier than invoice date,Settled,External Customer,False
019f3afe-2a51-72e9-880b-2526e111954f,PKDR2606230007,2026-07-07 19:11:00.000,2026-07-07 20:08:00.000,paid,PO/ATWS-00004541,019b91a5-4e3f-733e-ad4e-19881964c89b,IND0182,Atw Solar Indonesia,INDUSTRI,INDUSTRI,019b8a09-0bf8-7497-98a0-86a53a78e02f,PWK,Cipta Purwakarta,7878100.0,393905.0,823261.45,0.0,8307456.45,8307456.45,0.0,8307456.45,0.0,0.0,100.0,2026-05-31 14:49:00,2026-05-31 14:49:00,,,-37.0,-37.0,0,0,False,Paid - On Time/Early,1,1,PWK-BCA,BCA PWK,paid,ENTRY,0,,0,0,0,,2026-10-03 07:00:00,paid,INDUSTRI,8307456.45,8307456.45,8307456.45,0.0,0.0,True,False,0.0,Payment date earlier than invoice date,Settled,External Customer,False
019f3b2d-b223-74af-bff8-f32b2578cd2c,PKDR2606230001,2026-07-07 20:04:00.000,2026-07-07 20:08:00.000,paid,4400953171,019b91a5-4e3d-702c-bb5c-b25d99ca7535,IND0019,Pt Prysmian Cables Indonesia,INDUSTRI,INDUSTRI,019b8a09-0bf8-7497-98a0-86a53a78e02f,PWK,Cipta Purwakarta,2800000.0,0.0,308000.0,0.0,3108000.0,3108000.0,0.0,3108000.0,0.0,0.0,100.0,2026-02-28 14:48:00,2026-02-28 14:48:00,,,-129.0,-129.0,0,0,False,Paid - On Time/Early,1,1,PWK-BCA,BCA PWK,paid,ENTRY,0,,0,0,0,,2026-10-03 07:00:00,paid,INDUSTRI,3108000.0,3108000.0,3108000.0,0.0,0.0,True,False,0.0,Payment date earlier than invoice date,Settled,External Customer,False
019f3c20-48cc-7342-9643-be44fe3f022e,CGSB2607070010,2026-07-08 00:28:00.000,2026-07-08 01:28:00.000,paid,,019f3c1f-a380-73c6-9bdc-eae1ceba723e,USR000807,John Cristian,EU,END USER,019490f2-0003-7000-8000-123456789003,CG,Cipta Digital,32000.0,0.0,0.0,0.0,32000.0,32000.0,0.0,32000.0,0.0,0.0,100.0,2026-07-07 17:30:00,2026-07-07 17:30:00,,,-1.0,-1.0,0,0,False,Paid - On Time/Early,1,1,CG-QRIS,QRIS BCA,paid,ENTRY,0,,0,0,0,,2026-10-03 07:00:00,paid,END USER,32000.0,32000.0,32000.0,0.0,0.0,True,False,0.0,Payment date earlier than invoice date,Settled,External Customer,False
019f3c67-6533-772d-a862-f2ad91235470,PKAB2607070012,2026-07-08 01:43:00.000,2026-07-08 02:43:00.000,paid,,019b91a7-6a08-729d-b8e7-b9ec5cbbc541,USR00323,Iren (Iren),EU,END USER,019b8a09-0bf8-7497-98a0-86a53a78e02f,PWK,Cipta Purwakarta,54000.0,0.0,0.0,0.0,54000.0,54000.0,0.0,54000.0,0.0,0.0,100.0,2026-07-07 18:56:00,2026-07-07 18:56:00,,,-1.0,-1.0,0,0,False,Paid - On Time/Early,1,1,PWK-BCA,BCA PWK,paid,ENTRY,0,,0,0,0,,2026-10-03 07:00:00,paid,END USER,54000.0,54000.0,54000.0,0.0,0.0,True,False,0.0,Payment date earlier than invoice date,Settled,External Customer,False
019f3c85-89fe-776c-ab2d-04e31c03d3f5,PKAB2607070014,2026-07-08 01:43:00.000,2026-07-08 02:43:00.000,paid,,019b91a7-6a0b-747a-9c27-3f262b15f922,USR01128,Monic (Monic),EU,END USER,019b8a09-0bf8-7497-98a0-86a53a78e02f,PWK,Cipta Purwakarta,23000.0,0.0,0.0,0.0,23000.0,23000.0,0.0,23000.0,0.0,0.0,100.0,2026-07-07 20:23:00,2026-07-07 20:23:00,,,-1.0,-1.0,0,0,False,Paid - On Time/Early,1,1,PWK-BCA,BCA PWK,paid,ENTRY,0,,0,0,0,,2026-10-03 07:00:00,paid,END USER,23000.0,23000.0,23000.0,0.0,0.0,True,False,0.0,Payment date earlier than invoice date,Settled,External Customer,False
019f3c8b-d8a8-763c-9c5c-7e16d1a3a3e1,PKAB2607070015,2026-07-08 01:43:00.000,2026-07-08 02:43:00.000,paid,,019b91a7-6a12-76db-9ff8-979d7c0098e8,USR02559,Wina (Wina),EU,END USER,019b8a09-0bf8-7497-98a0-86a53a78e02f,PWK,Cipta Purwakarta,135000.0,0.0,0.0,0.0,135000.0,135000.0,0.0,135000.0,0.0,0.0,100.0,2026-07-07 19:34:00,2026-07-07 19:34:00,,,-1.0,-1.0,0,0,False,Paid - On Time/Early,1,1,PWK-BCA,BCA PWK,paid,ENTRY,0,,0,0,0,,2026-10-03 07:00:00,paid,END USER,135000.0,135000.0,135000.0,0.0,0.0,True,False,0.0,Payment date earlier than invoice date,Settled,External Customer,False
019f3cb0-864b-77eb-a2d7-2f3109da3b3e,PKAB2607070017,2026-07-08 01:43:00.000,2026-07-08 02:43:00.000,paid,,019b91a7-6a08-729d-b8e6-9e22ae9b122e,USR00252,Khansa (Khansa),EU,END USER,019b8a09-0bf8-7497-98a0-86a53a78e02f,PWK,Cipta Purwakarta,15000.0,0.0,0.0,0.0,15000.0,15000.0,0.0,15000.0,0.0,0.0,100.0,2026-07-07 20:07:00,2026-07-07 20:07:00,,,-1.0,-1.0,0,0,False,Paid - On Time/Early,1,1,PWK-BCA,BCA PWK,paid,ENTRY,0,,0,0,0,,2026-10-03 07:00:00,paid,END USER,15000.0,15000.0,15000.0,0.0,0.0,True,False,0.0,Payment date earlier than invoice date,Settled,External Customer,False
019f415a-c3ff-753b-a56b-183649b300d5,OLAM2607080001,2026-07-09 00:51:00.000,2026-07-09 01:51:00.000,paid,,019b8dd4-9b0f-733f-95f2-9362e82b9836,USR1691,Avril (Avril),EU,END USER,019ab8e3-cb41-7087-92ab-c7596e6780f4,OL,Cipta Online,120000.0,0.0,0.0,0.0,120000.0,120000.0,0.0,120000.0,0.0,0.0,100.0,2026-07-08 20:00:00,2026-07-08 20:00:00,,,-1.0,-1.0,0,0,False,Paid - On Time/Early,1,1,OL-FDL,BCA Online,paid,ENTRY,0,,0,0,0,,2026-10-03 07:00:00,paid,END USER,120000.0,120000.0,120000.0,0.0,0.0,True,False,0.0,Payment date earlier than invoice date,Settled,External Customer,False
019f4188-0d00-74b5-a75f-da0b2b12854f,PKDR2607080002,2026-07-09 01:38:00.000,2026-07-09 02:38:00.000,paid,,019b91a7-6a08-729d-b8e6-da482ba1a10e,USR00267,Rima (Rima),EU,END USER,019b8a09-0bf8-7497-98a0-86a53a78e02f,PWK,Cipta Purwakarta,398000.0,0.0,0.0,0.0,398000.0,398000.0,0.0,398000.0,0.0,0.0,100.0,2026-07-08 18:41:00,2026-07-08 18:41:00,,,-1.0,-1.0,0,0,False,Paid - On Time/Early,1,1,PWK-BCA,BCA PWK,paid,ENTRY,0,,0,0,0,,2026-10-03 07:00:00,paid,END USER,398000.0,398000.0,398000.0,0.0,0.0,True,False,0.0,Payment date earlier than invoice date,Settled,External Customer,False
019f4194-c2af-72af-8480-900a0578cb2b,CGSB2607080012,2026-07-09 01:54:00.000,2026-07-09 02:54:00.000,paid,,019e4d63-0e8e-708d-871b-4839652fda55,UMK000803,Larana Flowers,UMKM,UMKM,019490f2-0003-7000-8000-123456789003,CG,Cipta Digital,75000.0,0.0,0.0,0.0,75000.0,75000.0,0.0,75000.0,0.0,0.0,100.0,2026-07-08 18:59:00,2026-07-08 18:59:00,,,-1.0,-1.0,0,0,False,Paid - On Time/Early,1,1,CG-QRIS,QRIS BCA,paid,ENTRY,0,,0,0,0,,2026-10-03 07:00:00,paid,UMKM,75000.0,75000.0,75000.0,0.0,0.0,True,False,0.0,Payment date earlier than invoice date,Settled,External Customer,False
019f419f-89bc-77b8-bf24-1655180f735c,PKAB2607080006,2026-07-09 02:06:00.000,2026-07-09 03:06:00.000,paid,,019b91a5-4e42-73a9-8ac0-d96c001a6cc3,UMK0393,Ines (Ines),UMKM,UMKM,019b8a09-0bf8-7497-98a0-86a53a78e02f,PWK,Cipta Purwakarta,52000.0,0.0,0.0,0.0,52000.0,52000.0,0.0,52000.0,0.0,0.0,100.0,2026-07-08 19:12:00,2026-07-08 19:12:00,,,-1.0,-1.0,0,0,False,Paid - On Time/Early,1,1,PWK-BCA,BCA PWK,paid,ENTRY,0,,0,0,0,,2026-10-03 07:00:00,paid,UMKM,52000.0,52000.0,52000.0,0.0,0.0,True,False,0.0,Payment date earlier than invoice date,Settled,External Customer,False
019f41a5-fc25-740a-be79-6e56b4aef71e,CGSB2607080013,2026-07-09 02:13:00.000,2026-07-09 03:13:00.000,paid,,019c31cc-6d61-7174-81e5-bf06d3eebc82,CST19082133,Hani Fah,EU,END USER,019490f2-0003-7000-8000-123456789003,CG,Cipta Digital,55000.0,0.0,0.0,0.0,55000.0,55000.0,0.0,55000.0,0.0,0.0,100.0,2026-07-08 19:13:00,2026-07-08 19:13:00,,,-1.0,-1.0,0,0,False,Paid - On Time/Early,1,1,CG-CIB,Cash in Box,paid,ENTRY,0,,0,0,0,,2026-10-03 07:00:00,paid,END USER,55000.0,55000.0,55000.0,0.0,0.0,True,False,0.0,Payment date earlier than invoice date,Settled,External Customer,False
019f41af-1dc8-766a-a33e-dcf73402293d,OLAM2607080002,2026-07-09 00:51:00.000,2026-07-09 01:51:00.000,paid,,019d4741-ee65-74dc-bc88-5a2a593f6615,IND000052,Pt Grup Skyindo Teknik,INDUSTRI,INDUSTRI,019ab8e3-cb41-7087-92ab-c7596e6780f4,OL,Cipta Online,235500.0,0.0,0.0,0.0,235500.0,235500.0,0.0,235500.0,0.0,0.0,100.0,2026-07-08 19:59:00,2026-07-08 19:59:00,,,-1.0,-1.0,0,0,False,Paid - On Time/Early,1,1,OL-FDL,BCA Online,paid,ENTRY,0,,0,0,0,,2026-10-03 07:00:00,paid,INDUSTRI,235500.0,235500.0,235500.0,0.0,0.0,True,False,0.0,Payment date earlier than invoice date,Settled,External Customer,False
019f41c4-bf2c-756e-8804-316856047ad1,PKAB2607080007,2026-07-09 02:06:00.000,2026-07-09 03:06:00.000,paid,,019b91a7-6a0f-728f-88a0-d6913382c070,USR01988,Manapar Sirait,EU,END USER,019b8a09-0bf8-7497-98a0-86a53a78e02f,PWK,Cipta Purwakarta,3150000.0,0.0,0.0,0.0,3150000.0,3150000.0,0.0,3150000.0,0.0,0.0,100.0,2026-07-08 19:47:00,2026-07-31 17:22:00,,,-1.0,22.0,22,0,False,Paid - Late,2,1,PWK-CIB,Cash in Box,"paid, partial",ENTRY,0,,0,0,0,,2026-10-03 07:00:00,paid,END USER,3150000.0,3150000.0,3150000.0,0.0,0.0,True,False,0.0,Payment date earlier than invoice date,Settled,External Customer,True
019f466d-18b0-7116-9eca-8c53c4acfb38,CJGI2607090006,2026-07-10 00:29:00.000,2026-07-10 01:29:00.000,paid,,019b8de1-c6b9-77e8-a27a-f7531ae982be,UMK0159,Pura Pura Distro,UMKM,UMKM,019490f2-0002-7000-8000-123456789002,CNJ,Cipta Cianjur,3000.0,0.0,0.0,0.0,3000.0,3000.0,0.0,3000.0,0.0,0.0,100.0,2026-07-09 17:31:00,2026-07-09 17:31:00,,,-1.0,-1.0,0,0,False,Paid - On Time/Early,1,1,CNJ-CIB,Cash in Box,paid,ENTRY,0,,0,0,0,,2026-10-03 07:00:00,paid,UMKM,3000.0,3000.0,3000.0,0.0,0.0,True,False,0.0,Payment date earlier than invoice date,Settled,External Customer,False
019f4671-3341-73fa-a7b5-0c66bf5a7aea,CJGI2607090007,2026-07-10 00:29:00.000,2026-07-10 01:29:00.000,paid,,019c1d68-55ee-74ac-9e65-3d52285a8999,USR000448,PAK UMAY,EU,END USER,019490f2-0002-7000-8000-123456789002,CNJ,Cipta Cianjur,30000.0,0.0,0.0,0.0,30000.0,30000.0,0.0,30000.0,0.0,0.0,100.0,2026-07-09 17:34:00,2026-07-09 17:34:00,,,-1.0,-1.0,0,0,False,Paid - On Time/Early,1,1,CNJ-CIB,Cash in Box,paid,ENTRY,0,,0,0,0,,2026-10-03 07:00:00,paid,END USER,30000.0,30000.0,30000.0,0.0,0.0,True,False,0.0,Payment date earlier than invoice date,Settled,External Customer,False
019f467e-48d4-741b-a55e-c1c19069b7fd,PKJA2607090014,2026-07-10 00:47:00.000,2026-07-10 01:47:00.000,paid,,019b91a7-6a08-729d-b8e9-f5b256029ce2,USR00466,Farhann (Farhann),EU,END USER,019b8a09-0bf8-7497-98a0-86a53a78e02f,PWK,Cipta Purwakarta,102000.0,0.0,0.0,0.0,102000.0,102000.0,0.0,102000.0,0.0,0.0,100.0,2026-07-09 19:04:00,2026-07-09 19:04:00,,,-1.0,-1.0,0,0,False,Paid - On Time/Early,1,1,PWK-BCA,BCA PWK,paid,ENTRY,0,,0,0,0,,2026-10-03 07:00:00,paid,END USER,102000.0,102000.0,102000.0,0.0,0.0,True,False,0.0,Payment date earlier than invoice date,Settled,External Customer,False
019f468d-674b-73dc-8c42-778dd1b1fc30,CJFA2607090015,2026-07-10 01:04:00.000,2026-07-10 02:04:00.000,paid,,019c1d86-2fd4-74e3-9196-f80e65c0f93b,USR000888,Adit (Adit),EU,END USER,019490f2-0002-7000-8000-123456789002,CNJ,Cipta Cianjur,3500.0,0.0,0.0,0.0,3500.0,3500.0,0.0,3500.0,0.0,0.0,100.0,2026-07-09 18:29:00,2026-07-09 18:29:00,,,-1.0,-1.0,0,0,False,Paid - On Time/Early,1,1,CNJ-CIB,Cash in Box,paid,ENTRY,0,,0,0,0,,2026-10-03 07:00:00,paid,END USER,3500.0,3500.0,3500.0,0.0,0.0,True,False,0.0,Payment date earlier than invoice date,Settled,External Customer,False
019f468f-3fca-75b8-94bc-221eda7d890b,PKJA2607090016,2026-07-10 00:47:00.000,2026-07-10 01:47:00.000,paid,,019b91a5-4e42-73a9-8abf-079f95f261fe,UMK0276,Amalia (Amalia),UMKM,UMKM,019b8a09-0bf8-7497-98a0-86a53a78e02f,PWK,Cipta Purwakarta,60000.0,0.0,0.0,0.0,60000.0,60000.0,0.0,60000.0,0.0,0.0,100.0,2026-07-09 18:32:00,2026-07-09 18:32:00,,,-1.0,-1.0,0,0,False,Paid - On Time/Early,1,1,PWK-BCA,BCA PWK,paid,ENTRY,0,,0,0,0,,2026-10-03 07:00:00,paid,UMKM,60000.0,60000.0,60000.0,0.0,0.0,True,False,0.0,Payment date earlier than invoice date,Settled,External Customer,False
019f469c-8c49-74d5-beca-f3e85f4fcfb9,CJEF2607090001,2026-07-10 01:20:00.000,2026-07-10 02:20:00.000,paid,,019c1d6d-94e8-762e-a51d-7f540a4f0697,USR000775,Rina (Rina),EU,END USER,019490f2-0002-7000-8000-123456789002,CNJ,Cipta Cianjur,10000.0,0.0,0.0,0.0,10000.0,10000.0,0.0,10000.0,0.0,0.0,100.0,2026-07-09 18:27:00,2026-07-09 18:27:00,,,-1.0,-1.0,0,0,False,Paid - On Time/Early,1,1,CNJ-CIB,Cash in Box,paid,ENTRY,0,,0,0,0,,2026-10-03 07:00:00,paid,END USER,10000.0,10000.0,10000.0,0.0,0.0,True,False,0.0,Payment date earlier than invoice date,Settled,External Customer,False
019f46a9-64ae-713a-bd3d-8cb6f898ae3a,PKAB2607090006,2026-07-10 00:54:00.000,2026-07-10 01:54:00.000,paid,,019b91a7-6a08-729d-b8e6-cdbb9a9e4460,USR00264,Wanda (Wanda),EU,END USER,019b8a09-0bf8-7497-98a0-86a53a78e02f,PWK,Cipta Purwakarta,56000.0,0.0,0.0,0.0,56000.0,56000.0,0.0,56000.0,0.0,0.0,100.0,2026-07-09 18:45:00,2026-07-09 18:45:00,,,-1.0,-1.0,0,0,False,Paid - On Time/Early,1,1,PWK-BCA,BCA PWK,paid,ENTRY,0,,0,0,0,,2026-10-03 07:00:00,paid,END USER,56000.0,56000.0,56000.0,0.0,0.0,True,False,0.0,Payment date earlier than invoice date,Settled,External Customer,False
019f46b1-3264-75da-bdd3-82f28d2119aa,CJGI2607090008,2026-07-10 00:29:00.000,2026-07-10 01:29:00.000,paid,,019b8de1-c6ba-72a9-8e2f-70f365c150f9,CG0147,Perc. Sakura,AGEN,AGEN,019490f2-0002-7000-8000-123456789002,CNJ,Cipta Cianjur,25000.0,0.0,0.0,0.0,25000.0,25000.0,0.0,25000.0,0.0,0.0,100.0,2026-07-09 18:53:00,2026-07-09 18:53:00,,,-1.0,-1.0,0,0,False,Paid - On Time/Early,1,1,CNJ-CIB,Cash in Box,paid,ENTRY,0,,0,0,0,,2026-10-03 07:00:00,paid,AGEN,25000.0,25000.0,25000.0,0.0,0.0,True,False,0.0,Payment date earlier than invoice date,Settled,External Customer,False
019f46b8-b364-778a-a675-c72a90b73b24,CJGI2607090009,2026-07-10 00:29:00.000,2026-07-10 01:29:00.000,paid,,019c89aa-3328-752b-8451-7ba9ddab75b9,UMK000025,Dienx Project,UMKM,UMKM,019490f2-0002-7000-8000-123456789002,CNJ,Cipta Cianjur,25000.0,0.0,0.0,0.0,25000.0,25000.0,0.0,25000.0,0.0,0.0,100.0,2026-07-09 18:52:00,2026-07-09 18:52:00,,,-1.0,-1.0,0,0,False,Paid - On Time/Early,1,1,CNJ-CIB,Cash in Box,paid,ENTRY,0,,0,0,0,,2026-10-03 07:00:00,paid,UMKM,25000.0,25000.0,25000.0,0.0,0.0,True,False,0.0,Payment date earlier than invoice date,Settled,External Customer,False
019f46cc-e191-7750-8a7e-3cbcc848d895,PKAB2607090007,2026-07-10 00:54:00.000,2026-07-10 01:54:00.000,paid,,019b91a7-6a0c-7497-8321-1c9d51c90f02,USR01538,Sella (Sella),EU,END USER,019b8a09-0bf8-7497-98a0-86a53a78e02f,PWK,Cipta Purwakarta,48000.0,0.0,0.0,0.0,48000.0,48000.0,0.0,48000.0,0.0,0.0,100.0,2026-07-09 20:04:00,2026-07-09 20:04:00,,,-1.0,-1.0,0,0,False,Paid - On Time/Early,1,1,PWK-BCA,BCA PWK,paid,ENTRY,0,,0,0,0,,2026-10-03 07:00:00,paid,END USER,48000.0,48000.0,48000.0,0.0,0.0,True,False,0.0,Payment date earlier than invoice date,Settled,External Customer,False
019f46d4-0563-71fc-acf5-bfbc73eec4bb,PKAB2607090008,2026-07-10 00:54:00.000,2026-07-10 01:54:00.000,paid,,019b91a7-6a08-729d-b8e9-f5b256029ce2,USR00466,Farhann (Farhann),EU,END USER,019b8a09-0bf8-7497-98a0-86a53a78e02f,PWK,Cipta Purwakarta,54000.0,0.0,0.0,0.0,54000.0,54000.0,0.0,54000.0,0.0,0.0,100.0,2026-07-09 19:22:00,2026-07-09 19:22:00,,,-1.0,-1.0,0,0,False,Paid - On Time/Early,1,1,PWK-BCA,BCA PWK,paid,ENTRY,0,,0,0,0,,2026-10-03 07:00:00,paid,END USER,54000.0,54000.0,54000.0,0.0,0.0,True,False,0.0,Payment date earlier than invoice date,Settled,External Customer,False
019f46e7-6c8f-763e-9b82-ea2141167229,CJFA2607090017,2026-07-10 01:04:00.000,2026-07-10 02:04:00.000,paid,,019c0ee1-1ee5-713a-a6bb-746cfe3395c8,EDU000007,Nurul Ikhlas,SEKOLAH,SEKOLAH,019490f2-0002-7000-8000-123456789002,CNJ,Cipta Cianjur,65000.0,0.0,0.0,0.0,65000.0,65000.0,0.0,65000.0,0.0,0.0,100.0,2026-07-09 19:47:00,2026-07-09 19:47:00,,,-1.0,-1.0,0,0,False,Paid - On Time/Early,1,1,CNJ-CIB,Cash in Box,paid,ENTRY,0,,0,0,0,,2026-10-03 07:00:00,paid,SEKOLAH,65000.0,65000.0,65000.0,0.0,0.0,True,False,0.0,Payment date earlier than invoice date,Settled,External Customer,False
019f470a-1222-75cd-bf4a-370fcd4a5ec4,CJFA2607090020,2026-07-10 01:04:00.000,2026-07-10 02:04:00.000,paid,,019b8de1-c6b9-77e8-a27c-7dacdf8d11b8,UMK0257,Sikembar (Sikembar),UMKM,UMKM,019490f2-0002-7000-8000-123456789002,CNJ,Cipta Cianjur,45000.0,0.0,0.0,0.0,45000.0,45000.0,0.0,45000.0,0.0,0.0,100.0,2026-07-09 20:21:00,2026-07-09 20:21:00,,,-1.0,-1.0,0,0,False,Paid - On Time/Early,1,1,CNJ-CIB,Cash in Box,paid,ENTRY,0,,0,0,0,,2026-10-03 07:00:00,paid,UMKM,45000.0,45000.0,45000.0,0.0,0.0,True,False,0.0,Payment date earlier than invoice date,Settled,External Customer,False
019f49b0-9b9e-774c-9354-c16de65f5ed3,PKDR2606230005,2026-07-10 15:42:00.000,2026-07-10 16:28:00.000,paid,4502397455,019b91a5-4e3d-702c-bb5c-b25d99ca7535,IND0019,Pt Prysmian Cables Indonesia,INDUSTRI,INDUSTRI,019b8a09-0bf8-7497-98a0-86a53a78e02f,PWK,Cipta Purwakarta,1050000.0,0.0,115500.0,0.0,1165500.0,1165500.0,0.0,1165500.0,0.0,0.0,100.0,2026-02-28 14:47:00,2026-02-28 14:47:00,,,-132.0,-132.0,0,0,False,Paid - On Time/Early,1,1,PWK-BCA,BCA PWK,paid,ENTRY,0,,0,0,0,,2026-10-03 07:00:00,paid,INDUSTRI,1165500.0,1165500.0,1165500.0,0.0,0.0,True,False,0.0,Payment date earlier than invoice date,Settled,External Customer,False
019f4b80-ce24-75d9-a1e7-eb9594e90380,PKAS2607100004,2026-07-11 00:09:00.000,2026-07-13 21:47:00.000,paid,,019b91a7-6a08-729d-b8ea-202944448c2b,USR00477,Amanda (Amanda),EU,END USER,019b8a09-0bf8-7497-98a0-86a53a78e02f,PWK,Cipta Purwakarta,1052000.0,0.0,0.0,0.0,1052000.0,1052000.0,0.0,1052000.0,0.0,0.0,100.0,2026-07-10 17:09:00,2026-07-10 17:09:00,,,-1.0,-1.0,0,0,False,Paid - On Time/Early,1,1,PWK-BCA,BCA PWK,paid,ENTRY,0,,0,0,0,,2026-10-03 07:00:00,paid,END USER,1052000.0,1052000.0,1052000.0,0.0,0.0,True,False,0.0,Payment date earlier than invoice date,Settled,External Customer,False
019f4b87-f820-747b-90d5-14e4e1aaf768,PKAB2607100005,2026-07-11 00:17:00.000,2026-07-11 01:22:00.000,paid,,019c642a-5435-7389-b357-e19708890a49,UMK000060,Noah Abraham,UMKM,UMKM,019b8a09-0bf8-7497-98a0-86a53a78e02f,PWK,Cipta Purwakarta,100000.0,0.0,0.0,0.0,100000.0,100000.0,0.0,100000.0,0.0,0.0,100.0,2026-07-10 17:17:00,2026-07-10 17:17:00,,,-1.0,-1.0,0,0,False,Paid - On Time/Early,1,1,PWK-CIB,Cash in Box,paid,ENTRY,0,,0,0,0,,2026-10-03 07:00:00,paid,UMKM,100000.0,100000.0,100000.0,0.0,0.0,True,False,0.0,Payment date earlier than invoice date,Settled,External Customer,False
019f4b8e-74f2-7586-9cdb-907cdbdcc105,OLLS2607100010,2026-07-11 00:23:00.000,2026-07-11 01:23:00.000,paid,,019db954-d0dd-734d-b083-80a34dc81d17,USR000551,Leca Leca,EU,END USER,019ab8e3-cb41-7087-92ab-c7596e6780f4,OL,Cipta Online,10000.0,0.0,0.0,0.0,10000.0,10000.0,0.0,10000.0,0.0,0.0,100.0,2026-07-10 17:29:00,2026-07-10 17:29:00,,,-1.0,-1.0,0,0,False,Paid - On Time/Early,1,1,OL-FDL,BCA Online,paid,ENTRY,0,,0,0,0,,2026-10-03 07:00:00,paid,END USER,10000.0,10000.0,10000.0,0.0,0.0,True,False,0.0,Payment date earlier than invoice date,Settled,External Customer,False
019f4b8f-bb80-7418-903a-21b1fd65abc7,CGRD2607100013,2026-07-11 00:24:00.000,2026-07-11 01:24:00.000,paid,,019d90ff-4c0d-75ac-9ffa-37b950fbf3f6,UMK000535,Dani Kaum Kopi,UMKM,UMKM,019490f2-0003-7000-8000-123456789003,CG,Cipta Digital,19000.0,0.0,0.0,0.0,19000.0,19000.0,0.0,19000.0,0.0,0.0,100.0,2026-07-10 20:21:00,2026-07-10 20:21:00,,,-1.0,-1.0,0,0,False,Paid - On Time/Early,1,1,CG-QRIS,QRIS BCA,paid,ENTRY,0,,0,0,0,,2026-10-03 07:00:00,paid,UMKM,19000.0,19000.0,19000.0,0.0,0.0,True,False,0.0,Payment date earlier than invoice date,Settled,External Customer,False
019f4b9d-8cd3-70e3-87cb-f5ec8b46669f,CGRD2607100014,2026-07-11 00:24:00.000,2026-07-11 01:24:00.000,paid,,019b9e31-6b78-72ac-9b68-6e4e42327fa4,EU2987,Farid Katineung,EU,END USER,019490f2-0003-7000-8000-123456789003,CG,Cipta Digital,22000.0,0.0,0.0,0.0,22000.0,22000.0,0.0,22000.0,0.0,0.0,100.0,2026-07-10 17:40:00,2026-07-10 17:40:00,,,-1.0,-1.0,0,0,False,Paid - On Time/Early,1,1,CG-CIB,Cash in Box,paid,ENTRY,0,,0,0,0,,2026-10-03 07:00:00,paid,END USER,22000.0,22000.0,22000.0,0.0,0.0,True,False,0.0,Payment date earlier than invoice date,Settled,External Customer,False
019f4ba5-26b5-74d3-b9b7-e5df0b48173b,CGRD2607100015,2026-07-11 00:24:00.000,2026-07-11 01:24:00.000,paid,,019b9e27-67f1-729c-92af-4e463efed174,EU0419,Ivan Plafon Pvc,EU,END USER,019490f2-0003-7000-8000-123456789003,CG,Cipta Digital,285000.0,0.0,0.0,0.0,285000.0,285000.0,0.0,285000.0,0.0,0.0,100.0,2026-07-10 18:08:00,2026-07-10 18:08:00,,,-1.0,-1.0,0,0,False,Paid - On Time/Early,1,1,CG-JZM,BCA Jazmi Hamzah,paid,ENTRY,0,,0,0,0,,2026-10-03 07:00:00,paid,END USER,285000.0,285000.0,285000.0,0.0,0.0,True,False,0.0,Payment date earlier than invoice date,Settled,External Customer,False
019f4bc3-0775-70a9-880b-677c2cf498ad,PKAB2607100009,2026-07-11 01:20:00.000,2026-07-11 02:20:00.000,paid,,019c07fb-5a87-737c-9cd4-7dbadc40d5e0,CST48141393,Klinik Sae Skin,EU,END USER,019b8a09-0bf8-7497-98a0-86a53a78e02f,PWK,Cipta Purwakarta,140000.0,0.0,0.0,0.0,140000.0,140000.0,0.0,140000.0,0.0,0.0,100.0,2026-07-10 18:21:00,2026-07-10 18:21:00,,,-1.0,-1.0,0,0,False,Paid - On Time/Early,1,1,PWK-BCA,BCA PWK,paid,ENTRY,0,,0,0,0,,2026-10-03 07:00:00,paid,END USER,140000.0,140000.0,140000.0,0.0,0.0,True,False,0.0,Payment date earlier than invoice date,Settled,External Customer,False
019f4bcf-b8ad-75b3-be77-dce4ed9bddcd,CGRD2607100016,2026-07-11 00:24:00.000,2026-07-11 01:24:00.000,paid,,019f3b5c-0add-755b-9eca-a1f529dd963a,UMK001149,Dianfn Dianfn,UMKM,UMKM,019490f2-0003-7000-8000-123456789003,CG,Cipta Digital,6000.0,0.0,0.0,0.0,6000.0,6000.0,0.0,6000.0,0.0,0.0,100.0,2026-07-10 18:35:00,2026-07-10 18:35:00,,,-1.0,-1.0,0,0,False,Paid - On Time/Early,1,1,CG-CIB,Cash in Box,paid,ENTRY,0,,0,0,0,,2026-10-03 07:00:00,paid,UMKM,6000.0,6000.0,6000.0,0.0,0.0,True,False,0.0,Payment date earlier than invoice date,Settled,External Customer,False
019f4bd3-0f99-73ad-a60d-0258efe18e1e,PKAB2607100010,2026-07-11 01:20:00.000,2026-07-11 02:20:00.000,paid,,019b91a5-4e40-7661-9516-3a3561ec27ba,UMK0062,Eni (Eni),UMKM,UMKM,019b8a09-0bf8-7497-98a0-86a53a78e02f,PWK,Cipta Purwakarta,23000.0,0.0,0.0,0.0,23000.0,23000.0,0.0,23000.0,0.0,0.0,100.0,2026-07-10 18:39:00,2026-07-10 18:39:00,,,-1.0,-1.0,0,0,False,Paid - On Time/Early,1,1,PWK-BCA,BCA PWK,paid,ENTRY,0,,0,0,0,,2026-10-03 07:00:00,paid,UMKM,23000.0,23000.0,23000.0,0.0,0.0,True,False,0.0,Payment date earlier than invoice date,Settled,External Customer,False
019f4bec-88aa-7158-999f-7ca6f701bcfd,PKAB2607100012,2026-07-11 01:20:00.000,2026-07-11 02:20:00.000,paid,,019f4beb-37f1-763f-a178-2a908208d502,USR000650,Jus Kicha,EU,END USER,019b8a09-0bf8-7497-98a0-86a53a78e02f,PWK,Cipta Purwakarta,210000.0,42000.0,0.0,0.0,168000.0,168000.0,0.0,168000.0,0.0,0.0,100.0,2026-07-10 19:11:00,2026-07-10 19:11:00,,,-1.0,-1.0,0,0,False,Paid - On Time/Early,1,1,PWK-CIB,Cash in Box,paid,ENTRY,0,,0,0,0,,2026-10-03 07:00:00,paid,END USER,168000.0,168000.0,168000.0,0.0,0.0,True,False,0.0,Payment date earlier than invoice date,Settled,External Customer,False
019f4c0b-4161-768a-8cee-e0bbd07594ad,PKAB2607100013,2026-07-11 01:20:00.000,2026-07-11 02:20:00.000,paid,,019b91a7-6a0d-71db-81f8-53678f614d58,USR01719,Pupu (Pupu),EU,END USER,019b8a09-0bf8-7497-98a0-86a53a78e02f,PWK,Cipta Purwakarta,14000.0,0.0,0.0,0.0,14000.0,14000.0,0.0,14000.0,0.0,0.0,100.0,2026-07-10 19:40:00,2026-07-10 19:40:00,,,-1.0,-1.0,0,0,False,Paid - On Time/Early,1,1,PWK-CIB,Cash in Box,paid,ENTRY,0,,0,0,0,,2026-10-03 07:00:00,paid,END USER,14000.0,14000.0,14000.0,0.0,0.0,True,False,0.0,Payment date earlier than invoice date,Settled,External Customer,False
019f4c19-4c5d-7528-8431-f9eb5c46c175,CJGI2607100009,2026-07-11 02:55:00.000,2026-07-11 03:55:00.000,paid,,019c1d6d-94e8-762e-a51c-bd6e5cd7e2fc,USR000727,Dini Puspita,EU,END USER,019490f2-0002-7000-8000-123456789002,CNJ,Cipta Cianjur,3000.0,0.0,0.0,0.0,3000.0,3000.0,0.0,3000.0,0.0,0.0,100.0,2026-07-10 19:56:00,2026-07-10 19:56:00,,,-1.0,-1.0,0,0,False,Paid - On Time/Early,1,1,CNJ-CIB,Cash in Box,paid,ENTRY,0,,0,0,0,,2026-10-03 07:00:00,paid,END USER,3000.0,3000.0,3000.0,0.0,0.0,True,False,0.0,Payment date earlier than invoice date,Settled,External Customer,False
019f4c23-c68e-771b-9866-23e25f8c28a2,PKAB2607100014,2026-07-11 01:20:00.000,2026-07-11 02:20:00.000,paid,,019b91a7-6a0d-71db-81f8-6d4a06668c60,USR01726,Abdulllah (Abdulllah),EU,END USER,019b8a09-0bf8-7497-98a0-86a53a78e02f,PWK,Cipta Purwakarta,165000.0,0.0,0.0,0.0,165000.0,165000.0,0.0,165000.0,0.0,0.0,100.0,2026-07-10 20:08:00,2026-07-10 20:08:00,,,-1.0,-1.0,0,0,False,Paid - On Time/Early,1,1,PWK-BCA,BCA PWK,paid,ENTRY,0,,0,0,0,,2026-10-03 07:00:00,paid,END USER,165000.0,165000.0,165000.0,0.0,0.0,True,False,0.0,Payment date earlier than invoice date,Settled,External Customer,False
019f50a9-1283-7669-8d0d-22da790d5f5a,PKAB2607110019,2026-07-12 00:09:00.000,2026-07-12 01:09:00.000,paid,,019f50a8-00c7-7718-b711-2223e8289c36,USR000652,Ra Jannatu,EU,END USER,019b8a09-0bf8-7497-98a0-86a53a78e02f,PWK,Cipta Purwakarta,98000.0,0.0,0.0,0.0,98000.0,98000.0,0.0,98000.0,0.0,0.0,100.0,2026-07-11 17:11:00,2026-07-11 17:11:00,,,-1.0,-1.0,0,0,False,Paid - On Time/Early,1,1,PWK-BCA,BCA PWK,paid,ENTRY,0,,0,0,0,,2026-10-03 07:00:00,paid,END USER,98000.0,98000.0,98000.0,0.0,0.0,True,False,0.0,Payment date earlier than invoice date,Settled,External Customer,False
019f50ad-b840-7449-9c3b-da273a13d80b,PKAB2607110020,2026-07-12 00:09:00.000,2026-07-12 01:09:00.000,paid,,019f50ac-c3f4-7441-887b-86ad1b635813,USR000653,Ketan Susu Pemuda,EU,END USER,019b8a09-0bf8-7497-98a0-86a53a78e02f,PWK,Cipta Purwakarta,130000.0,30000.0,0.0,0.0,100000.0,100000.0,0.0,100000.0,0.0,0.0,100.0,2026-07-11 17:19:00,2026-07-11 17:19:00,,,-1.0,-1.0,0,0,False,Paid - On Time/Early,1,1,PWK-BCA,BCA PWK,paid,ENTRY,0,,0,0,0,,2026-10-03 07:00:00,paid,END USER,100000.0,100000.0,100000.0,0.0,0.0,True,False,0.0,Payment date earlier than invoice date,Settled,External Customer,False
019f50b3-a1a5-752d-ac79-8bbc8ae31a32,CJFA2607110029,2026-07-12 00:22:00.000,2026-07-12 01:22:00.000,paid,,019b8de1-c6ba-72a9-8e2c-af59b550a10e,UMK0373,Brik Shoes & Apparel,UMKM,UMKM,019490f2-0002-7000-8000-123456789002,CNJ,Cipta Cianjur,12000.0,0.0,0.0,0.0,12000.0,12000.0,0.0,12000.0,0.0,0.0,100.0,2026-07-09 19:37:00,2026-07-11 19:39:00,,,-3.0,-1.0,0,0,False,Paid - On Time/Early,2,1,CNJ-CIB,Cash in Box,"dp, paid",ENTRY,0,,0,0,0,,2026-10-03 07:00:00,paid,UMKM,12000.0,12000.0,12000.0,0.0,0.0,True,False,0.0,Payment date earlier than invoice date,Settled,External Customer,False
019f50c4-7c7e-7562-a989-4e7d21ea1797,CJFA2607110030,2026-07-12 00:22:00.000,2026-07-12 01:22:00.000,paid,,019b8de1-c6ba-72a9-8e2f-0142f56d841d,CG0119,Obvious Atep Sablon,AGEN,AGEN,019490f2-0002-7000-8000-123456789002,CNJ,Cipta Cianjur,32000.0,0.0,0.0,0.0,32000.0,32000.0,0.0,32000.0,0.0,0.0,100.0,2026-07-11 17:50:00,2026-07-11 17:50:00,,,-1.0,-1.0,0,0,False,Paid - On Time/Early,1,1,CNJ-BCA,BCA 2201,paid,ENTRY,0,,0,0,0,,2026-10-03 07:00:00,paid,AGEN,32000.0,32000.0,32000.0,0.0,0.0,True,False,0.0,Payment date earlier than invoice date,Settled,External Customer,False
019f50c6-e2c9-738c-969c-6826cf18248c,PKAB2607110021,2026-07-12 00:43:00.000,2026-07-12 01:09:00.000,paid,,019b91a5-4e3f-733e-ad50-9d5fa840e804,INS0062,Paud Lab School,INSTANSI,INSTANSI,019b8a09-0bf8-7497-98a0-86a53a78e02f,PWK,Cipta Purwakarta,539000.0,0.0,0.0,0.0,539000.0,539000.0,0.0,539000.0,0.0,0.0,100.0,2026-07-11 17:44:00,2026-07-11 17:44:00,,,-1.0,-1.0,0,0,False,Paid - On Time/Early,1,1,PWK-BCA,BCA PWK,paid,ENTRY,0,,0,0,0,,2026-10-03 07:00:00,paid,INSTANSI,539000.0,539000.0,539000.0,0.0,0.0,True,False,0.0,Payment date earlier than invoice date,Settled,External Customer,False
019f514b-d0c8-74e8-b22e-677db11421a6,CJFA2607110036,2026-07-12 00:22:00.000,2026-07-12 01:22:00.000,paid,,019b8de1-c6ba-72a9-8e2d-90caf033f0a2,CG0027,Perc. Karimah,AGEN,AGEN,019490f2-0002-7000-8000-123456789002,CNJ,Cipta Cianjur,150000.0,0.0,0.0,0.0,150000.0,150000.0,0.0,150000.0,0.0,0.0,100.0,2026-07-11 20:09:00,2026-07-14 20:43:00,,,-1.0,2.0,2,0,False,Paid - Late,2,2,"CNJ-BCA, CNJ-CIB","BCA 2201, Cash in Box","paid, partial",ENTRY,0,,0,0,0,,2026-10-03 07:00:00,paid,AGEN,150000.0,150000.0,150000.0,0.0,0.0,True,False,0.0,Payment date earlier than invoice date,Settled,External Customer,True
019f5b16-c097-758f-a8d3-86df715ad4e9,CJFA2607130016,2026-07-14 00:45:00.000,2026-07-14 01:45:00.000,paid,,019f5b16-2023-73eb-8c19-1984fe2a24a7,USR001201,Fasmat Efendi,EU,END USER,019490f2-0002-7000-8000-123456789002,CNJ,Cipta Cianjur,30000.0,0.0,0.0,0.0,30000.0,30000.0,0.0,30000.0,0.0,0.0,100.0,2026-07-13 20:35:00,2026-07-13 20:35:00,,,-1.0,-1.0,0,0,False,Paid - On Time/Early,1,1,CNJ-CIB,Cash in Box,paid,ENTRY,0,,0,0,0,,2026-10-03 07:00:00,paid,END USER,30000.0,30000.0,30000.0,0.0,0.0,True,False,0.0,Payment date earlier than invoice date,Settled,External Customer,False
019f5b2d-ae75-76e6-8410-1275768e5520,CJFA2607130017,2026-07-14 00:52:00.000,2026-07-14 01:52:00.000,paid,,019b8de1-c6b9-77e8-a27b-2b75114330c1,UMK0172,Kuker Elite,UMKM,UMKM,019490f2-0002-7000-8000-123456789002,CNJ,Cipta Cianjur,67000.0,0.0,0.0,0.0,67000.0,67000.0,0.0,67000.0,0.0,0.0,100.0,2026-07-13 18:12:00,2026-07-13 18:12:00,,,-1.0,-1.0,0,0,False,Paid - On Time/Early,1,1,CNJ-CIB,Cash in Box,paid,ENTRY,0,,0,0,0,,2026-10-03 07:00:00,paid,UMKM,67000.0,67000.0,67000.0,0.0,0.0,True,False,0.0,Payment date earlier than invoice date,Settled,External Customer,False
019f5b3a-0165-769a-81cb-e564a25d4ff6,CJFA2607130018,2026-07-14 00:52:00.000,2026-07-14 01:52:00.000,paid,,019f5b39-7ca8-729f-b7e2-307c00c69560,USR001202,Anggi Noviliyani,EU,END USER,019490f2-0002-7000-8000-123456789002,CNJ,Cipta Cianjur,50000.0,0.0,0.0,0.0,50000.0,50000.0,0.0,50000.0,0.0,0.0,100.0,2026-07-13 09:40:00,2026-07-13 09:40:00,,,-1.0,-1.0,0,0,False,Paid - On Time/Early,1,1,CNJ-BCA,BCA 2201,paid,ENTRY,0,,0,0,0,,2026-10-03 07:00:00,paid,END USER,50000.0,50000.0,50000.0,0.0,0.0,True,False,0.0,Payment date earlier than invoice date,Settled,External Customer,False
019f5ba7-1c05-76eb-84de-c640e8e418f0,CJFA2607130020,2026-07-14 03:09:00.000,2026-07-14 04:09:00.000,paid,,019b8de1-c6bb-707a-872f-ea7af6c4df3d,CG0157,Ujang Photocopy,AGEN,AGEN,019490f2-0002-7000-8000-123456789002,CNJ,Cipta Cianjur,12000.0,0.0,0.0,0.0,12000.0,12000.0,0.0,12000.0,0.0,0.0,100.0,2026-07-13 20:25:00,2026-07-13 20:25:00,,,-1.0,-1.0,0,0,False,Paid - On Time/Early,1,1,CNJ-CIB,Cash in Box,paid,ENTRY,0,,0,0,0,,2026-10-03 07:00:00,paid,AGEN,12000.0,12000.0,12000.0,0.0,0.0,True,False,0.0,Payment date earlier than invoice date,Settled,External Customer,False
019f5ba9-57e2-73ca-baf7-e9d4e2a2ff32,CJFA2607130021,2026-07-14 03:09:00.000,2026-07-14 04:09:00.000,paid,,019b8de1-c6b8-75ba-9066-950d59fed219,UMK0069,Simping Barokah,UMKM,UMKM,019490f2-0002-7000-8000-123456789002,CNJ,Cipta Cianjur,12000.0,0.0,0.0,0.0,12000.0,12000.0,0.0,12000.0,0.0,0.0,100.0,2026-07-13 20:27:00,2026-07-13 20:27:00,,,-1.0,-1.0,0,0,False,Paid - On Time/Early,1,1,CNJ-CIB,Cash in Box,paid,ENTRY,0,,0,0,0,,2026-10-03 07:00:00,paid,UMKM,12000.0,12000.0,12000.0,0.0,0.0,True,False,0.0,Payment date earlier than invoice date,Settled,External Customer,False
019f5baa-aa60-70ad-b6ad-8060b75cd4e6,CJFA2607130022,2026-07-14 03:09:00.000,2026-07-14 04:09:00.000,paid,,019d9fb5-81a1-74cb-91f2-71abbd95162d,USR001057,Yanti Wijayanti,EU,END USER,019490f2-0002-7000-8000-123456789002,CNJ,Cipta Cianjur,60000.0,0.0,0.0,0.0,60000.0,60000.0,0.0,60000.0,0.0,0.0,100.0,2026-07-13 20:29:00,2026-07-13 20:29:00,,,-1.0,-1.0,0,0,False,Paid - On Time/Early,1,1,CNJ-CIB,Cash in Box,paid,ENTRY,0,,0,0,0,,2026-10-03 07:00:00,paid,END USER,60000.0,60000.0,60000.0,0.0,0.0,True,False,0.0,Payment date earlier than invoice date,Settled,External Customer,False
019f5bb1-a200-73ae-b904-15bf0b6b2747,CJFA2607130023,2026-07-14 03:09:00.000,2026-07-14 04:09:00.000,paid,,019c1d6d-94e8-762e-a51c-a3df5f4c3e2d,USR000720,Novia Avivvah,EU,END USER,019490f2-0002-7000-8000-123456789002,CNJ,Cipta Cianjur,15000.0,0.0,0.0,0.0,15000.0,15000.0,0.0,15000.0,0.0,0.0,100.0,2026-07-13 20:36:00,2026-07-13 20:36:00,,,-1.0,-1.0,0,0,False,Paid - On Time/Early,1,1,CNJ-CIB,Cash in Box,paid,ENTRY,0,,0,0,0,,2026-10-03 07:00:00,paid,END USER,15000.0,15000.0,15000.0,0.0,0.0,True,False,0.0,Payment date earlier than invoice date,Settled,External Customer,False
019f5bd1-9edd-70e0-896b-268b582756ed,CJFA2607130026,2026-07-14 03:09:00.000,2026-07-14 04:09:00.000,paid,,019b8de1-c6ba-72a9-8e2e-0d4f716bab06,CG0058,Perc. Hafidz,AGEN,AGEN,019490f2-0002-7000-8000-123456789002,CNJ,Cipta Cianjur,8000.0,0.0,0.0,0.0,8000.0,8000.0,0.0,8000.0,0.0,0.0,100.0,2026-07-13 21:12:00,2026-07-13 21:12:00,,,-1.0,-1.0,0,0,False,Paid - On Time/Early,1,1,CNJ-CIB,Cash in Box,paid,ENTRY,0,,0,0,0,,2026-10-03 07:00:00,paid,AGEN,8000.0,8000.0,8000.0,0.0,0.0,True,False,0.0,Payment date earlier than invoice date,Settled,External Customer,False
019f5e96-80cb-738e-9eb1-808e98e6c6dd,PKJA2607140001,2026-07-14 22:06:00.000,2026-07-15 01:08:00.000,paid,,019b91a5-4e42-73a9-8ac1-00ec4670f223,UMK0403,Indah (Indah),UMKM,UMKM,019b8a09-0bf8-7497-98a0-86a53a78e02f,PWK,Cipta Purwakarta,250000.0,0.0,0.0,0.0,250000.0,250000.0,0.0,250000.0,0.0,0.0,100.0,2026-07-13 15:08:00,2026-07-13 15:08:00,,,-1.0,-1.0,0,0,False,Paid - On Time/Early,1,1,PWK-BCA,BCA PWK,paid,ENTRY,0,,0,0,0,,2026-10-03 07:00:00,paid,UMKM,250000.0,250000.0,250000.0,0.0,0.0,True,False,0.0,Payment date earlier than invoice date,Settled,External Customer,False
019f6059-af62-774f-9b95-acc91a748730,CGNN2607140006,2026-07-15 01:18:00.000,2026-07-15 02:18:00.000,paid,,019d661b-cca2-728e-87d9-3f814422f2b7,UMK000467,Nazwa Nur,UMKM,UMKM,019490f2-0003-7000-8000-123456789003,CG,Cipta Digital,10000.0,0.0,0.0,0.0,10000.0,10000.0,0.0,10000.0,0.0,0.0,100.0,2026-07-14 18:18:00,2026-07-14 18:18:00,,,-1.0,-1.0,0,0,False,Paid - On Time/Early,1,1,CG-CIB,Cash in Box,paid,ENTRY,0,,0,0,0,,2026-10-03 07:00:00,paid,UMKM,10000.0,10000.0,10000.0,0.0,0.0,True,False,0.0,Payment date earlier than invoice date,Settled,External Customer,False
019f6096-eca6-70d2-ba7b-0960eed0ef32,OLLS2607140004,2026-07-15 01:58:00.000,2026-07-15 02:58:00.000,paid,,019f6096-1eae-75fb-b4a9-8cb2f7afc31d,INS000038,Devana Desa Mulyajaya,INSTANSI,INSTANSI,019ab8e3-cb41-7087-92ab-c7596e6780f4,OL,Cipta Online,48000.0,0.0,0.0,0.0,48000.0,48000.0,0.0,48000.0,0.0,0.0,100.0,2026-07-14 19:38:00,2026-07-14 19:38:00,,,-1.0,-1.0,0,0,False,Paid - On Time/Early,1,1,OL-FDL,BCA Online,paid,ENTRY,0,,0,0,0,,2026-10-03 07:00:00,paid,INSTANSI,48000.0,48000.0,48000.0,0.0,0.0,True,False,0.0,Payment date earlier than invoice date,Settled,External Customer,False
019f6403-0132-736a-b1df-2b09e948f4cf,GLNL2607150004,2026-07-15 18:21:00.000,2026-07-15 19:21:00.000,paid,,019b8de0-01d9-72d5-b5b7-71848da49419,EM0010,Nuurul Latifah,EMPLOYEE,EMPLOYEE,019490f2-0001-7000-8000-123456789001,GLH,Cipta Galuh,24000.0,0.0,0.0,0.0,24000.0,24000.0,0.0,24000.0,0.0,0.0,100.0,2026-01-22 10:45:42,2026-01-22 10:45:42,,,-174.0,-174.0,0,0,False,Paid - On Time/Early,1,1,PWK-BCA,BCA PWK,paid,ENTRY,0,,0,0,0,,2026-10-03 07:00:00,paid,EMPLOYEE,24000.0,24000.0,24000.0,0.0,0.0,True,False,0.0,Payment date earlier than invoice date,Settled,External Customer,False
019f65a5-c5f8-708c-b044-24e306bf5dd3,CGMP2607150019,2026-07-16 01:58:00.000,2026-07-16 02:58:00.000,paid,,019efe72-fe6b-72b6-9f65-79e5fc346566,USR000760,Nanda Hilman,EU,END USER,019490f2-0003-7000-8000-123456789003,CG,Cipta Digital,30000.0,0.0,0.0,0.0,30000.0,30000.0,0.0,30000.0,0.0,0.0,100.0,2026-07-15 19:06:00,2026-07-15 19:06:00,,,-1.0,-1.0,0,0,False,Paid - On Time/Early,1,1,CG-QRIS,QRIS BCA,paid,ENTRY,0,,0,0,0,,2026-10-03 07:00:00,paid,END USER,30000.0,30000.0,30000.0,0.0,0.0,True,False,0.0,Payment date earlier than invoice date,Settled,External Customer,False
019f65df-80dd-731a-8b3e-969185f85b84,CGMP2607150020,2026-07-16 01:58:00.000,2026-07-16 02:58:00.000,paid,,019c78b5-2f8d-7738-8714-24afdaac85c2,CST63584230,Asep Deni,UMKM,UMKM,019490f2-0003-7000-8000-123456789003,CG,Cipta Digital,16000.0,0.0,0.0,0.0,16000.0,16000.0,0.0,16000.0,0.0,0.0,100.0,2026-07-15 20:03:00,2026-07-15 20:03:00,,,-1.0,-1.0,0,0,False,Paid - On Time/Early,1,1,CG-CIB,Cash in Box,paid,ENTRY,0,,0,0,0,,2026-10-03 07:00:00,paid,UMKM,16000.0,16000.0,16000.0,0.0,0.0,True,False,0.0,Payment date earlier than invoice date,Settled,External Customer,False
019f65ea-2d14-7662-be66-e4f66c1d8420,CGMP2607150021,2026-07-16 01:58:00.000,2026-07-16 02:58:00.000,paid,,019c78b5-2f8d-7738-8714-24afdaac85c2,CST63584230,Asep Deni,UMKM,UMKM,019490f2-0003-7000-8000-123456789003,CG,Cipta Digital,6000.0,0.0,0.0,0.0,6000.0,6000.0,0.0,6000.0,0.0,0.0,100.0,2026-07-15 20:14:00,2026-07-15 20:14:00,,,-1.0,-1.0,0,0,False,Paid - On Time/Early,1,1,CG-CIB,Cash in Box,paid,ENTRY,0,,0,0,0,,2026-10-03 07:00:00,paid,UMKM,6000.0,6000.0,6000.0,0.0,0.0,True,False,0.0,Payment date earlier than invoice date,Settled,External Customer,False
019f69b5-5bc0-747e-b579-5693ceb47d5d,PKJA2607160011,2026-07-16 20:52:00.000,2026-07-16 21:52:00.000,paid,CMWI-K 0017 07 2026,019b91a5-4e3c-71d9-847b-989461935fec,IND0005,Pt Central Motor Wheel Indonesia,INDUSTRI,INDUSTRI,019b8a09-0bf8-7497-98a0-86a53a78e02f,PWK,Cipta Purwakarta,15050000.0,0.0,1655500.0,0.0,16705500.0,16705500.0,0.0,16705500.0,0.0,0.0,100.0,2026-06-30 14:36:00,2026-06-30 14:36:00,,,-16.0,-16.0,0,0,False,Paid - On Time/Early,1,1,PWK-BCA,BCA PWK,paid,ENTRY,0,,0,0,0,,2026-10-03 07:00:00,paid,INDUSTRI,16705500.0,16705500.0,16705500.0,0.0,0.0,True,False,0.0,Payment date earlier than invoice date,Settled,External Customer,False
019f6a92-1996-732a-a41c-c7ad80901322,CGMH2607160009,2026-07-17 00:39:00.000,2026-07-17 01:39:00.000,paid,,019f6a87-724b-70cf-a7ab-903d5fabff45,UMK001215,Kiya Kiya,UMKM,UMKM,019490f2-0003-7000-8000-123456789003,CG,Cipta Digital,68000.0,0.0,0.0,0.0,68000.0,68000.0,0.0,68000.0,0.0,0.0,100.0,2026-07-16 18:45:00,2026-07-16 18:45:00,,,-1.0,-1.0,0,0,False,Paid - On Time/Early,1,1,CG-JZM,BCA Jazmi Hamzah,paid,ENTRY,0,,0,0,0,,2026-10-03 07:00:00,paid,UMKM,68000.0,68000.0,68000.0,0.0,0.0,True,False,0.0,Payment date earlier than invoice date,Settled,External Customer,False
019f6a9e-c681-70bf-9022-9702b1e8e8fa,CGMH2607160010,2026-07-17 00:39:00.000,2026-07-17 01:39:00.000,paid,,019f6a9d-e4ab-708b-b326-222069f3d49b,UMK001216,Citra Citra,UMKM,UMKM,019490f2-0003-7000-8000-123456789003,CG,Cipta Digital,80000.0,0.0,0.0,0.0,80000.0,80000.0,0.0,80000.0,0.0,0.0,100.0,2026-07-16 18:24:00,2026-07-16 18:24:00,,,-1.0,-1.0,0,0,False,Paid - On Time/Early,1,1,CG-JZM,BCA Jazmi Hamzah,paid,ENTRY,0,,0,0,0,,2026-10-03 07:00:00,paid,UMKM,80000.0,80000.0,80000.0,0.0,0.0,True,False,0.0,Payment date earlier than invoice date,Settled,External Customer,False
019f6ac7-9e0f-731f-a553-e84fbd027e60,CGNM2607160018,2026-07-17 01:54:00.000,2026-07-17 16:41:00.000,paid,,019f69c1-5889-72c2-979e-30ce5e2e9b2f,UMK001214,Ismail Pt Sharp,UMKM,UMKM,019490f2-0003-7000-8000-123456789003,CG,Cipta Digital,665000.0,0.0,0.0,0.0,665000.0,665000.0,0.0,665000.0,0.0,0.0,100.0,2026-07-16 18:54:00,2026-07-17 14:46:00,,,-1.0,0.0,0,0,False,Paid - On Time/Early,2,1,CG-CIB,Cash in Box,"dp, paid",ENTRY,0,,0,0,0,,2026-10-03 07:00:00,paid,UMKM,665000.0,665000.0,665000.0,0.0,0.0,True,False,0.0,Payment date earlier than invoice date,Settled,External Customer,False
019f6ac9-9939-71db-8a5d-bbf0e0bd3452,CGMH2607160011,2026-07-17 00:39:00.000,2026-07-17 01:39:00.000,paid,,019c4a17-2a85-71b3-8b10-188d1f15cac2,UMK001594,Linda Yakiniku,UMKM,UMKM,019490f2-0003-7000-8000-123456789003,CG,Cipta Digital,60000.0,0.0,0.0,0.0,60000.0,60000.0,0.0,60000.0,0.0,0.0,100.0,2026-07-16 19:21:00,2026-07-16 19:21:00,,,-1.0,-1.0,0,0,False,Paid - On Time/Early,1,1,CG-JZM,BCA Jazmi Hamzah,paid,ENTRY,0,,0,0,0,,2026-10-03 07:00:00,paid,UMKM,60000.0,60000.0,60000.0,0.0,0.0,True,False,0.0,Payment date earlier than invoice date,Settled,External Customer,False
019f6aec-9a8f-71ac-b148-7960ac2e64c3,GRDN2607160023,2026-07-17 02:35:00.000,2026-07-17 06:56:00.000,partial,,019b8c17-258c-7605-a5d4-c585b54150bd,USR0099,Iman (Iman),EU,END USER,019490f2-0000-7000-8000-123456789000,GRH,Cipta Graha,738000.0,0.0,0.0,0.0,738000.0,300000.0,0.0,300000.0,438000.0,0.0,40.65,2026-07-16 19:36:00,2026-07-16 19:36:00,,,-1.0,,0,78,True,Partially Paid - Overdue,1,1,GRH-FTN,BCA Graha (Fathan),partial,ENTRY,0,,0,0,0,,2026-10-03 07:00:00,partial,END USER,738000.0,300000.0,300000.0,438000.0,0.0,False,True,438000.0,Payment date earlier than invoice date,61-90 Days,External Customer,False
019f6aee-611a-7456-9794-127efb39cbbc,CGMH2607160012,2026-07-17 00:39:00.000,2026-07-17 01:39:00.000,paid,,019eca54-8bd3-7527-b67e-caead848a135,UMK001008,Aulia Aulia,UMKM,UMKM,019490f2-0003-7000-8000-123456789003,CG,Cipta Digital,32000.0,0.0,0.0,0.0,32000.0,32000.0,0.0,32000.0,0.0,0.0,100.0,2026-07-16 19:43:00,2026-07-16 19:43:00,,,-1.0,-1.0,0,0,False,Paid - On Time/Early,1,1,CG-JZM,BCA Jazmi Hamzah,paid,ENTRY,0,,0,0,0,,2026-10-03 07:00:00,paid,UMKM,32000.0,32000.0,32000.0,0.0,0.0,True,False,0.0,Payment date earlier than invoice date,Settled,External Customer,False
019f6b04-03ba-71b0-a387-7ec975fd0efc,CJFA2607160015,2026-07-17 03:00:00.000,2026-07-17 04:00:00.000,paid,,019c1d5c-d645-767b-9b7b-f3eb2e9f4e9d,USR000056,Rendy (Rendy),EU,END USER,019490f2-0002-7000-8000-123456789002,CNJ,Cipta Cianjur,5000.0,0.0,0.0,0.0,5000.0,5000.0,0.0,5000.0,0.0,0.0,100.0,2026-07-16 20:01:00,2026-07-16 20:01:00,,,-1.0,-1.0,0,0,False,Paid - On Time/Early,1,1,CNJ-CIB,Cash in Box,paid,ENTRY,0,,0,0,0,,2026-10-03 07:00:00,paid,END USER,5000.0,5000.0,5000.0,0.0,0.0,True,False,0.0,Payment date earlier than invoice date,Settled,External Customer,False
019f6f9e-ec57-702a-b12a-36c8fb968298,CGEL2607170005,2026-07-18 00:25:00.000,2026-07-18 01:25:00.000,paid,,019c55e0-d457-722d-9741-deb4f0888cb1,USR001148,Nurhasanah Nuri,EU,END USER,019490f2-0003-7000-8000-123456789003,CG,Cipta Digital,65000.0,0.0,0.0,0.0,65000.0,65000.0,0.0,65000.0,0.0,0.0,100.0,2026-07-17 17:50:00,2026-07-17 17:50:00,,,-1.0,-1.0,0,0,False,Paid - On Time/Early,1,1,CG-JZM,BCA Jazmi Hamzah,paid,ENTRY,0,,0,0,0,,2026-10-03 07:00:00,paid,END USER,65000.0,65000.0,65000.0,0.0,0.0,True,False,0.0,Payment date earlier than invoice date,Settled,External Customer,False
019f6fcc-761f-76cb-8da6-7094fbfe53b9,PKAB2607170015,2026-07-18 01:17:00.000,2026-07-18 02:17:00.000,paid,,019b91a7-6a08-729d-b8e8-a8ade6d258f6,USR00383,Rian (Rian),EU,END USER,019b8a09-0bf8-7497-98a0-86a53a78e02f,PWK,Cipta Purwakarta,48000.0,0.0,0.0,0.0,48000.0,48000.0,0.0,48000.0,0.0,0.0,100.0,2026-07-17 18:31:00,2026-07-17 18:31:00,,,-1.0,-1.0,0,0,False,Paid - On Time/Early,1,1,PWK-MDR,Mandiri Purwakarta,paid,ENTRY,0,,0,0,0,,2026-10-03 07:00:00,paid,END USER,48000.0,48000.0,48000.0,0.0,0.0,True,False,0.0,Payment date earlier than invoice date,Settled,External Customer,False
019f6fd1-c51f-731f-9b54-e6e79fd1fb44,PKAB2607170016,2026-07-18 01:17:00.000,2026-07-18 02:17:00.000,paid,,019b91a5-4e42-73a9-8ac1-d4619643617a,UMK0456,Ervin (Ervin),UMKM,UMKM,019b8a09-0bf8-7497-98a0-86a53a78e02f,PWK,Cipta Purwakarta,26000.0,0.0,0.0,0.0,26000.0,26000.0,0.0,26000.0,0.0,0.0,100.0,2026-07-17 18:39:00,2026-07-17 18:39:00,,,-1.0,-1.0,0,0,False,Paid - On Time/Early,1,1,PWK-BCA,BCA PWK,paid,ENTRY,0,,0,0,0,,2026-10-03 07:00:00,paid,UMKM,26000.0,26000.0,26000.0,0.0,0.0,True,False,0.0,Payment date earlier than invoice date,Settled,External Customer,False
019f6fd6-6038-7209-913d-29506e26e6f6,PKAB2607170017,2026-07-18 01:17:00.000,2026-07-18 02:17:00.000,paid,,019b91a7-6a08-729d-b8e8-6ddee5c39ccb,USR00368,Ardan (Ardan),EU,END USER,019b8a09-0bf8-7497-98a0-86a53a78e02f,PWK,Cipta Purwakarta,15000.0,0.0,0.0,0.0,15000.0,15000.0,0.0,15000.0,0.0,0.0,100.0,2026-07-17 18:29:00,2026-07-17 18:29:00,,,-1.0,-1.0,0,0,False,Paid - On Time/Early,1,1,PWK-BCA,BCA PWK,paid,ENTRY,0,,0,0,0,,2026-10-03 07:00:00,paid,END USER,15000.0,15000.0,15000.0,0.0,0.0,True,False,0.0,Payment date earlier than invoice date,Settled,External Customer,False
019f6fe7-9941-72db-87d8-2d8f2b9cefd7,PKAB2607170018,2026-07-18 01:17:00.000,2026-07-18 02:17:00.000,paid,,019f6fe6-d1b2-779e-8ab6-5f7d675221f1,USR000669,Parfum Puspa,EU,END USER,019b8a09-0bf8-7497-98a0-86a53a78e02f,PWK,Cipta Purwakarta,110000.0,10000.0,0.0,0.0,100000.0,100000.0,0.0,100000.0,0.0,0.0,100.0,2026-07-17 19:26:00,2026-07-17 19:26:00,,,-1.0,-1.0,0,0,False,Paid - On Time/Early,1,1,PWK-BCA,BCA PWK,paid,ENTRY,0,,0,0,0,,2026-10-03 07:00:00,paid,END USER,100000.0,100000.0,100000.0,0.0,0.0,True,False,0.0,Payment date earlier than invoice date,Settled,External Customer,False
019f6fee-f0b9-7686-859c-a8fe80301861,CGEL2607170006,2026-07-18 00:25:00.000,2026-07-18 01:25:00.000,paid,,019c55e0-d457-722d-9741-deb4f0888cb1,USR001148,Nurhasanah Nuri,EU,END USER,019490f2-0003-7000-8000-123456789003,CG,Cipta Digital,24000.0,0.0,0.0,0.0,24000.0,24000.0,0.0,24000.0,0.0,0.0,100.0,2026-07-17 19:02:00,2026-07-17 19:02:00,,,-1.0,-1.0,0,0,False,Paid - On Time/Early,1,1,CG-JZM,BCA Jazmi Hamzah,paid,ENTRY,0,,0,0,0,,2026-10-03 07:00:00,paid,END USER,24000.0,24000.0,24000.0,0.0,0.0,True,False,0.0,Payment date earlier than invoice date,Settled,External Customer,False
019f701c-1517-702c-b4b0-99e0cb9835e6,CJFA2607170009,2026-07-18 02:44:00.000,2026-07-18 03:44:00.000,paid,,019b8de1-c6b8-75ba-9066-9b980b633417,UMK0070,Sinar Mulya Ibu,UMKM,UMKM,019490f2-0002-7000-8000-123456789002,CNJ,Cipta Cianjur,63000.0,0.0,0.0,0.0,63000.0,63000.0,0.0,63000.0,0.0,0.0,100.0,2026-07-17 19:45:00,2026-07-17 19:45:00,,,-1.0,-1.0,0,0,False,Paid - On Time/Early,1,1,CNJ-BCA,BCA 2201,paid,ENTRY,0,,0,0,0,,2026-10-03 07:00:00,paid,UMKM,63000.0,63000.0,63000.0,0.0,0.0,True,False,0.0,Payment date earlier than invoice date,Settled,External Customer,False
019f7021-24ee-739e-816c-c6e9f2e6901b,PKAB2607170019,2026-07-18 01:17:00.000,2026-07-18 02:17:00.000,paid,,019b91a5-4e42-73a9-8ac2-cf3c0430c683,UMK0518,Irfan (Irfan),UMKM,UMKM,019b8a09-0bf8-7497-98a0-86a53a78e02f,PWK,Cipta Purwakarta,110000.0,0.0,0.0,0.0,110000.0,110000.0,0.0,110000.0,0.0,0.0,100.0,2026-07-17 20:07:00,2026-07-17 20:07:00,,,-1.0,-1.0,0,0,False,Paid - On Time/Early,1,1,PWK-CIB,Cash in Box,paid,ENTRY,0,,0,0,0,,2026-10-03 07:00:00,paid,UMKM,110000.0,110000.0,110000.0,0.0,0.0,True,False,0.0,Payment date earlier than invoice date,Settled,External Customer,False
019f702b-fc27-7133-98bd-79d40f972248,PKAB2607170020,2026-07-18 01:17:00.000,2026-07-18 02:17:00.000,paid,,019b91a7-6a12-76db-9ff9-103adc3a3df6,USR02590,Abel (Abel),EU,END USER,019b8a09-0bf8-7497-98a0-86a53a78e02f,PWK,Cipta Purwakarta,10000.0,0.0,0.0,0.0,10000.0,10000.0,0.0,10000.0,0.0,0.0,100.0,2026-07-17 20:02:00,2026-07-17 20:02:00,,,-1.0,-1.0,0,0,False,Paid - On Time/Early,1,1,PWK-CIB,Cash in Box,paid,ENTRY,0,,0,0,0,,2026-10-03 07:00:00,paid,END USER,10000.0,10000.0,10000.0,0.0,0.0,True,False,0.0,Payment date earlier than invoice date,Settled,External Customer,False
019f72db-0812-741f-8fcd-894770348633,PKJA2607180001,2026-07-18 17:19:00.000,2026-07-18 22:19:00.000,paid,,019b91a7-6a08-729d-b8ea-52e6bdc5f4ab,USR00489,Ichi (Ichi),EU,END USER,019b8a09-0bf8-7497-98a0-86a53a78e02f,PWK,Cipta Purwakarta,9000.0,0.0,0.0,0.0,9000.0,9000.0,0.0,9000.0,0.0,0.0,100.0,2026-07-17 10:20:00,2026-07-17 10:20:00,,,-1.0,-1.0,0,0,False,Paid - On Time/Early,1,1,PWK-CIB,Cash in Box,paid,ENTRY,0,,0,0,0,,2026-10-03 07:00:00,paid,END USER,9000.0,9000.0,9000.0,0.0,0.0,True,False,0.0,Payment date earlier than invoice date,Settled,External Customer,False
019f74b6-d0d4-76ad-b5f6-9590952ecf9a,CGSB2607180011,2026-07-19 00:08:00.000,2026-07-19 01:08:00.000,paid,,019b9e31-6b76-745e-a2ef-f3bb4ad2fc2b,EU2588,Siska Massage,EU,END USER,019490f2-0003-7000-8000-123456789003,CG,Cipta Digital,70000.0,0.0,0.0,0.0,70000.0,70000.0,0.0,70000.0,0.0,0.0,100.0,2026-07-18 17:12:00,2026-07-18 17:12:00,,,-1.0,-1.0,0,0,False,Paid - On Time/Early,1,1,CG-QRIS,QRIS BCA,paid,ENTRY,0,,0,0,0,,2026-10-03 07:00:00,paid,END USER,70000.0,70000.0,70000.0,0.0,0.0,True,False,0.0,Payment date earlier than invoice date,Settled,External Customer,False
019f7a0b-57db-726d-bc94-6e4661e5baf5,CJFA2607190006,2026-07-20 01:00:00.000,2026-07-20 02:00:00.000,partial,,019b8de1-c6bb-707a-872f-ea7af6c4df3d,CG0157,Ujang Photocopy,AGEN,AGEN,019490f2-0002-7000-8000-123456789002,CNJ,Cipta Cianjur,93000.0,0.0,0.0,0.0,93000.0,10000.0,0.0,10000.0,83000.0,0.0,10.75,2026-07-19 18:05:00,2026-07-19 18:05:00,,,-1.0,,0,75,True,Partially Paid - Overdue,1,1,CNJ-CIB,Cash in Box,partial,ENTRY,0,,0,0,0,,2026-10-03 07:00:00,partial,AGEN,93000.0,10000.0,10000.0,83000.0,0.0,False,True,83000.0,Payment date earlier than invoice date,61-90 Days,External Customer,False
019f7a11-70a0-7599-b829-267c84b86f46,CJFA2607190007,2026-07-20 01:00:00.000,2026-07-20 02:00:00.000,paid,,019b8de1-c6ba-72a9-8e2f-70f365c150f9,CG0147,Perc. Sakura,AGEN,AGEN,019490f2-0002-7000-8000-123456789002,CNJ,Cipta Cianjur,30000.0,0.0,0.0,0.0,30000.0,30000.0,0.0,30000.0,0.0,0.0,100.0,2026-07-19 18:10:00,2026-07-19 18:10:00,,,-1.0,-1.0,0,0,False,Paid - On Time/Early,1,1,CNJ-CIB,Cash in Box,paid,ENTRY,0,,0,0,0,,2026-10-03 07:00:00,paid,AGEN,30000.0,30000.0,30000.0,0.0,0.0,True,False,0.0,Payment date earlier than invoice date,Settled,External Customer,False
019f7a15-ab40-71b3-8a3a-b1f46717b3b6,CJFA2607190008,2026-07-20 01:00:00.000,2026-07-20 02:00:00.000,paid,,019c1d66-6da6-722a-a5d6-4f0471520d1b,USR000266,Novia (Novia),EU,END USER,019490f2-0002-7000-8000-123456789002,CNJ,Cipta Cianjur,20000.0,0.0,0.0,0.0,20000.0,20000.0,0.0,20000.0,0.0,0.0,100.0,2026-07-19 18:50:00,2026-07-19 18:50:00,,,-1.0,-1.0,0,0,False,Paid - On Time/Early,1,1,CNJ-CIB,Cash in Box,paid,ENTRY,0,,0,0,0,,2026-10-03 07:00:00,paid,END USER,20000.0,20000.0,20000.0,0.0,0.0,True,False,0.0,Payment date earlier than invoice date,Settled,External Customer,False
019f7a36-fa01-71fc-b7d9-bca7044db83c,CJEF2607190002,2026-07-20 01:49:00.000,2026-07-20 02:49:00.000,paid,,019b8de1-c6b8-75ba-9063-65b536be3a82,EM0004-08,Egis Fauzi Ferdiansyah,EMPLOYEE,EMPLOYEE,019490f2-0002-7000-8000-123456789002,CNJ,Cipta Cianjur,23000.0,0.0,0.0,0.0,23000.0,23000.0,0.0,23000.0,0.0,0.0,100.0,2026-07-19 18:54:00,2026-07-19 18:54:00,,,-1.0,-1.0,0,0,False,Paid - On Time/Early,1,1,CNJ-CIB,Cash in Box,paid,ENTRY,0,,0,0,0,,2026-10-03 07:00:00,paid,EMPLOYEE,23000.0,23000.0,23000.0,0.0,0.0,True,False,0.0,Payment date earlier than invoice date,Settled,External Customer,False
019f7a4c-5778-70ff-bb8c-26febd679919,CJFA2607190010,2026-07-20 01:00:00.000,2026-07-20 02:00:00.000,paid,,019c1cb9-7a12-740e-bfdd-ee59d42bff08,EDU000031,SDN Lemburtengah,SEKOLAH,SEKOLAH,019490f2-0002-7000-8000-123456789002,CNJ,Cipta Cianjur,30000.0,0.0,0.0,0.0,30000.0,30000.0,0.0,30000.0,0.0,0.0,100.0,2026-07-19 19:18:00,2026-07-19 19:18:00,,,-1.0,-1.0,0,0,False,Paid - On Time/Early,1,1,CNJ-CIB,Cash in Box,paid,ENTRY,0,,0,0,0,,2026-10-03 07:00:00,paid,SEKOLAH,30000.0,30000.0,30000.0,0.0,0.0,True,False,0.0,Payment date earlier than invoice date,Settled,External Customer,False
019f7a50-e2b2-73bb-bfe1-0509a5975105,CJFA2607190011,2026-07-20 01:00:00.000,2026-07-20 02:00:00.000,paid,,019b8de1-c6b9-77e8-a27d-61154f7e9ec4,UMK0314,Satu Dapoer,UMKM,UMKM,019490f2-0002-7000-8000-123456789002,CNJ,Cipta Cianjur,20000.0,0.0,0.0,0.0,20000.0,20000.0,0.0,20000.0,0.0,0.0,100.0,2026-07-19 19:19:00,2026-07-19 19:19:00,,,-1.0,-1.0,0,0,False,Paid - On Time/Early,2,1,CNJ-CIB,Cash in Box,paid,ENTRY,0,,0,0,0,,2026-10-03 07:00:00,paid,UMKM,20000.0,20000.0,20000.0,0.0,0.0,True,False,0.0,Payment date earlier than invoice date,Settled,External Customer,False
019f7a52-1f49-7558-9f1d-2b1234c680de,CJFA2607190012,2026-07-20 01:00:00.000,2026-07-20 02:00:00.000,paid,,019c1d5c-d645-767b-9b7c-236620dace70,USR000068,Bu Nindy,EU,END USER,019490f2-0002-7000-8000-123456789002,CNJ,Cipta Cianjur,10000.0,0.0,0.0,0.0,10000.0,10000.0,0.0,10000.0,0.0,0.0,100.0,2026-07-19 19:20:00,2026-07-19 19:20:00,,,-1.0,-1.0,0,0,False,Paid - On Time/Early,1,1,CNJ-CIB,Cash in Box,paid,ENTRY,0,,0,0,0,,2026-10-03 07:00:00,paid,END USER,10000.0,10000.0,10000.0,0.0,0.0,True,False,0.0,Payment date earlier than invoice date,Settled,External Customer,False
019f7a52-d634-7099-8cbc-56290655fc9b,CJFA2607190013,2026-07-20 01:00:00.000,2026-07-20 02:00:00.000,paid,,019c1cb9-7a12-740e-bfde-4b9cde3bf96b,EDU000054,SMK Negeri 2 Cilaku,SEKOLAH,SEKOLAH,019490f2-0002-7000-8000-123456789002,CNJ,Cipta Cianjur,10000.0,0.0,0.0,0.0,10000.0,10000.0,0.0,10000.0,0.0,0.0,100.0,2026-07-19 19:21:00,2026-07-19 19:21:00,,,-1.0,-1.0,0,0,False,Paid - On Time/Early,1,1,CNJ-CIB,Cash in Box,paid,ENTRY,0,,0,0,0,,2026-10-03 07:00:00,paid,SEKOLAH,10000.0,10000.0,10000.0,0.0,0.0,True,False,0.0,Payment date earlier than invoice date,Settled,External Customer,False
019f7a54-e68e-76aa-89a4-87b9f512a97a,CJFA2607190014,2026-07-20 01:00:00.000,2026-07-20 02:00:00.000,paid,,019b8de1-c6ba-72a9-8e2d-b3c548e03b9e,CG0035,Perc. Perkasa,AGEN,AGEN,019490f2-0002-7000-8000-123456789002,CNJ,Cipta Cianjur,63500.0,0.0,0.0,0.0,63500.0,63500.0,0.0,63500.0,0.0,0.0,100.0,2026-07-19 19:23:00,2026-07-19 19:23:00,,,-1.0,-1.0,0,0,False,Paid - On Time/Early,1,1,CNJ-CIB,Cash in Box,paid,ENTRY,0,,0,0,0,,2026-10-03 07:00:00,paid,AGEN,63500.0,63500.0,63500.0,0.0,0.0,True,False,0.0,Payment date earlier than invoice date,Settled,External Customer,False
019f7a55-ca5e-74cb-89af-8b75a6b3b5b1,CJFA2607190015,2026-07-20 01:00:00.000,2026-07-20 02:00:00.000,paid,,019b8de1-c6ba-72a9-8e2d-86ae5760f254,CG0024,Perc. Karya Malik,AGEN,AGEN,019490f2-0002-7000-8000-123456789002,CNJ,Cipta Cianjur,10000.0,0.0,0.0,0.0,10000.0,10000.0,0.0,10000.0,0.0,0.0,100.0,2026-07-19 19:24:00,2026-07-19 19:24:00,,,-1.0,-1.0,0,0,False,Paid - On Time/Early,1,1,CNJ-CIB,Cash in Box,paid,ENTRY,0,,0,0,0,,2026-10-03 07:00:00,paid,AGEN,10000.0,10000.0,10000.0,0.0,0.0,True,False,0.0,Payment date earlier than invoice date,Settled,External Customer,False
019f7a57-21f0-7108-870e-f415603e5594,CJFA2607190016,2026-07-20 01:00:00.000,2026-07-20 02:00:00.000,paid,,019e7714-d7d7-7109-93e1-855cd2742c53,UMK000046,Wahyu The Roll,UMKM,UMKM,019490f2-0002-7000-8000-123456789002,CNJ,Cipta Cianjur,15000.0,0.0,0.0,0.0,15000.0,15000.0,0.0,15000.0,0.0,0.0,100.0,2026-07-19 19:26:00,2026-07-19 19:26:00,,,-1.0,-1.0,0,0,False,Paid - On Time/Early,1,1,CNJ-CIB,Cash in Box,paid,ENTRY,0,,0,0,0,,2026-10-03 07:00:00,paid,UMKM,15000.0,15000.0,15000.0,0.0,0.0,True,False,0.0,Payment date earlier than invoice date,Settled,External Customer,False
019f7a59-a70a-750a-ae27-29aa73864b82,CJFA2607190017,2026-07-20 01:00:00.000,2026-07-20 02:00:00.000,paid,,019b8de1-c6bb-707a-872f-e685ca4546a8,CG0156,Vins Digital Printing,AGEN,AGEN,019490f2-0002-7000-8000-123456789002,CNJ,Cipta Cianjur,8000.0,0.0,0.0,0.0,8000.0,8000.0,0.0,8000.0,0.0,0.0,100.0,2026-07-19 19:29:00,2026-07-19 19:29:00,,,-1.0,-1.0,0,0,False,Paid - On Time/Early,1,1,CNJ-CIB,Cash in Box,paid,ENTRY,0,,0,0,0,,2026-10-03 07:00:00,paid,AGEN,8000.0,8000.0,8000.0,0.0,0.0,True,False,0.0,Payment date earlier than invoice date,Settled,External Customer,False
019f7f41-0453-729b-b51d-36349fa49309,CJGI2607200017,2026-07-21 01:19:00.000,2026-07-21 02:19:00.000,paid,,019c1d91-00f1-7075-b03f-59ce291225ba,USR000959,Anav (anav),EU,END USER,019490f2-0002-7000-8000-123456789002,CNJ,Cipta Cianjur,35000.0,0.0,0.0,0.0,35000.0,35000.0,0.0,35000.0,0.0,0.0,100.0,2026-07-20 18:15:00,2026-07-20 18:15:00,,,-1.0,-1.0,0,0,False,Paid - On Time/Early,1,1,CNJ-BCA,BCA 2201,paid,ENTRY,0,,0,0,0,,2026-10-03 07:00:00,paid,END USER,35000.0,35000.0,35000.0,0.0,0.0,True,False,0.0,Payment date earlier than invoice date,Settled,External Customer,False
019f843e-569c-773c-89d4-c39846b09cc9,PKAS2607210007,2026-07-22 00:34:00.000,2026-07-22 01:34:00.000,paid,,019b91a5-4e42-73a9-8abf-25422d3f4351,UMK0284,Arofah (Arofah),UMKM,UMKM,019b8a09-0bf8-7497-98a0-86a53a78e02f,PWK,Cipta Purwakarta,24000.0,0.0,0.0,0.0,24000.0,24000.0,0.0,24000.0,0.0,0.0,100.0,2026-07-21 17:41:00,2026-07-21 17:41:00,,,-1.0,-1.0,0,0,False,Paid - On Time/Early,1,1,PWK-CIB,Cash in Box,paid,ENTRY,0,,0,0,0,,2026-10-03 07:00:00,paid,UMKM,24000.0,24000.0,24000.0,0.0,0.0,True,False,0.0,Payment date earlier than invoice date,Settled,External Customer,False
019f8442-da4c-745e-ae6a-25c3d3ecd940,PKAB2607210014,2026-07-22 00:11:00.000,2026-07-22 01:11:00.000,paid,,019b91a5-4e40-7661-9517-98032f81ea49,UMK0150,Gita (Gita),UMKM,UMKM,019b8a09-0bf8-7497-98a0-86a53a78e02f,PWK,Cipta Purwakarta,40000.0,0.0,0.0,0.0,40000.0,40000.0,0.0,40000.0,0.0,0.0,100.0,2026-07-21 17:40:00,2026-07-21 17:40:00,,,-1.0,-1.0,0,0,False,Paid - On Time/Early,1,1,PWK-BCA,BCA PWK,paid,ENTRY,0,,0,0,0,,2026-10-03 07:00:00,paid,UMKM,40000.0,40000.0,40000.0,0.0,0.0,True,False,0.0,Payment date earlier than invoice date,Settled,External Customer,False
019f8453-ba0b-717e-9ebd-29e0fc0c1dd9,CJFA2607210014,2026-07-22 00:57:00.000,2026-07-22 01:57:00.000,paid,,019c1d68-55e7-7649-a645-db36e8bd8942,USR000302,Zoel Patrol,EU,END USER,019490f2-0002-7000-8000-123456789002,CNJ,Cipta Cianjur,5000.0,0.0,0.0,0.0,5000.0,5000.0,0.0,5000.0,0.0,0.0,100.0,2026-07-21 18:53:00,2026-07-21 18:53:00,,,-1.0,-1.0,0,0,False,Paid - On Time/Early,1,1,CNJ-BCA,BCA 2201,paid,ENTRY,0,,0,0,0,,2026-10-03 07:00:00,paid,END USER,5000.0,5000.0,5000.0,0.0,0.0,True,False,0.0,Payment date earlier than invoice date,Settled,External Customer,False
019f848a-ccec-7321-8e5c-2cee678b01fb,CJFA2607210016,2026-07-22 01:36:00.000,2026-07-22 02:36:00.000,paid,,019b8de1-c6b8-75ba-9064-6c6cdbdc107f,INS0040,Polres Cianjur,INSTANSI,INSTANSI,019490f2-0002-7000-8000-123456789002,CNJ,Cipta Cianjur,300000.0,0.0,0.0,0.0,300000.0,300000.0,0.0,300000.0,0.0,0.0,100.0,2026-07-21 20:13:00,2026-07-21 20:13:00,,,-1.0,-1.0,0,0,False,Paid - On Time/Early,1,1,CNJ-BCA,BCA 2201,paid,ENTRY,0,,0,0,0,,2026-10-03 07:00:00,paid,INSTANSI,300000.0,300000.0,300000.0,0.0,0.0,True,False,0.0,Payment date earlier than invoice date,Settled,External Customer,False
019f8493-62a9-706c-a1a7-4f97796b0afc,CJFA2607210017,2026-07-22 01:36:00.000,2026-07-22 02:36:00.000,paid,,019b8de1-c6ba-72a9-8e2e-9fe5bc622dbc,CG0094,Falah Kaos,AGEN,AGEN,019490f2-0002-7000-8000-123456789002,CNJ,Cipta Cianjur,3500.0,0.0,0.0,0.0,3500.0,3500.0,0.0,3500.0,0.0,0.0,100.0,2026-07-21 19:08:00,2026-07-21 19:08:00,,,-1.0,-1.0,0,0,False,Paid - On Time/Early,1,1,CNJ-CIB,Cash in Box,paid,ENTRY,0,,0,0,0,,2026-10-03 07:00:00,paid,AGEN,3500.0,3500.0,3500.0,0.0,0.0,True,False,0.0,Payment date earlier than invoice date,Settled,External Customer,False
019f8498-a3e8-73b7-9642-964443c167b2,CJFA2607210018,2026-07-22 01:36:00.000,2026-07-22 02:36:00.000,paid,,019c1d66-6da6-722a-a5d6-4f0471520d1b,USR000266,Novia (Novia),EU,END USER,019490f2-0002-7000-8000-123456789002,CNJ,Cipta Cianjur,20000.0,0.0,0.0,0.0,20000.0,20000.0,0.0,20000.0,0.0,0.0,100.0,2026-07-21 19:21:00,2026-07-21 19:21:00,,,-1.0,-1.0,0,0,False,Paid - On Time/Early,1,1,CNJ-CIB,Cash in Box,paid,ENTRY,0,,0,0,0,,2026-10-03 07:00:00,paid,END USER,20000.0,20000.0,20000.0,0.0,0.0,True,False,0.0,Payment date earlier than invoice date,Settled,External Customer,False
019f849d-1361-773f-87e7-cc4be588e9a6,PKAS2607210008,2026-07-22 00:34:00.000,2026-07-22 01:34:00.000,paid,,019b91a7-6a0a-74e8-97c2-cf5c17e31bd2,USR00871,Rena (Rena),EU,END USER,019b8a09-0bf8-7497-98a0-86a53a78e02f,PWK,Cipta Purwakarta,30000.0,0.0,0.0,0.0,30000.0,30000.0,0.0,30000.0,0.0,0.0,100.0,2026-07-21 19:18:00,2026-07-21 19:18:00,,,-1.0,-1.0,0,0,False,Paid - On Time/Early,1,1,PWK-CIB,Cash in Box,paid,ENTRY,0,,0,0,0,,2026-10-03 07:00:00,paid,END USER,30000.0,30000.0,30000.0,0.0,0.0,True,False,0.0,Payment date earlier than invoice date,Settled,External Customer,False
019f84a0-ae53-76bd-9f66-9bf3babce962,CJFA2607210019,2026-07-22 01:36:00.000,2026-07-22 02:36:00.000,paid,,019b8de1-c6b9-77e8-a27a-e1fd7fb70ac9,UMK0154,Snack 5R,UMKM,UMKM,019490f2-0002-7000-8000-123456789002,CNJ,Cipta Cianjur,54000.0,0.0,0.0,0.0,54000.0,54000.0,0.0,54000.0,0.0,0.0,100.0,2026-07-21 19:22:00,2026-07-21 19:22:00,,,-1.0,-1.0,0,0,False,Paid - On Time/Early,1,1,CNJ-CIB,Cash in Box,paid,ENTRY,0,,0,0,0,,2026-10-03 07:00:00,paid,UMKM,54000.0,54000.0,54000.0,0.0,0.0,True,False,0.0,Payment date earlier than invoice date,Settled,External Customer,False
019f84af-9c05-7101-8849-de6c12b0367a,PKAS2607210009,2026-07-22 00:34:00.000,2026-07-22 01:34:00.000,paid,,019b91a7-6a10-7257-9763-19d0dd077479,USR02239,Bentita (Bentita),EU,END USER,019b8a09-0bf8-7497-98a0-86a53a78e02f,PWK,Cipta Purwakarta,52000.0,0.0,0.0,0.0,52000.0,52000.0,0.0,52000.0,0.0,0.0,100.0,2026-07-21 19:46:00,2026-07-21 19:46:00,,,-1.0,-1.0,0,0,False,Paid - On Time/Early,1,1,PWK-BCA,BCA PWK,paid,ENTRY,0,,0,0,0,,2026-10-03 07:00:00,paid,END USER,52000.0,52000.0,52000.0,0.0,0.0,True,False,0.0,Payment date earlier than invoice date,Settled,External Customer,False
019f84b0-be47-7715-ab3a-aef8ed7be9cf,PKAS2607210010,2026-07-22 00:34:00.000,2026-07-22 01:34:00.000,paid,,019b91a7-6a08-729d-b8e6-3d0c54421681,USR00228,Aliyah (Aliyah),EU,END USER,019b8a09-0bf8-7497-98a0-86a53a78e02f,PWK,Cipta Purwakarta,15000.0,0.0,0.0,0.0,15000.0,15000.0,0.0,15000.0,0.0,0.0,100.0,2026-07-21 19:40:00,2026-07-21 19:40:00,,,-1.0,-1.0,0,0,False,Paid - On Time/Early,1,1,PWK-BCA,BCA PWK,paid,ENTRY,0,,0,0,0,,2026-10-03 07:00:00,paid,END USER,15000.0,15000.0,15000.0,0.0,0.0,True,False,0.0,Payment date earlier than invoice date,Settled,External Customer,False
019f84ba-fbdd-74e5-9bf5-5695bae33395,CJFA2607210020,2026-07-22 01:36:00.000,2026-07-22 02:36:00.000,paid,,019c1d5c-d645-767b-9b7b-f3eb2e9f4e9d,USR000056,Rendy (Rendy),EU,END USER,019490f2-0002-7000-8000-123456789002,CNJ,Cipta Cianjur,10000.0,0.0,0.0,0.0,10000.0,10000.0,0.0,10000.0,0.0,0.0,100.0,2026-07-21 19:51:00,2026-07-21 19:51:00,,,-1.0,-1.0,0,0,False,Paid - On Time/Early,1,1,CNJ-CIB,Cash in Box,paid,ENTRY,0,,0,0,0,,2026-10-03 07:00:00,paid,END USER,10000.0,10000.0,10000.0,0.0,0.0,True,False,0.0,Payment date earlier than invoice date,Settled,External Customer,False
019f84c6-aeb7-760d-9544-f473285da6da,PKAS2607210011,2026-07-22 03:03:00.000,2026-07-22 04:03:00.000,paid,,019b91a7-6a08-729d-b8e9-9e680df807bd,USR00444,Lukman (Lukman),EU,END USER,019b8a09-0bf8-7497-98a0-86a53a78e02f,PWK,Cipta Purwakarta,50000.0,0.0,0.0,0.0,50000.0,50000.0,0.0,50000.0,0.0,0.0,100.0,2026-07-21 20:04:00,2026-07-21 20:04:00,,,-1.0,-1.0,0,0,False,Paid - On Time/Early,1,1,PWK-CIB,Cash in Box,paid,ENTRY,0,,0,0,0,,2026-10-03 07:00:00,paid,END USER,50000.0,50000.0,50000.0,0.0,0.0,True,False,0.0,Payment date earlier than invoice date,Settled,External Customer,False
019f887c-5fe6-721f-a891-dbebd4dc1936,CJYR2607220001,2026-07-22 20:19:00.000,2026-07-22 21:19:00.000,paid,,019b8de1-c6ba-72a9-8e2e-d1699875d3fb,CG0107,Fugitive Sablon,AGEN,AGEN,019490f2-0002-7000-8000-123456789002,CNJ,Cipta Cianjur,22500.0,0.0,0.0,0.0,22500.0,22500.0,0.0,22500.0,0.0,0.0,100.0,2026-07-21 13:21:00,2026-07-21 13:21:00,,,-1.0,-1.0,0,0,False,Paid - On Time/Early,1,1,CNJ-CIB,Cash in Box,paid,ENTRY,0,,0,0,0,,2026-10-03 07:00:00,paid,AGEN,22500.0,22500.0,22500.0,0.0,0.0,True,False,0.0,Payment date earlier than invoice date,Settled,External Customer,False
019f897d-085d-7278-ace4-e1bdd5ad6a64,CJFU2607220009,2026-07-23 01:01:00.000,2026-07-23 02:01:00.000,paid,,019c1cb9-7a12-740e-bfde-4b9cde3bf96b,EDU000054,SMK Negeri 2 Cilaku,SEKOLAH,SEKOLAH,019490f2-0002-7000-8000-123456789002,CNJ,Cipta Cianjur,20000.0,0.0,0.0,0.0,20000.0,20000.0,0.0,20000.0,0.0,0.0,100.0,2026-07-22 18:05:00,2026-07-22 18:05:00,,,-1.0,-1.0,0,0,False,Paid - On Time/Early,1,1,CNJ-CIB,Cash in Box,paid,ENTRY,0,,0,0,0,,2026-10-03 07:00:00,paid,SEKOLAH,20000.0,20000.0,20000.0,0.0,0.0,True,False,0.0,Payment date earlier than invoice date,Settled,External Customer,False
019f97e8-4ce0-75c4-b72d-b80a97c34b95,PKAS2607250006,2026-07-25 09:41:00.000,2026-07-25 10:41:00.000,paid,,019bda07-40d9-704e-a95c-e4c2e34d68cb,CG000001,ALDEN (ALDEN),AGEN,AGEN,019b8a09-0bf8-7497-98a0-86a53a78e02f,PWK,Cipta Purwakarta,7500.0,0.0,0.0,0.0,7500.0,7500.0,0.0,7500.0,0.0,0.0,100.0,2026-07-24 11:08:00,2026-07-24 11:08:00,,,-1.0,-1.0,0,0,False,Paid - On Time/Early,1,1,PWK-CIB,Cash in Box,paid,ENTRY,0,,0,0,0,,2026-10-03 07:00:00,paid,AGEN,7500.0,7500.0,7500.0,0.0,0.0,True,False,0.0,Payment date earlier than invoice date,Settled,External Customer,False
019f989c-82d8-763d-8dca-22b6cedd4d12,PKDR2607250001,2026-07-25 16:29:00.000,2026-07-25 17:29:00.000,paid,,019b91a5-4e3c-71d9-847b-52a6c875ce30,DV0004,Cipta Digital,DIVISI,DIVISI,019b8a09-0bf8-7497-98a0-86a53a78e02f,PWK,Cipta Purwakarta,7700000.0,0.0,0.0,0.0,7700000.0,7700000.0,0.0,7700000.0,0.0,0.0,100.0,2026-05-31 14:53:00,2026-05-31 14:53:00,,,-55.0,-55.0,0,0,False,Paid - On Time/Early,1,1,PWK-BCA,BCA PWK,paid,ENTRY,0,,0,0,0,,2026-10-03 07:00:00,paid,DIVISI,7700000.0,7700000.0,7700000.0,0.0,0.0,True,False,0.0,Payment date earlier than invoice date,Settled,Internal Division,False
019fa6a0-0351-762c-9162-12f24b82e7dc,PKAS2607200009,2026-07-28 09:48:00.000,2026-07-28 10:48:00.000,paid,60484,019d65ca-cb68-7179-8dd0-5731c673e10e,IND000025,Pt. Hino Motors Manufacturing Indonesia,INDUSTRI,INDUSTRI,019b8a09-0bf8-7497-98a0-86a53a78e02f,PWK,Cipta Purwakarta,2320000.0,0.0,255200.0,0.0,2575200.0,2575200.0,0.0,2575200.0,0.0,0.0,100.0,2026-05-31 14:51:00,2026-05-31 14:51:00,,,-58.0,-58.0,0,0,False,Paid - On Time/Early,1,1,PWK-BCA,BCA PWK,paid,ENTRY,0,,0,0,0,,2026-10-03 07:00:00,paid,INDUSTRI,2575200.0,2575200.0,2575200.0,0.0,0.0,True,False,0.0,Payment date earlier than invoice date,Settled,External Customer,False
019fb0a9-e1f9-76dc-a2f8-7fadbd5b4eb6,PKDR2607200004,2026-07-30 08:35:00.000,2026-07-30 09:30:00.000,paid,4400962108,019b91a5-4e3d-702c-bb5c-b25d99ca7535,IND0019,Pt Prysmian Cables Indonesia,INDUSTRI,INDUSTRI,019b8a09-0bf8-7497-98a0-86a53a78e02f,PWK,Cipta Purwakarta,3000000.0,0.0,330000.0,0.0,3330000.0,3330000.0,0.0,3330000.0,0.0,0.0,100.0,2026-02-28 14:47:00,2026-02-28 14:47:00,,,-152.0,-152.0,0,0,False,Paid - On Time/Early,1,1,PWK-BCA,BCA PWK,paid,ENTRY,0,,0,0,0,,2026-10-03 07:00:00,paid,INDUSTRI,3330000.0,3330000.0,3330000.0,0.0,0.0,True,False,0.0,Payment date earlier than invoice date,Settled,External Customer,False
019fb5b8-4ab4-75ec-a835-afab2ad22eb1,PKDR2607280002,2026-07-31 08:07:00.000,2026-07-31 09:07:00.000,paid,4400962106,019b91a5-4e3d-702c-bb5c-b25d99ca7535,IND0019,Pt Prysmian Cables Indonesia,INDUSTRI,INDUSTRI,019b8a09-0bf8-7497-98a0-86a53a78e02f,PWK,Cipta Purwakarta,3900000.0,0.0,429000.0,0.0,4329000.0,4329000.0,0.0,4329000.0,0.0,0.0,100.0,2026-02-28 14:47:00,2026-02-28 14:47:00,,,-153.0,-153.0,0,0,False,Paid - On Time/Early,1,1,PWK-BCA,BCA PWK,paid,ENTRY,0,,0,0,0,,2026-10-03 07:00:00,paid,INDUSTRI,4329000.0,4329000.0,4329000.0,0.0,0.0,True,False,0.0,Payment date earlier than invoice date,Settled,External Customer,False
019ff8ae-6328-75aa-96dd-9a9e61de4c91,CGRD2608120002,2026-08-13 08:13:00.000,2026-08-23 09:13:00.000,paid,,019ff359-1d46-74dd-914e-16cbe12327bd,USR000994,Citra Andini,EU,END USER,019490f2-0003-7000-8000-123456789003,CG,Cipta Digital,1544000.0,0.0,0.0,0.0,1544000.0,1544000.0,0.0,1544000.0,0.0,0.0,100.0,2026-08-12 19:07:00,2026-08-24 07:27:00,,,-1.0,11.0,1,0,False,Paid - Late,2,1,CG-JZM,BCA Jazmi Hamzah,"dp, paid",ENTRY,0,,0,0,0,,2026-10-03 07:00:00,paid,END USER,1544000.0,1544000.0,1544000.0,0.0,0.0,True,False,0.0,Payment date earlier than invoice date,Settled,External Customer,True
019ff9b2-c38a-77ef-9e54-c403a599d5d4,CJFA2608130008,2026-08-13 11:59:00.000,2026-08-13 12:59:00.000,paid,,019ff9b1-a296-756e-af80-05432b610437,UMK000062,Golojo Ceke,UMKM,UMKM,019490f2-0002-7000-8000-123456789002,CNJ,Cipta Cianjur,63000.0,0.0,0.0,0.0,63000.0,63000.0,0.0,63000.0,0.0,0.0,100.0,2026-08-12 12:57:00,2026-08-14 12:11:00,,,-1.0,1.0,1,0,False,Paid - Late,2,1,CNJ-BCA,BCA 2201,"paid, partial",ENTRY,0,,0,0,0,,2026-10-03 07:00:00,paid,UMKM,63000.0,63000.0,63000.0,0.0,0.0,True,False,0.0,Payment date earlier than invoice date,Settled,External Customer,True
019ffa35-90cb-72c2-8851-a6f688f3adc1,GRDN2608110018,2026-08-13 15:20:00.000,2026-08-14 09:22:00.000,paid,,019b8c17-2580-73eb-858f-5f431b0ae7d1,INS0001,HAGATI BANK,INSTANSI,INSTANSI,019490f2-0000-7000-8000-123456789000,GRH,Cipta Graha,3125000.0,0.0,0.0,0.0,3125000.0,3125000.0,0.0,3125000.0,0.0,0.0,100.0,2026-08-11 15:20:00,2026-08-11 15:20:00,,,-2.0,-2.0,0,0,False,Paid - On Time/Early,1,1,GRH-FTN,BCA Graha (Fathan),paid,ENTRY,0,,0,0,0,,2026-10-03 07:00:00,paid,INSTANSI,3125000.0,3125000.0,3125000.0,0.0,0.0,True,False,0.0,Payment date earlier than invoice date,Settled,External Customer,False
01a01e65-7216-77b4-b56c-346cbed18aae,CJFA2608200014,2026-08-20 09:59:00.000,2026-08-20 10:59:00.000,paid,,019c1d86-2fd4-74e3-9196-f80e65c0f93b,USR000888,Adit (Adit),EU,END USER,019490f2-0002-7000-8000-123456789002,CNJ,Cipta Cianjur,3000.0,0.0,0.0,0.0,3000.0,3000.0,0.0,3000.0,0.0,0.0,100.0,2026-08-19 16:01:00,2026-08-19 16:01:00,,,-1.0,-1.0,0,0,False,Paid - On Time/Early,1,1,CNJ-BCA,BCA 2201,paid,ENTRY,0,,0,0,0,,2026-10-03 07:00:00,paid,END USER,3000.0,3000.0,3000.0,0.0,0.0,True,False,0.0,Payment date earlier than invoice date,Settled,External Customer,False
01a04217-7f16-7674-9c52-9a7d41c8083e,GRDN2608250003,2026-08-27 14:20:00.000,2026-08-27 14:22:00.000,paid,,019b8c17-2580-73eb-858f-5f431b0ae7d1,INS0001,HAGATI BANK,INSTANSI,INSTANSI,019490f2-0000-7000-8000-123456789000,GRH,Cipta Graha,1370000.0,0.0,0.0,0.0,1370000.0,1370000.0,0.0,1370000.0,0.0,0.0,100.0,2026-08-26 12:48:00,2026-08-26 12:48:00,,,-1.0,-1.0,0,0,False,Paid - On Time/Early,1,1,GRH-FTN,BCA Graha (Fathan),paid,ENTRY,0,,0,0,0,,2026-10-03 07:00:00,paid,INSTANSI,1370000.0,1370000.0,1370000.0,0.0,0.0,True,False,0.0,Payment date earlier than invoice date,Settled,External Customer,False
01a04ca6-5347-742f-908e-057b2f2a4ecc,GLNL2608290011,2026-08-29 15:27:00.000,2026-08-29 16:27:00.000,paid,,01a04ca5-1458-7384-ad6b-0ea471511465,USR000277,Cika Dongsung,EU,END USER,019490f2-0001-7000-8000-123456789001,GLH,Cipta Galuh,690000.0,0.0,0.0,0.0,690000.0,690000.0,0.0,690000.0,0.0,0.0,100.0,2026-08-20 08:34:00,2026-08-20 08:34:00,,,-9.0,-9.0,0,0,False,Paid - On Time/Early,1,1,PWK-BCA,BCA PWK,paid,ENTRY,0,,0,0,0,,2026-10-03 07:00:00,paid,END USER,690000.0,690000.0,690000.0,0.0,0.0,True,False,0.0,Payment date earlier than invoice date,Settled,External Customer,False
01a05c32-17fe-7359-bbd2-5afb254f6b88,GLVI2609010001,2026-09-01 11:14:00.000,2026-09-01 12:14:00.000,paid,,01a05c31-71be-71fd-a835-42d6bcb8a253,USR000280,Umi Huzaifah,EU,END USER,019490f2-0001-7000-8000-123456789001,GLH,Cipta Galuh,93000.0,0.0,0.0,0.0,93000.0,93000.0,0.0,93000.0,0.0,0.0,100.0,2026-08-22 10:26:00,2026-08-22 10:26:00,,,-10.0,-10.0,0,0,False,Paid - On Time/Early,1,1,GLH-775,BCA 775,paid,ENTRY,0,,0,0,0,,2026-10-03 07:00:00,paid,END USER,93000.0,93000.0,93000.0,0.0,0.0,True,False,0.0,Payment date earlier than invoice date,Settled,External Customer,False
01a070d7-3771-7423-b93f-92db2b6b587d,GLVI2609020004,2026-09-05 16:12:00.000,2026-09-05 16:41:00.000,paid,,019b8de0-01da-73d7-8d43-92faefedc2b4,IND0060,PT. Advics Manufacturing Indonesia,INDUSTRI,INDUSTRI,019490f2-0001-7000-8000-123456789001,GLH,Cipta Galuh,5705000.0,0.0,0.0,0.0,5705000.0,5705000.0,0.0,5705000.0,0.0,0.0,100.0,2026-09-02 16:12:00,2026-09-02 16:12:00,,,-3.0,-3.0,0,0,False,Paid - On Time/Early,1,1,GLH-MDR,Mandiri Karawang,paid,ENTRY,0,,0,0,0,,2026-10-03 07:00:00,paid,INDUSTRI,5705000.0,5705000.0,5705000.0,0.0,0.0,True,False,0.0,Payment date earlier than invoice date,Settled,External Customer,False
01a07fad-9ad2-7208-80c3-fed4ef1e694d,CJFA2609080003,2026-09-08 13:19:00.000,2026-09-11 13:19:00.000,paid,,019b8de1-c6b9-77e8-a27c-a36099034afb,UMK0266,Rimpang Jsr Teh Lia,UMKM,UMKM,019490f2-0002-7000-8000-123456789002,CNJ,Cipta Cianjur,190000.0,0.0,0.0,0.0,190000.0,190000.0,0.0,190000.0,0.0,0.0,100.0,2026-08-28 09:16:00,2026-09-09 09:16:00,,,-11.0,1.0,0,0,False,Paid - On Time/Early,2,1,CNJ-BCA,BCA 2201,"paid, partial",ENTRY,0,,0,0,0,,2026-10-03 07:00:00,paid,UMKM,190000.0,190000.0,190000.0,0.0,0.0,True,False,0.0,Payment date earlier than invoice date,Settled,External Customer,False
01a0844f-a3ad-75ce-8255-7f3fa6b2e053,PKAB2609090008,2026-09-09 10:55:00.000,2026-09-12 10:55:00.000,paid,,01a08085-7466-709f-868a-f641d50fc833,UMK000102,Snea Care,UMKM,UMKM,019b8a09-0bf8-7497-98a0-86a53a78e02f,PWK,Cipta Purwakarta,150000.0,0.0,0.0,0.0,150000.0,150000.0,0.0,150000.0,0.0,0.0,100.0,2026-07-31 13:14:00,2026-07-31 13:14:00,,,-40.0,-40.0,0,0,False,Paid - On Time/Early,1,1,PWK-BCA,BCA PWK,paid,ENTRY,0,,0,0,0,,2026-10-03 07:00:00,paid,UMKM,150000.0,150000.0,150000.0,0.0,0.0,True,False,0.0,Payment date earlier than invoice date,Settled,External Customer,False
01a084c0-1a68-73b9-934e-f199a0738b7e,PKAB2609090011,2026-09-09 12:59:37.313,2026-09-09 13:59:37.313,paid,,019b91a7-6a09-7539-b6eb-f283b41ac3c9,USR00524,Ubay (Ubay),EU,END USER,019b8a09-0bf8-7497-98a0-86a53a78e02f,PWK,Cipta Purwakarta,62000.0,0.0,0.0,0.0,62000.0,62000.0,0.0,62000.0,0.0,0.0,100.0,2026-07-31 12:59:00,2026-07-31 12:59:00,,,-40.0,-40.0,0,0,False,Paid - On Time/Early,1,1,PWK-QRIS,QRIS,paid,ENTRY,0,,0,0,0,,2026-10-03 07:00:00,paid,END USER,62000.0,62000.0,62000.0,0.0,0.0,True,False,0.0,Payment date earlier than invoice date,Settled,External Customer,False
01a084d0-a397-777d-9257-9487c6100677,PKJA2609090002,2026-09-09 13:14:00.000,2026-09-09 14:14:00.000,paid,,019bd989-7f1c-7569-b32d-e59d62327712,UMK000003,Pizza Domino,UMKM,UMKM,019b8a09-0bf8-7497-98a0-86a53a78e02f,PWK,Cipta Purwakarta,18000.0,0.0,0.0,0.0,18000.0,18000.0,0.0,18000.0,0.0,0.0,100.0,2026-07-31 13:19:00,2026-07-31 13:19:00,,,-40.0,-40.0,0,0,False,Paid - On Time/Early,1,1,PWK-CIB,Cash in Box,paid,ENTRY,0,,0,0,0,,2026-10-03 07:00:00,paid,UMKM,18000.0,18000.0,18000.0,0.0,0.0,True,False,0.0,Payment date earlier than invoice date,Settled,External Customer,False
01a09f7f-46b1-733c-850f-46f94d2f0d73,CJYR2609140004,2026-09-14 17:37:00.000,2026-09-17 17:37:00.000,paid,,019c1d66-6da6-722a-a5d5-b4efebdf82ad,USR000228,A Dedy (A Dedy),EU,END USER,019490f2-0002-7000-8000-123456789002,CNJ,Cipta Cianjur,15000.0,0.0,0.0,0.0,15000.0,15000.0,0.0,15000.0,0.0,0.0,100.0,2026-09-12 18:08:00,2026-09-12 18:08:00,,,-2.0,-2.0,0,0,False,Paid - On Time/Early,1,1,CNJ-CIB,Cash in Box,paid,ENTRY,0,,0,0,0,,2026-10-03 07:00:00,paid,END USER,15000.0,15000.0,15000.0,0.0,0.0,True,False,0.0,Payment date earlier than invoice date,Settled,External Customer,False
01a09f9a-1063-7228-bbdb-996d0b1a67e9,CJYR2609140005,2026-09-14 18:05:00.000,2026-09-17 18:05:00.000,paid,,01a09f98-f0a2-703f-a71d-81cc352e995a,USR001347,Grounding FS,EU,END USER,019490f2-0002-7000-8000-123456789002,CNJ,Cipta Cianjur,26000.0,0.0,0.0,0.0,26000.0,26000.0,0.0,26000.0,0.0,0.0,100.0,2026-09-12 18:08:00,2026-09-12 18:08:00,,,-2.0,-2.0,0,0,False,Paid - On Time/Early,1,1,CNJ-CIB,Cash in Box,paid,ENTRY,0,,0,0,0,,2026-10-03 07:00:00,paid,END USER,26000.0,26000.0,26000.0,0.0,0.0,True,False,0.0,Payment date earlier than invoice date,Settled,External Customer,False
01a09f9c-b0a2-74ad-bce5-736677cfc696,CJYR2609140006,2026-09-14 18:10:00.000,2026-09-17 18:10:00.000,paid,,019b8de1-c6ba-72a9-8e2e-b31b3e692b8b,CG0099,Hustle Sablon,AGEN,AGEN,019490f2-0002-7000-8000-123456789002,CNJ,Cipta Cianjur,6000.0,0.0,0.0,0.0,6000.0,6000.0,0.0,6000.0,0.0,0.0,100.0,2026-09-12 18:10:00,2026-09-12 18:10:00,,,-2.0,-2.0,0,0,False,Paid - On Time/Early,1,1,CNJ-CIB,Cash in Box,paid,ENTRY,0,,0,0,0,,2026-10-03 07:00:00,paid,AGEN,6000.0,6000.0,6000.0,0.0,0.0,True,False,0.0,Payment date earlier than invoice date,Settled,External Customer,False
01a09f9e-8cef-771f-8777-b6dbf316fd0b,CJYR2609140007,2026-09-14 18:11:00.000,2026-09-17 18:11:00.000,paid,,019b8de1-c6ba-72a9-8e2e-0d4f716bab06,CG0058,Perc. Hafidz,AGEN,AGEN,019490f2-0002-7000-8000-123456789002,CNJ,Cipta Cianjur,15000.0,0.0,0.0,0.0,15000.0,15000.0,0.0,15000.0,0.0,0.0,100.0,2026-09-12 18:13:00,2026-09-12 18:13:00,,,-2.0,-2.0,0,0,False,Paid - On Time/Early,1,1,CNJ-CIB,Cash in Box,paid,ENTRY,0,,0,0,0,,2026-10-03 07:00:00,paid,AGEN,15000.0,15000.0,15000.0,0.0,0.0,True,False,0.0,Payment date earlier than invoice date,Settled,External Customer,False
01a09fa1-3e5b-703b-acf0-49b4201fc4e6,CJYR2609140008,2026-09-14 18:15:00.000,2026-09-17 18:15:00.000,paid,,019b8de1-c6ba-72a9-8e2f-70f365c150f9,CG0147,Perc. Sakura,AGEN,AGEN,019490f2-0002-7000-8000-123456789002,CNJ,Cipta Cianjur,32000.0,0.0,0.0,0.0,32000.0,32000.0,0.0,32000.0,0.0,0.0,100.0,2026-09-12 18:15:00,2026-09-12 18:15:00,,,-2.0,-2.0,0,0,False,Paid - On Time/Early,1,1,CNJ-CIB,Cash in Box,paid,ENTRY,0,,0,0,0,,2026-10-03 07:00:00,paid,AGEN,32000.0,32000.0,32000.0,0.0,0.0,True,False,0.0,Payment date earlier than invoice date,Settled,External Customer,False
01a0c89a-2319-74ce-a04e-7060254d67cb,CJFA2609210001,2026-09-22 17:12:19.854,2026-09-22 18:12:19.854,paid,,01a06b2d-3135-758e-ab1e-e8edce4e8bcc,USR001329,Athaya Safa,EU,END USER,019490f2-0002-7000-8000-123456789002,CNJ,Cipta Cianjur,1000000.0,0.0,0.0,0.0,1000000.0,1000000.0,0.0,1000000.0,0.0,0.0,100.0,2026-09-21 17:12:00,2026-09-30 17:17:00,,,-1.0,8.0,8,0,False,Paid - Late,2,1,CNJ-BCA,BCA 2201,"dp, paid",ENTRY,0,,0,0,0,,2026-10-03 07:00:00,paid,END USER,1000000.0,1000000.0,1000000.0,0.0,0.0,True,False,0.0,Payment date earlier than invoice date,Settled,External Customer,True
01a0cd8e-de5b-7427-b12c-b917be123510,CJFA2609230005,2026-09-23 16:16:00.000,2026-09-26 16:16:00.000,dp,,019b8de1-c6b8-75ba-9064-3e35947e046c,INS0028,Herma Aesthetic,INSTANSI,INSTANSI,019490f2-0002-7000-8000-123456789002,CNJ,Cipta Cianjur,124000.0,0.0,0.0,0.0,124000.0,64000.0,0.0,64000.0,60000.0,0.0,51.61,2026-09-15 16:19:00,2026-09-15 16:19:00,,,-8.0,,0,7,True,Partially Paid - Overdue,1,1,CNJ-BCA,BCA 2201,dp,ENTRY,0,,0,0,0,,2026-10-03 07:00:00,dp,INSTANSI,124000.0,64000.0,64000.0,60000.0,0.0,False,True,60000.0,Payment date earlier than invoice date,1-30 Days,External Customer,False
01a0f001-a5c3-70ea-9990-92bdc08df6d4,CJFA2609280005,2026-09-30 08:50:34.935,2026-09-30 09:50:34.935,paid,,01a0e734-042a-7729-94ba-d9beba6d2d88,CG000028,Winda Wulandari,AGEN,AGEN,019490f2-0002-7000-8000-123456789002,CNJ,Cipta Cianjur,450000.0,0.0,0.0,0.0,450000.0,450000.0,0.0,450000.0,0.0,0.0,100.0,2026-09-28 20:01:00,2026-09-28 20:01:00,,,-2.0,-2.0,0,0,False,Paid - On Time/Early,1,1,CNJ-BCA,BCA 2201,paid,ENTRY,0,,0,0,0,,2026-10-03 07:00:00,paid,AGEN,450000.0,450000.0,450000.0,0.0,0.0,True,False,0.0,Payment date earlier than invoice date,Settled,External Customer,False
